LOCATION,PRECINCT,SERIAL,BALLOT GROUP,VOTE BY MAIL ONLY,REGISTRATION,TYPE,BALLOTS CAST,MARIO A GUERRA,SALLY M HAVICE,TONY MENDOZA,CARLOS R ARVIZU,IRELLA PEREZ
ARTESIA,0400001A,115,137,N,819,POLLING PLACE,86,6,2,73,0,2
ARTESIA,0400001A,115,137,N,0,VBM PORTION,27,4,1,19,0,2
ARTESIA,0400001A,115,137,N,819,TOTAL,113,10,3,92,0,4
ARTESIA,0400002A,116,137,N,1182,POLLING PLACE,78,40,10,28,0,0
ARTESIA,0400002A,116,137,N,0,VBM PORTION,137,47,17,56,0,7
ARTESIA,0400002A,116,137,N,1182,TOTAL,215,87,27,84,0,7
ARTESIA,0400004A,117,137,N,1004,POLLING PLACE,89,17,6,47,4,5
ARTESIA,0400004A,117,137,N,0,VBM PORTION,66,22,5,25,0,6
ARTESIA,0400004A,117,137,N,1004,TOTAL,155,39,11,72,4,11
ARTESIA,0400006A,118,137,N,1042,POLLING PLACE,77,22,12,38,1,3
ARTESIA,0400006A,118,137,N,0,VBM PORTION,66,30,4,21,0,9
ARTESIA,0400006A,118,137,N,1042,TOTAL,143,52,16,59,1,12
ARTESIA,0400007A,119,137,N,1049,POLLING PLACE,85,21,6,47,1,2
ARTESIA,0400007A,119,137,N,0,VBM PORTION,95,35,7,34,3,7
ARTESIA,0400007A,119,137,N,1049,TOTAL,180,56,13,81,4,9
ARTESIA,0400008A,120,137,N,1154,POLLING PLACE,81,23,10,40,0,1
ARTESIA,0400008A,120,137,N,0,VBM PORTION,102,33,19,30,1,5
ARTESIA,0400008A,120,137,N,1154,TOTAL,183,56,29,70,1,6
ARTESIA,0400010C,121,137,N,1140,POLLING PLACE,59,26,6,19,0,5
ARTESIA,0400010C,121,137,N,0,VBM PORTION,99,48,8,19,1,8
ARTESIA,0400010C,121,137,N,1140,TOTAL,158,74,14,38,1,13
AVOCADO HEIGHTS,0520003A,6015,126,Y,0,POLLING PLACE,0,0,0,0,0,0
AVOCADO HEIGHTS,0520003A,6015,126,Y,0,VBM PORTION,0,0,0,0,0,0
AVOCADO HEIGHTS,0520003A,6015,126,Y,0,TOTAL,0,0,0,0,0,0
BELLFLOWER,0750006A,205,139,N,881,POLLING PLACE,32,19,2,6,0,5
BELLFLOWER,0750006A,205,139,N,0,VBM PORTION,66,27,10,11,2,6
BELLFLOWER,0750006A,205,139,N,881,TOTAL,98,46,12,17,2,11
BELLFLOWER,0750009A,206,139,N,1116,POLLING PLACE,62,27,10,18,1,2
BELLFLOWER,0750009A,206,139,N,0,VBM PORTION,66,31,6,17,0,5
BELLFLOWER,0750009A,206,139,N,1116,TOTAL,128,58,16,35,1,7
BELLFLOWER,0750010A,207,139,N,1076,POLLING PLACE,55,12,16,25,0,2
BELLFLOWER,0750010A,207,139,N,0,VBM PORTION,36,11,8,12,0,2
BELLFLOWER,0750010A,207,139,N,1076,TOTAL,91,23,24,37,0,4
BELLFLOWER,0750011A,208,139,N,1082,POLLING PLACE,97,50,15,22,0,2
BELLFLOWER,0750011A,208,139,N,0,VBM PORTION,63,29,9,14,2,3
BELLFLOWER,0750011A,208,139,N,1082,TOTAL,160,79,24,36,2,5
BELLFLOWER,0750012A,209,137,N,603,POLLING PLACE,25,7,4,12,0,1
BELLFLOWER,0750012A,209,137,N,0,VBM PORTION,27,11,3,9,0,3
BELLFLOWER,0750012A,209,137,N,603,TOTAL,52,18,7,21,0,4
BELLFLOWER,0750012D,210,137,N,942,POLLING PLACE,26,13,0,7,0,3
BELLFLOWER,0750012D,210,137,N,0,VBM PORTION,20,5,4,4,0,4
BELLFLOWER,0750012D,210,137,N,942,TOTAL,46,18,4,11,0,7
BELLFLOWER,0750014A,211,139,N,1050,POLLING PLACE,61,21,10,21,2,3
BELLFLOWER,0750014A,211,139,N,0,VBM PORTION,51,15,13,12,0,6
BELLFLOWER,0750014A,211,139,N,1050,TOTAL,112,36,23,33,2,9
BELLFLOWER,0750016A,212,139,N,1224,POLLING PLACE,63,28,12,15,1,6
BELLFLOWER,0750016A,212,139,N,0,VBM PORTION,77,25,11,16,2,17
BELLFLOWER,0750016A,212,139,N,1224,TOTAL,140,53,23,31,3,23
BELLFLOWER,0750017B,213,139,N,1266,POLLING PLACE,41,16,4,15,1,3
BELLFLOWER,0750017B,213,139,N,0,VBM PORTION,43,13,6,12,1,8
BELLFLOWER,0750017B,213,139,N,1266,TOTAL,84,29,10,27,2,11
BELLFLOWER,0750019A,214,139,N,1161,POLLING PLACE,65,21,11,21,1,7
BELLFLOWER,0750019A,214,139,N,0,VBM PORTION,65,19,10,17,0,9
BELLFLOWER,0750019A,214,139,N,1161,TOTAL,130,40,21,38,1,16
BELLFLOWER,0750021A,215,139,N,856,POLLING PLACE,59,23,7,15,3,6
BELLFLOWER,0750021A,215,139,N,0,VBM PORTION,59,24,5,18,1,5
BELLFLOWER,0750021A,215,139,N,856,TOTAL,118,47,12,33,4,11
BELLFLOWER,0750022A,216,137,N,1054,POLLING PLACE,103,51,12,27,2,5
BELLFLOWER,0750022A,216,137,N,0,VBM PORTION,84,47,8,18,3,2
BELLFLOWER,0750022A,216,137,N,1054,TOTAL,187,98,20,45,5,7
BELLFLOWER,0750024A,217,139,N,1096,POLLING PLACE,64,20,12,20,3,3
BELLFLOWER,0750024A,217,139,N,0,VBM PORTION,59,27,6,15,3,5
BELLFLOWER,0750024A,217,139,N,1096,TOTAL,123,47,18,35,6,8
BELLFLOWER,0750025A,218,139,N,607,POLLING PLACE,37,18,4,10,1,3
BELLFLOWER,0750025A,218,139,N,0,VBM PORTION,60,25,11,20,0,2
BELLFLOWER,0750025A,218,139,N,607,TOTAL,97,43,15,30,1,5
BELLFLOWER,0750027A,219,137,N,1088,POLLING PLACE,70,18,10,32,2,1
BELLFLOWER,0750027A,219,137,N,0,VBM PORTION,72,21,10,15,3,12
BELLFLOWER,0750027A,219,137,N,1088,TOTAL,142,39,20,47,5,13
BELLFLOWER,0750028A,220,139,N,1236,POLLING PLACE,81,28,17,25,0,4
BELLFLOWER,0750028A,220,139,N,0,VBM PORTION,70,29,4,20,1,9
BELLFLOWER,0750028A,220,139,N,1236,TOTAL,151,57,21,45,1,13
BELLFLOWER,0750029C,221,137,N,857,POLLING PLACE,46,14,6,15,0,5
BELLFLOWER,0750029C,221,137,N,0,VBM PORTION,44,18,9,11,0,3
BELLFLOWER,0750029C,221,137,N,857,TOTAL,90,32,15,26,0,8
BELLFLOWER,0750030A,222,137,N,1124,POLLING PLACE,84,20,24,23,2,7
BELLFLOWER,0750030A,222,137,N,0,VBM PORTION,66,34,9,11,0,5
BELLFLOWER,0750030A,222,137,N,1124,TOTAL,150,54,33,34,2,12
BELLFLOWER,0750031C,223,137,N,958,POLLING PLACE,53,17,9,17,2,4
BELLFLOWER,0750031C,223,137,N,0,VBM PORTION,56,17,9,12,0,10
BELLFLOWER,0750031C,223,137,N,958,TOTAL,109,34,18,29,2,14
BELLFLOWER,0750032A,224,137,N,873,POLLING PLACE,48,18,6,15,2,5
BELLFLOWER,0750032A,224,137,N,0,VBM PORTION,28,10,2,9,2,4
BELLFLOWER,0750032A,224,137,N,873,TOTAL,76,28,8,24,4,9
BELLFLOWER,0750032C,225,137,N,742,POLLING PLACE,33,18,6,4,1,3
BELLFLOWER,0750032C,225,137,N,0,VBM PORTION,36,9,11,8,0,7
BELLFLOWER,0750032C,225,137,N,742,TOTAL,69,27,17,12,1,10
BELLFLOWER,0750033A,226,137,N,997,POLLING PLACE,76,44,6,15,1,6
BELLFLOWER,0750033A,226,137,N,0,VBM PORTION,54,25,7,7,1,8
BELLFLOWER,0750033A,226,137,N,997,TOTAL,130,69,13,22,2,14
BELLFLOWER,0750034A,227,137,N,934,POLLING PLACE,71,42,10,10,0,6
BELLFLOWER,0750034A,227,137,N,0,VBM PORTION,75,33,14,11,6,2
BELLFLOWER,0750034A,227,137,N,934,TOTAL,146,75,24,21,6,8
BELLFLOWER,0750035A,228,137,N,921,POLLING PLACE,51,9,11,21,1,6
BELLFLOWER,0750035A,228,137,N,0,VBM PORTION,76,33,13,19,2,6
BELLFLOWER,0750035A,228,137,N,921,TOTAL,127,42,24,40,3,12
BELLFLOWER,0750036A,229,137,N,1025,POLLING PLACE,36,9,2,11,4,7
BELLFLOWER,0750036A,229,137,N,0,VBM PORTION,32,9,5,7,0,6
BELLFLOWER,0750036A,229,137,N,1025,TOTAL,68,18,7,18,4,13
BELLFLOWER,0750037B,230,139,N,597,POLLING PLACE,44,16,8,10,0,5
BELLFLOWER,0750037B,230,139,N,0,VBM PORTION,31,10,4,4,4,5
BELLFLOWER,0750037B,230,139,N,597,TOTAL,75,26,12,14,4,10
BELLFLOWER,0750040A,231,137,N,1078,POLLING PLACE,54,12,6,25,0,7
BELLFLOWER,0750040A,231,137,N,0,VBM PORTION,37,7,4,19,1,6
BELLFLOWER,0750040A,231,137,N,1078,TOTAL,91,19,10,44,1,13
BELLFLOWER,0750040D,232,137,N,906,POLLING PLACE,49,16,7,16,0,6
BELLFLOWER,0750040D,232,137,N,0,VBM PORTION,28,7,2,12,0,5
BELLFLOWER,0750040D,232,137,N,906,TOTAL,77,23,9,28,0,11
BELLFLOWER,0750041A,233,137,N,1058,POLLING PLACE,86,34,13,22,2,10
BELLFLOWER,0750041A,233,137,N,0,VBM PORTION,73,29,12,13,2,10
BELLFLOWER,0750041A,233,137,N,1058,TOTAL,159,63,25,35,4,20
BELLFLOWER,0750042A,234,139,N,1215,POLLING PLACE,84,42,10,15,2,8
BELLFLOWER,0750042A,234,139,N,0,VBM PORTION,61,22,12,9,1,5
BELLFLOWER,0750042A,234,139,N,1215,TOTAL,145,64,22,24,3,13
BELLFLOWER,0750043A,235,137,N,764,POLLING PLACE,91,57,11,16,0,2
BELLFLOWER,0750043A,235,137,N,0,VBM PORTION,71,37,8,13,0,6
BELLFLOWER,0750043A,235,137,N,764,TOTAL,162,94,19,29,0,8
BELLFLOWER,0750044A,236,139,N,984,POLLING PLACE,74,29,10,10,1,12
BELLFLOWER,0750044A,236,139,N,0,VBM PORTION,55,24,8,8,4,5
BELLFLOWER,0750044A,236,139,N,984,TOTAL,129,53,18,18,5,17
BELLFLOWER,0750045A,237,139,N,739,POLLING PLACE,58,24,1,19,0,9
BELLFLOWER,0750045A,237,139,N,0,VBM PORTION,42,15,7,10,0,4
BELLFLOWER,0750045A,237,139,N,739,TOTAL,100,39,8,29,0,13
BELLFLOWER,0750048A,238,137,N,1060,POLLING PLACE,86,23,10,34,0,6
BELLFLOWER,0750048A,238,137,N,0,VBM PORTION,80,24,16,23,1,8
BELLFLOWER,0750048A,238,137,N,1060,TOTAL,166,47,26,57,1,14
BELLFLOWER,0750054B,239,137,N,1194,POLLING PLACE,34,9,7,14,1,1
BELLFLOWER,0750054B,239,137,N,0,VBM PORTION,55,18,12,14,1,6
BELLFLOWER,0750054B,239,137,N,1194,TOTAL,89,27,19,28,2,7
CERRITOS,1070001A,431,137,N,1063,POLLING PLACE,76,33,12,26,0,2
CERRITOS,1070001A,431,137,N,0,VBM PORTION,102,43,14,20,1,6
CERRITOS,1070001A,431,137,N,1063,TOTAL,178,76,26,46,1,8
CERRITOS,1070002A,432,137,N,1004,POLLING PLACE,94,37,15,34,1,0
CERRITOS,1070002A,432,137,N,0,VBM PORTION,80,39,12,20,0,5
CERRITOS,1070002A,432,137,N,1004,TOTAL,174,76,27,54,1,5
CERRITOS,1070003A,433,137,N,762,POLLING PLACE,100,31,20,36,2,6
CERRITOS,1070003A,433,137,N,0,VBM PORTION,68,29,8,19,3,7
CERRITOS,1070003A,433,137,N,762,TOTAL,168,60,28,55,5,13
CERRITOS,1070004A,434,137,N,642,POLLING PLACE,66,36,7,14,0,6
CERRITOS,1070004A,434,137,N,0,VBM PORTION,74,30,8,21,0,8
CERRITOS,1070004A,434,137,N,642,TOTAL,140,66,15,35,0,14
CERRITOS,1070006A,435,137,N,973,POLLING PLACE,92,48,13,28,0,0
CERRITOS,1070006A,435,137,N,0,VBM PORTION,96,37,12,32,0,5
CERRITOS,1070006A,435,137,N,973,TOTAL,188,85,25,60,0,5
CERRITOS,1070007A,436,137,N,853,POLLING PLACE,68,25,10,24,1,3
CERRITOS,1070007A,436,137,N,0,VBM PORTION,81,32,10,24,0,12
CERRITOS,1070007A,436,137,N,853,TOTAL,149,57,20,48,1,15
CERRITOS,1070008A,437,137,N,821,POLLING PLACE,81,29,7,33,0,6
CERRITOS,1070008A,437,137,N,0,VBM PORTION,98,36,20,21,0,8
CERRITOS,1070008A,437,137,N,821,TOTAL,179,65,27,54,0,14
CERRITOS,1070010A,438,137,N,1320,POLLING PLACE,121,52,16,37,1,9
CERRITOS,1070010A,438,137,N,0,VBM PORTION,118,47,22,30,3,6
CERRITOS,1070010A,438,137,N,1320,TOTAL,239,99,38,67,4,15
CERRITOS,1070011A,439,137,N,1017,POLLING PLACE,67,24,13,20,0,4
CERRITOS,1070011A,439,137,N,0,VBM PORTION,114,36,15,38,0,13
CERRITOS,1070011A,439,137,N,1017,TOTAL,181,60,28,58,0,17
CERRITOS,1070012A,440,137,N,1026,POLLING PLACE,73,30,9,26,1,4
CERRITOS,1070012A,440,137,N,0,VBM PORTION,109,45,11,26,0,15
CERRITOS,1070012A,440,137,N,1026,TOTAL,182,75,20,52,1,19
CERRITOS,1070013A,441,137,N,891,POLLING PLACE,92,42,17,24,0,5
CERRITOS,1070013A,441,137,N,0,VBM PORTION,72,26,13,19,2,6
CERRITOS,1070013A,441,137,N,891,TOTAL,164,68,30,43,2,11
CERRITOS,1070014A,442,137,N,861,POLLING PLACE,74,33,6,22,0,6
CERRITOS,1070014A,442,137,N,0,VBM PORTION,75,37,9,15,3,3
CERRITOS,1070014A,442,137,N,861,TOTAL,149,70,15,37,3,9
CERRITOS,1070016D,443,137,N,1260,POLLING PLACE,93,39,14,26,4,7
CERRITOS,1070016D,443,137,N,0,VBM PORTION,127,46,25,28,2,5
CERRITOS,1070016D,443,137,N,1260,TOTAL,220,85,39,54,6,12
CERRITOS,1070017A,444,137,N,1313,POLLING PLACE,132,39,13,56,0,10
CERRITOS,1070017A,444,137,N,0,VBM PORTION,183,67,19,52,4,14
CERRITOS,1070017A,444,137,N,1313,TOTAL,315,106,32,108,4,24
CERRITOS,1070018A,445,137,N,1050,POLLING PLACE,70,19,12,23,2,7
CERRITOS,1070018A,445,137,N,0,VBM PORTION,106,38,20,28,1,6
CERRITOS,1070018A,445,137,N,1050,TOTAL,176,57,32,51,3,13
CERRITOS,1070020A,446,137,N,1059,POLLING PLACE,102,45,12,37,0,4
CERRITOS,1070020A,446,137,N,0,VBM PORTION,84,46,12,9,1,10
CERRITOS,1070020A,446,137,N,1059,TOTAL,186,91,24,46,1,14
CERRITOS,1070021A,447,137,N,853,POLLING PLACE,70,19,20,24,0,4
CERRITOS,1070021A,447,137,N,0,VBM PORTION,116,44,20,29,0,11
CERRITOS,1070021A,447,137,N,853,TOTAL,186,63,40,53,0,15
CERRITOS,1070022A,448,137,N,1131,POLLING PLACE,76,29,11,16,4,11
CERRITOS,1070022A,448,137,N,0,VBM PORTION,113,37,22,21,0,12
CERRITOS,1070022A,448,137,N,1131,TOTAL,189,66,33,37,4,23
CERRITOS,1070023A,449,137,N,941,POLLING PLACE,72,24,13,26,0,3
CERRITOS,1070023A,449,137,N,0,VBM PORTION,105,38,11,28,1,8
CERRITOS,1070023A,449,137,N,941,TOTAL,177,62,24,54,1,11
CERRITOS,1070024A,450,137,N,757,POLLING PLACE,81,43,8,21,1,4
CERRITOS,1070024A,450,137,N,0,VBM PORTION,64,19,7,22,0,7
CERRITOS,1070024A,450,137,N,757,TOTAL,145,62,15,43,1,11
CERRITOS,1070025A,451,137,N,896,POLLING PLACE,86,33,8,31,0,6
CERRITOS,1070025A,451,137,N,0,VBM PORTION,82,29,5,28,3,3
CERRITOS,1070025A,451,137,N,896,TOTAL,168,62,13,59,3,9
CERRITOS,1070026A,452,137,N,1278,POLLING PLACE,130,48,15,45,1,6
CERRITOS,1070026A,452,137,N,0,VBM PORTION,143,55,16,30,2,17
CERRITOS,1070026A,452,137,N,1278,TOTAL,273,103,31,75,3,23
CERRITOS,1070028A,453,137,N,1150,POLLING PLACE,110,43,19,35,0,5
CERRITOS,1070028A,453,137,N,0,VBM PORTION,100,30,13,36,0,5
CERRITOS,1070028A,453,137,N,1150,TOTAL,210,73,32,71,0,10
CERRITOS,1070029A,454,137,N,982,POLLING PLACE,78,28,12,24,1,3
CERRITOS,1070029A,454,137,N,0,VBM PORTION,98,27,21,36,0,5
CERRITOS,1070029A,454,137,N,982,TOTAL,176,55,33,60,1,8
CERRITOS,1070031A,455,137,N,963,POLLING PLACE,106,53,19,25,0,3
CERRITOS,1070031A,455,137,N,0,VBM PORTION,114,49,22,21,1,6
CERRITOS,1070031A,455,137,N,963,TOTAL,220,102,41,46,1,9
CERRITOS,1070032A,456,137,N,984,POLLING PLACE,71,33,9,20,1,5
CERRITOS,1070032A,456,137,N,0,VBM PORTION,101,32,22,17,3,8
CERRITOS,1070032A,456,137,N,984,TOTAL,172,65,31,37,4,13
CERRITOS,1070036A,457,137,N,877,POLLING PLACE,79,38,14,20,1,2
CERRITOS,1070036A,457,137,N,0,VBM PORTION,141,58,12,39,3,12
CERRITOS,1070036A,457,137,N,877,TOTAL,220,96,26,59,4,14
CERRITOS,1070037A,458,137,N,873,POLLING PLACE,83,26,18,28,1,4
CERRITOS,1070037A,458,137,N,0,VBM PORTION,102,48,8,30,1,5
CERRITOS,1070037A,458,137,N,873,TOTAL,185,74,26,58,2,9
CERRITOS,1070040A,459,137,N,1005,POLLING PLACE,84,33,15,26,1,6
CERRITOS,1070040A,459,137,N,0,VBM PORTION,118,42,8,45,3,6
CERRITOS,1070040A,459,137,N,1005,TOTAL,202,75,23,71,4,12
CERRITOS,1070041A,460,137,N,1437,POLLING PLACE,148,52,28,55,0,5
CERRITOS,1070041A,460,137,N,0,VBM PORTION,160,52,34,46,0,5
CERRITOS,1070041A,460,137,N,1437,TOTAL,308,104,62,101,0,10
CERRITOS,1070048A,461,137,N,1135,POLLING PLACE,69,28,19,16,1,3
CERRITOS,1070048A,461,137,N,0,VBM PORTION,101,31,29,20,0,8
CERRITOS,1070048A,461,137,N,1135,TOTAL,170,59,48,36,1,11
CERRITOS,1070070B,462,137,N,417,POLLING PLACE,34,13,3,13,0,1
CERRITOS,1070070B,462,137,N,0,VBM PORTION,37,17,2,14,1,3
CERRITOS,1070070B,462,137,N,417,TOTAL,71,30,5,27,1,4
COMMERCE,1430002A,505,135,N,696,POLLING PLACE,57,7,7,23,1,11
COMMERCE,1430002A,505,135,N,0,VBM PORTION,12,0,2,8,1,1
COMMERCE,1430002A,505,135,N,696,TOTAL,69,7,9,31,2,12
COMMERCE,1430003A,6035,134,Y,0,POLLING PLACE,0,0,0,0,0,0
COMMERCE,1430003A,6035,134,Y,0,VBM PORTION,0,0,0,0,0,0
COMMERCE,1430003A,6035,134,Y,0,TOTAL,0,0,0,0,0,0
COMMERCE,1430009A,506,135,N,1086,POLLING PLACE,73,4,10,41,0,10
COMMERCE,1430009A,506,135,N,0,VBM PORTION,39,9,2,16,4,2
COMMERCE,1430009A,506,135,N,1086,TOTAL,112,13,12,57,4,12
COMMERCE,1430031A,507,135,N,798,POLLING PLACE,105,22,3,50,8,15
COMMERCE,1430031A,507,135,N,0,VBM PORTION,48,13,3,19,2,9
COMMERCE,1430031A,507,135,N,798,TOTAL,153,35,6,69,10,24
COMMERCE,1430033A,508,135,N,1053,POLLING PLACE,61,8,4,34,2,11
COMMERCE,1430033A,508,135,N,0,VBM PORTION,37,8,4,16,0,4
COMMERCE,1430033A,508,135,N,1053,TOTAL,98,16,8,50,2,15
COMMERCE,1430034A,509,135,N,644,POLLING PLACE,45,8,9,17,1,8
COMMERCE,1430034A,509,135,N,0,VBM PORTION,32,3,6,19,0,2
COMMERCE,1430034A,509,135,N,644,TOTAL,77,11,15,36,1,10
COMMERCE,1430035A,510,135,N,1029,POLLING PLACE,57,10,8,29,1,6
COMMERCE,1430035A,510,135,N,0,VBM PORTION,40,6,7,17,0,6
COMMERCE,1430035A,510,135,N,1029,TOTAL,97,16,15,46,1,12
COMMERCE,1430036A,511,135,N,950,POLLING PLACE,46,11,6,13,0,9
COMMERCE,1430036A,511,135,N,0,VBM PORTION,29,6,1,8,0,8
COMMERCE,1430036A,511,135,N,950,TOTAL,75,17,7,21,0,17
DOWNEY,1850001A,660,138,N,1115,POLLING PLACE,80,30,11,23,3,10
DOWNEY,1850001A,660,138,N,0,VBM PORTION,74,35,16,16,1,2
DOWNEY,1850001A,660,138,N,1115,TOTAL,154,65,27,39,4,12
DOWNEY,1850002A,661,138,N,451,POLLING PLACE,26,14,0,7,1,2
DOWNEY,1850002A,661,138,N,0,VBM PORTION,14,4,2,6,0,0
DOWNEY,1850002A,661,138,N,451,TOTAL,40,18,2,13,1,2
DOWNEY,1850002C,662,138,N,596,POLLING PLACE,48,9,9,18,2,5
DOWNEY,1850002C,662,138,N,0,VBM PORTION,28,15,3,4,0,0
DOWNEY,1850002C,662,138,N,596,TOTAL,76,24,12,22,2,5
DOWNEY,1850006B,663,138,N,709,POLLING PLACE,23,10,2,4,1,4
DOWNEY,1850006B,663,138,N,0,VBM PORTION,19,5,3,4,0,5
DOWNEY,1850006B,663,138,N,709,TOTAL,42,15,5,8,1,9
DOWNEY,1850008A,664,138,N,994,POLLING PLACE,122,50,19,25,1,18
DOWNEY,1850008A,664,138,N,0,VBM PORTION,48,22,6,7,0,6
DOWNEY,1850008A,664,138,N,994,TOTAL,170,72,25,32,1,24
DOWNEY,1850009A,665,138,N,1056,POLLING PLACE,98,43,20,21,5,6
DOWNEY,1850009A,665,138,N,0,VBM PORTION,81,37,9,18,4,6
DOWNEY,1850009A,665,138,N,1056,TOTAL,179,80,29,39,9,12
DOWNEY,1850010A,666,138,N,626,POLLING PLACE,56,25,8,13,2,4
DOWNEY,1850010A,666,138,N,0,VBM PORTION,37,5,8,10,1,9
DOWNEY,1850010A,666,138,N,626,TOTAL,93,30,16,23,3,13
DOWNEY,1850011A,667,138,N,668,POLLING PLACE,46,19,7,11,2,4
DOWNEY,1850011A,667,138,N,0,VBM PORTION,22,10,1,4,3,0
DOWNEY,1850011A,667,138,N,668,TOTAL,68,29,8,15,5,4
DOWNEY,1850011B,668,138,N,670,POLLING PLACE,33,13,7,5,0,6
DOWNEY,1850011B,668,138,N,0,VBM PORTION,25,7,6,6,0,6
DOWNEY,1850011B,668,138,N,670,TOTAL,58,20,13,11,0,12
DOWNEY,1850012A,669,138,N,794,POLLING PLACE,92,31,16,27,1,12
DOWNEY,1850012A,669,138,N,0,VBM PORTION,37,9,4,17,1,2
DOWNEY,1850012A,669,138,N,794,TOTAL,129,40,20,44,2,14
DOWNEY,1850013A,670,138,N,1025,POLLING PLACE,105,30,14,32,2,24
DOWNEY,1850013A,670,138,N,0,VBM PORTION,46,16,4,19,1,4
DOWNEY,1850013A,670,138,N,1025,TOTAL,151,46,18,51,3,28
DOWNEY,1850015A,671,138,N,1094,POLLING PLACE,119,44,7,49,3,12
DOWNEY,1850015A,671,138,N,0,VBM PORTION,65,20,6,20,1,13
DOWNEY,1850015A,671,138,N,1094,TOTAL,184,64,13,69,4,25
DOWNEY,1850016A,672,138,N,1168,POLLING PLACE,182,122,18,18,5,4
DOWNEY,1850016A,672,138,N,0,VBM PORTION,62,43,7,4,0,3
DOWNEY,1850016A,672,138,N,1168,TOTAL,244,165,25,22,5,7
DOWNEY,1850017A,673,138,N,1263,POLLING PLACE,96,38,7,25,3,13
DOWNEY,1850017A,673,138,N,0,VBM PORTION,69,38,10,14,0,6
DOWNEY,1850017A,673,138,N,1263,TOTAL,165,76,17,39,3,19
DOWNEY,1850019A,674,138,N,1291,POLLING PLACE,106,51,10,21,4,11
DOWNEY,1850019A,674,138,N,0,VBM PORTION,77,43,6,9,3,7
DOWNEY,1850019A,674,138,N,1291,TOTAL,183,94,16,30,7,18
DOWNEY,1850023A,675,138,N,880,POLLING PLACE,63,29,8,14,4,3
DOWNEY,1850023A,675,138,N,0,VBM PORTION,45,24,4,7,0,7
DOWNEY,1850023A,675,138,N,880,TOTAL,108,53,12,21,4,10
DOWNEY,1850024A,676,138,N,975,POLLING PLACE,101,59,3,27,1,8
DOWNEY,1850024A,676,138,N,0,VBM PORTION,74,32,10,15,3,5
DOWNEY,1850024A,676,138,N,975,TOTAL,175,91,13,42,4,13
DOWNEY,1850025A,677,138,N,831,POLLING PLACE,95,43,6,31,3,5
DOWNEY,1850025A,677,138,N,0,VBM PORTION,62,24,7,13,3,7
DOWNEY,1850025A,677,138,N,831,TOTAL,157,67,13,44,6,12
DOWNEY,1850027A,678,138,N,1012,POLLING PLACE,78,36,11,18,1,5
DOWNEY,1850027A,678,138,N,0,VBM PORTION,49,27,7,6,0,6
DOWNEY,1850027A,678,138,N,1012,TOTAL,127,63,18,24,1,11
DOWNEY,1850028A,679,138,N,1213,POLLING PLACE,126,57,12,33,3,10
DOWNEY,1850028A,679,138,N,0,VBM PORTION,85,44,5,22,6,3
DOWNEY,1850028A,679,138,N,1213,TOTAL,211,101,17,55,9,13
DOWNEY,1850029B,680,138,N,767,POLLING PLACE,102,62,11,20,1,5
DOWNEY,1850029B,680,138,N,0,VBM PORTION,75,35,8,15,0,9
DOWNEY,1850029B,680,138,N,767,TOTAL,177,97,19,35,1,14
DOWNEY,1850030A,681,138,N,1253,POLLING PLACE,145,100,6,22,2,9
DOWNEY,1850030A,681,138,N,0,VBM PORTION,71,43,8,7,2,9
DOWNEY,1850030A,681,138,N,1253,TOTAL,216,143,14,29,4,18
DOWNEY,1850031A,682,138,N,797,POLLING PLACE,55,27,6,14,2,4
DOWNEY,1850031A,682,138,N,0,VBM PORTION,42,19,5,7,2,6
DOWNEY,1850031A,682,138,N,797,TOTAL,97,46,11,21,4,10
DOWNEY,1850032A,683,138,N,986,POLLING PLACE,85,32,8,36,2,5
DOWNEY,1850032A,683,138,N,0,VBM PORTION,66,36,6,16,0,4
DOWNEY,1850032A,683,138,N,986,TOTAL,151,68,14,52,2,9
DOWNEY,1850033A,684,138,N,987,POLLING PLACE,110,60,12,18,8,10
DOWNEY,1850033A,684,138,N,0,VBM PORTION,58,35,6,9,1,1
DOWNEY,1850033A,684,138,N,987,TOTAL,168,95,18,27,9,11
DOWNEY,1850034B,685,138,N,807,POLLING PLACE,66,33,12,12,0,5
DOWNEY,1850034B,685,138,N,0,VBM PORTION,26,12,4,6,1,1
DOWNEY,1850034B,685,138,N,807,TOTAL,92,45,16,18,1,6
DOWNEY,1850038A,686,138,N,1086,POLLING PLACE,123,65,14,27,5,9
DOWNEY,1850038A,686,138,N,0,VBM PORTION,79,42,9,19,0,3
DOWNEY,1850038A,686,138,N,1086,TOTAL,202,107,23,46,5,12
DOWNEY,1850040A,687,138,N,895,POLLING PLACE,101,52,5,16,9,8
DOWNEY,1850040A,687,138,N,0,VBM PORTION,47,21,8,7,1,4
DOWNEY,1850040A,687,138,N,895,TOTAL,148,73,13,23,10,12
DOWNEY,1850041A,688,138,N,1227,POLLING PLACE,91,54,10,10,2,8
DOWNEY,1850041A,688,138,N,0,VBM PORTION,64,25,6,17,5,7
DOWNEY,1850041A,688,138,N,1227,TOTAL,155,79,16,27,7,15
DOWNEY,1850043A,689,138,N,944,POLLING PLACE,124,60,15,37,5,2
DOWNEY,1850043A,689,138,N,0,VBM PORTION,84,36,11,14,3,7
DOWNEY,1850043A,689,138,N,944,TOTAL,208,96,26,51,8,9
DOWNEY,1850045A,690,138,N,584,POLLING PLACE,82,38,13,11,1,8
DOWNEY,1850045A,690,138,N,0,VBM PORTION,49,25,10,6,2,3
DOWNEY,1850045A,690,138,N,584,TOTAL,131,63,23,17,3,11
DOWNEY,1850046A,691,138,N,623,POLLING PLACE,63,28,11,12,3,4
DOWNEY,1850046A,691,138,N,0,VBM PORTION,43,24,1,5,1,11
DOWNEY,1850046A,691,138,N,623,TOTAL,106,52,12,17,4,15
DOWNEY,1850047A,692,138,N,927,POLLING PLACE,129,50,15,30,3,15
DOWNEY,1850047A,692,138,N,0,VBM PORTION,72,34,12,9,3,8
DOWNEY,1850047A,692,138,N,927,TOTAL,201,84,27,39,6,23
DOWNEY,1850050A,693,138,N,946,POLLING PLACE,109,47,14,30,3,6
DOWNEY,1850050A,693,138,N,0,VBM PORTION,59,30,3,15,0,4
DOWNEY,1850050A,693,138,N,946,TOTAL,168,77,17,45,3,10
DOWNEY,1850051B,694,138,N,861,POLLING PLACE,130,69,15,17,3,7
DOWNEY,1850051B,694,138,N,0,VBM PORTION,73,40,15,11,0,3
DOWNEY,1850051B,694,138,N,861,TOTAL,203,109,30,28,3,10
DOWNEY,1850055A,695,138,N,762,POLLING PLACE,95,67,9,11,0,5
DOWNEY,1850055A,695,138,N,0,VBM PORTION,66,27,8,12,2,8
DOWNEY,1850055A,695,138,N,762,TOTAL,161,94,17,23,2,13
DOWNEY,1850056C,696,138,N,1176,POLLING PLACE,86,39,8,21,5,4
DOWNEY,1850056C,696,138,N,0,VBM PORTION,46,16,8,8,4,8
DOWNEY,1850056C,696,138,N,1176,TOTAL,132,55,16,29,9,12
DOWNEY,1850057A,697,138,N,773,POLLING PLACE,36,14,5,11,0,3
DOWNEY,1850057A,697,138,N,0,VBM PORTION,22,11,4,3,1,3
DOWNEY,1850057A,697,138,N,773,TOTAL,58,25,9,14,1,6
DOWNEY,1850058A,698,138,N,844,POLLING PLACE,57,19,9,16,5,5
DOWNEY,1850058A,698,138,N,0,VBM PORTION,31,10,4,6,1,4
DOWNEY,1850058A,698,138,N,844,TOTAL,88,29,13,22,6,9
DOWNEY,1850059A,699,138,N,438,POLLING PLACE,68,40,7,7,3,5
DOWNEY,1850059A,699,138,N,0,VBM PORTION,22,16,3,1,0,0
DOWNEY,1850059A,699,138,N,438,TOTAL,90,56,10,8,3,5
DOWNEY,1850062A,700,138,N,1029,POLLING PLACE,129,74,14,22,7,5
DOWNEY,1850062A,700,138,N,0,VBM PORTION,84,51,8,11,0,6
DOWNEY,1850062A,700,138,N,1029,TOTAL,213,125,22,33,7,11
DOWNEY,1850063A,701,138,N,805,POLLING PLACE,69,25,12,18,0,6
DOWNEY,1850063A,701,138,N,0,VBM PORTION,40,18,4,6,2,8
DOWNEY,1850063A,701,138,N,805,TOTAL,109,43,16,24,2,14
DOWNEY,1850064A,702,138,N,816,POLLING PLACE,45,14,7,18,0,2
DOWNEY,1850064A,702,138,N,0,VBM PORTION,40,13,3,19,1,2
DOWNEY,1850064A,702,138,N,816,TOTAL,85,27,10,37,1,4
DOWNEY,1850065A,703,138,N,1051,POLLING PLACE,122,65,13,25,3,9
DOWNEY,1850065A,703,138,N,0,VBM PORTION,70,20,9,26,3,4
DOWNEY,1850065A,703,138,N,1051,TOTAL,192,85,22,51,6,13
DOWNEY,1850067A,704,138,N,791,POLLING PLACE,112,68,13,20,2,3
DOWNEY,1850067A,704,138,N,0,VBM PORTION,57,31,8,11,1,3
DOWNEY,1850067A,704,138,N,791,TOTAL,169,99,21,31,3,6
DOWNEY,1850071A,705,138,N,964,POLLING PLACE,141,84,19,25,1,6
DOWNEY,1850071A,705,138,N,0,VBM PORTION,90,56,13,10,2,7
DOWNEY,1850071A,705,138,N,964,TOTAL,231,140,32,35,3,13
DOWNEY,1850073A,706,138,N,858,POLLING PLACE,139,97,11,21,0,5
DOWNEY,1850073A,706,138,N,0,VBM PORTION,85,50,11,13,0,6
DOWNEY,1850073A,706,138,N,858,TOTAL,224,147,22,34,0,11
DOWNEY,1850074B,707,138,N,708,POLLING PLACE,91,36,15,29,0,5
DOWNEY,1850074B,707,138,N,0,VBM PORTION,45,25,4,13,0,0
DOWNEY,1850074B,707,138,N,708,TOTAL,136,61,19,42,0,5
DOWNEY,1850076A,708,138,N,1131,POLLING PLACE,157,83,16,35,6,6
DOWNEY,1850076A,708,138,N,0,VBM PORTION,79,42,12,11,2,5
DOWNEY,1850076A,708,138,N,1131,TOTAL,236,125,28,46,8,11
DOWNEY,1850079A,709,138,N,1085,POLLING PLACE,191,112,23,37,3,13
DOWNEY,1850079A,709,138,N,0,VBM PORTION,73,38,7,8,5,9
DOWNEY,1850079A,709,138,N,1085,TOTAL,264,150,30,45,8,22
DOWNEY,1850080A,710,138,N,914,POLLING PLACE,127,77,19,19,2,4
DOWNEY,1850080A,710,138,N,0,VBM PORTION,62,24,9,15,0,7
DOWNEY,1850080A,710,138,N,914,TOTAL,189,101,28,34,2,11
DOWNEY,1850081A,711,138,N,1245,POLLING PLACE,116,64,13,23,3,6
DOWNEY,1850081A,711,138,N,0,VBM PORTION,88,44,9,17,0,9
DOWNEY,1850081A,711,138,N,1245,TOTAL,204,108,22,40,3,15
DOWNEY,1850082B,712,138,N,1080,POLLING PLACE,103,43,11,23,8,9
DOWNEY,1850082B,712,138,N,0,VBM PORTION,95,36,12,25,6,6
DOWNEY,1850082B,712,138,N,1080,TOTAL,198,79,23,48,14,15
DOWNEY,1850083A,713,138,N,1101,POLLING PLACE,132,56,14,36,3,14
DOWNEY,1850083A,713,138,N,0,VBM PORTION,73,39,10,12,2,6
DOWNEY,1850083A,713,138,N,1101,TOTAL,205,95,24,48,5,20
DOWNEY,1850089A,714,138,N,915,POLLING PLACE,72,36,10,15,3,6
DOWNEY,1850089A,714,138,N,0,VBM PORTION,53,25,6,13,2,5
DOWNEY,1850089A,714,138,N,915,TOTAL,125,61,16,28,5,11
DOWNEY,1850094A,715,138,N,412,POLLING PLACE,57,30,5,4,2,8
DOWNEY,1850094A,715,138,N,0,VBM PORTION,30,19,7,2,0,0
DOWNEY,1850094A,715,138,N,412,TOTAL,87,49,12,6,2,8
DOWNEY,1850102A,716,138,N,1117,POLLING PLACE,176,110,16,37,1,8
DOWNEY,1850102A,716,138,N,0,VBM PORTION,69,30,4,15,0,4
DOWNEY,1850102A,716,138,N,1117,TOTAL,245,140,20,52,1,12
DOWNEY,1850138A,717,138,N,820,POLLING PLACE,102,69,11,12,1,4
DOWNEY,1850138A,717,138,N,0,VBM PORTION,56,29,9,6,1,4
DOWNEY,1850138A,717,138,N,820,TOTAL,158,98,20,18,2,8
DOWNEY,1850150A,718,138,N,689,POLLING PLACE,65,40,3,14,2,4
DOWNEY,1850150A,718,138,N,0,VBM PORTION,21,10,2,4,2,2
DOWNEY,1850150A,718,138,N,689,TOTAL,86,50,5,18,4,6
DOWNEY,1850151A,719,138,N,1068,POLLING PLACE,143,85,21,19,2,3
DOWNEY,1850151A,719,138,N,0,VBM PORTION,126,75,17,11,1,7
DOWNEY,1850151A,719,138,N,1068,TOTAL,269,160,38,30,3,10
EAST WHITTIER,2050048A,790,133,N,470,POLLING PLACE,70,44,1,16,0,4
EAST WHITTIER,2050048A,790,133,N,0,VBM PORTION,69,38,7,7,1,6
EAST WHITTIER,2050048A,790,133,N,470,TOTAL,139,82,8,23,1,10
HACIENDA HEIGHTS,2630016A,1011,133,N,1284,POLLING PLACE,112,43,10,34,2,13
HACIENDA HEIGHTS,2630016A,1011,133,N,0,VBM PORTION,125,63,12,17,5,13
HACIENDA HEIGHTS,2630016A,1011,133,N,1284,TOTAL,237,106,22,51,7,26
HACIENDA HEIGHTS,2630018A,1012,133,N,1413,POLLING PLACE,122,40,20,35,2,14
HACIENDA HEIGHTS,2630018A,1012,133,N,0,VBM PORTION,146,59,12,35,1,22
HACIENDA HEIGHTS,2630018A,1012,133,N,1413,TOTAL,268,99,32,70,3,36
HACIENDA HEIGHTS,2630023A,1013,133,N,923,POLLING PLACE,41,18,5,14,1,3
HACIENDA HEIGHTS,2630023A,1013,133,N,0,VBM PORTION,49,17,9,15,0,4
HACIENDA HEIGHTS,2630023A,1013,133,N,923,TOTAL,90,35,14,29,1,7
HACIENDA HEIGHTS,2630026A,1014,133,N,545,POLLING PLACE,28,6,5,11,0,4
HACIENDA HEIGHTS,2630026A,1014,133,N,0,VBM PORTION,16,5,2,7,0,2
HACIENDA HEIGHTS,2630026A,1014,133,N,545,TOTAL,44,11,7,18,0,6
HACIENDA HEIGHTS,2630036A,1015,133,N,785,POLLING PLACE,61,19,8,16,1,13
HACIENDA HEIGHTS,2630036A,1015,133,N,0,VBM PORTION,59,20,7,17,3,8
HACIENDA HEIGHTS,2630036A,1015,133,N,785,TOTAL,120,39,15,33,4,21
HACIENDA HEIGHTS,2630049A,1016,133,N,1119,POLLING PLACE,100,52,1,28,0,6
HACIENDA HEIGHTS,2630049A,1016,133,N,0,VBM PORTION,104,59,6,14,5,6
HACIENDA HEIGHTS,2630049A,1016,133,N,1119,TOTAL,204,111,7,42,5,12
HACIENDA HEIGHTS,2630062A,1017,133,N,1130,POLLING PLACE,48,16,3,20,1,5
HACIENDA HEIGHTS,2630062A,1017,133,N,0,VBM PORTION,72,36,4,16,1,11
HACIENDA HEIGHTS,2630062A,1017,133,N,1130,TOTAL,120,52,7,36,2,16
HACIENDA HEIGHTS,2630064A,1018,133,N,1009,POLLING PLACE,79,19,11,20,3,19
HACIENDA HEIGHTS,2630064A,1018,133,N,0,VBM PORTION,69,25,7,20,3,10
HACIENDA HEIGHTS,2630064A,1018,133,N,1009,TOTAL,148,44,18,40,6,29
HACIENDA HEIGHTS,2630066A,1019,133,N,1125,POLLING PLACE,93,47,6,25,3,4
HACIENDA HEIGHTS,2630066A,1019,133,N,0,VBM PORTION,98,39,11,21,0,16
HACIENDA HEIGHTS,2630066A,1019,133,N,1125,TOTAL,191,86,17,46,3,20
HACIENDA HEIGHTS,2630066B,1020,133,N,1028,POLLING PLACE,67,23,6,22,0,12
HACIENDA HEIGHTS,2630066B,1020,133,N,0,VBM PORTION,60,25,6,12,4,10
HACIENDA HEIGHTS,2630066B,1020,133,N,1028,TOTAL,127,48,12,34,4,22
HACIENDA HEIGHTS,2630081A,1021,133,N,790,POLLING PLACE,71,35,5,15,2,11
HACIENDA HEIGHTS,2630081A,1021,133,N,0,VBM PORTION,86,30,6,20,1,12
HACIENDA HEIGHTS,2630081A,1021,133,N,790,TOTAL,157,65,11,35,3,23
HACIENDA HEIGHTS,2630083A,1022,133,N,1138,POLLING PLACE,93,42,7,27,0,12
HACIENDA HEIGHTS,2630083A,1022,133,N,0,VBM PORTION,154,77,11,29,2,11
HACIENDA HEIGHTS,2630083A,1022,133,N,1138,TOTAL,247,119,18,56,2,23
HACIENDA HEIGHTS,2630093A,1023,133,N,939,POLLING PLACE,94,52,2,21,2,15
HACIENDA HEIGHTS,2630093A,1023,133,N,0,VBM PORTION,88,44,3,5,2,13
HACIENDA HEIGHTS,2630093A,1023,133,N,939,TOTAL,182,96,5,26,4,28
HACIENDA HEIGHTS,2630097A,1024,133,N,906,POLLING PLACE,54,14,7,15,2,12
HACIENDA HEIGHTS,2630097A,1024,133,N,0,VBM PORTION,42,21,3,8,1,7
HACIENDA HEIGHTS,2630097A,1024,133,N,906,TOTAL,96,35,10,23,3,19
HACIENDA HEIGHTS,2630142A,1025,133,N,1075,POLLING PLACE,92,42,4,22,3,13
HACIENDA HEIGHTS,2630142A,1025,133,N,0,VBM PORTION,152,69,12,18,1,26
HACIENDA HEIGHTS,2630142A,1025,133,N,1075,TOTAL,244,111,16,40,4,39
HACIENDA HEIGHTS,2630158C,1026,133,N,1154,POLLING PLACE,98,46,6,21,5,9
HACIENDA HEIGHTS,2630158C,1026,133,N,0,VBM PORTION,141,71,13,19,0,12
HACIENDA HEIGHTS,2630158C,1026,133,N,1154,TOTAL,239,117,19,40,5,21
HACIENDA HEIGHTS,2630172A,1027,133,N,1399,POLLING PLACE,101,44,10,23,1,11
HACIENDA HEIGHTS,2630172A,1027,133,N,0,VBM PORTION,145,63,6,30,3,15
HACIENDA HEIGHTS,2630172A,1027,133,N,1399,TOTAL,246,107,16,53,4,26
HACIENDA HEIGHTS,2630177A,1028,133,N,944,POLLING PLACE,77,31,7,22,3,5
HACIENDA HEIGHTS,2630177A,1028,133,N,0,VBM PORTION,120,49,19,10,1,23
HACIENDA HEIGHTS,2630177A,1028,133,N,944,TOTAL,197,80,26,32,4,28
HACIENDA HEIGHTS,2630179A,1029,133,N,1200,POLLING PLACE,61,27,1,10,1,14
HACIENDA HEIGHTS,2630179A,1029,133,N,0,VBM PORTION,125,52,5,22,5,17
HACIENDA HEIGHTS,2630179A,1029,133,N,1200,TOTAL,186,79,6,32,6,31
HACIENDA HEIGHTS,2630190A,1030,133,N,1044,POLLING PLACE,107,49,5,31,1,13
HACIENDA HEIGHTS,2630190A,1030,133,N,0,VBM PORTION,97,54,3,12,2,16
HACIENDA HEIGHTS,2630190A,1030,133,N,1044,TOTAL,204,103,8,43,3,29
HACIENDA HEIGHTS,2630191B,1031,133,N,790,POLLING PLACE,49,19,3,17,2,1
HACIENDA HEIGHTS,2630191B,1031,133,N,0,VBM PORTION,57,17,5,11,0,10
HACIENDA HEIGHTS,2630191B,1031,133,N,790,TOTAL,106,36,8,28,2,11
HACIENDA HEIGHTS,2630192A,1032,133,N,985,POLLING PLACE,91,44,7,22,2,9
HACIENDA HEIGHTS,2630192A,1032,133,N,0,VBM PORTION,70,38,6,12,0,7
HACIENDA HEIGHTS,2630192A,1032,133,N,985,TOTAL,161,82,13,34,2,16
HACIENDA HEIGHTS,2630193C,1033,133,N,1227,POLLING PLACE,106,37,11,24,8,20
HACIENDA HEIGHTS,2630193C,1033,133,N,0,VBM PORTION,70,24,5,23,2,3
HACIENDA HEIGHTS,2630193C,1033,133,N,1227,TOTAL,176,61,16,47,10,23
HACIENDA HEIGHTS,2630195A,1034,133,N,1044,POLLING PLACE,107,36,10,39,2,13
HACIENDA HEIGHTS,2630195A,1034,133,N,0,VBM PORTION,85,37,3,21,2,7
HACIENDA HEIGHTS,2630195A,1034,133,N,1044,TOTAL,192,73,13,60,4,20
HACIENDA HEIGHTS,2630199A,1035,133,N,1204,POLLING PLACE,139,67,14,20,4,16
HACIENDA HEIGHTS,2630199A,1035,133,N,0,VBM PORTION,153,80,9,26,0,13
HACIENDA HEIGHTS,2630199A,1035,133,N,1204,TOTAL,292,147,23,46,4,29
HACIENDA HEIGHTS,2630202A,1036,133,N,1172,POLLING PLACE,99,48,10,22,1,9
HACIENDA HEIGHTS,2630202A,1036,133,N,0,VBM PORTION,98,43,7,19,1,12
HACIENDA HEIGHTS,2630202A,1036,133,N,1172,TOTAL,197,91,17,41,2,21
HACIENDA HEIGHTS,2630205A,1037,133,N,1272,POLLING PLACE,96,44,12,16,0,14
HACIENDA HEIGHTS,2630205A,1037,133,N,0,VBM PORTION,169,98,9,14,0,14
HACIENDA HEIGHTS,2630205A,1037,133,N,1272,TOTAL,265,142,21,30,0,28
HACIENDA HEIGHTS,2630206A,1038,133,N,1033,POLLING PLACE,52,11,9,15,3,10
HACIENDA HEIGHTS,2630206A,1038,133,N,0,VBM PORTION,68,19,6,23,4,8
HACIENDA HEIGHTS,2630206A,1038,133,N,1033,TOTAL,120,30,15,38,7,18
HAWAIIAN GARDENS,2650001A,1039,166,N,1190,POLLING PLACE,72,21,10,28,0,10
HAWAIIAN GARDENS,2650001A,1039,166,N,0,VBM PORTION,114,39,20,33,2,10
HAWAIIAN GARDENS,2650001A,1039,166,N,1190,TOTAL,186,60,30,61,2,20
HAWAIIAN GARDENS,2650002C,1040,166,N,899,POLLING PLACE,59,17,5,31,0,4
HAWAIIAN GARDENS,2650002C,1040,166,N,0,VBM PORTION,92,28,9,39,3,9
HAWAIIAN GARDENS,2650002C,1040,166,N,899,TOTAL,151,45,14,70,3,13
HAWAIIAN GARDENS,2650004A,1041,166,N,707,POLLING PLACE,31,7,3,18,0,3
HAWAIIAN GARDENS,2650004A,1041,166,N,0,VBM PORTION,19,10,2,4,0,2
HAWAIIAN GARDENS,2650004A,1041,166,N,707,TOTAL,50,17,5,22,0,5
HAWAIIAN GARDENS,2650005A,1042,166,N,1080,POLLING PLACE,70,17,4,38,1,4
HAWAIIAN GARDENS,2650005A,1042,166,N,0,VBM PORTION,52,11,12,20,1,1
HAWAIIAN GARDENS,2650005A,1042,166,N,1080,TOTAL,122,28,16,58,2,5
HAWAIIAN GARDENS,2650006A,1043,166,N,825,POLLING PLACE,60,9,5,33,0,10
HAWAIIAN GARDENS,2650006A,1043,166,N,0,VBM PORTION,34,7,1,18,2,5
HAWAIIAN GARDENS,2650006A,1043,166,N,825,TOTAL,94,16,6,51,2,15
HAWAIIAN GARDENS,2650006B,6059,166,Y,0,POLLING PLACE,0,0,0,0,0,0
HAWAIIAN GARDENS,2650006B,6059,166,Y,0,VBM PORTION,0,0,0,0,0,0
HAWAIIAN GARDENS,2650006B,6059,166,Y,0,TOTAL,0,0,0,0,0,0
LA HABRA HEIGHTS,3230001A,1189,133,N,535,POLLING PLACE,72,42,6,13,2,5
LA HABRA HEIGHTS,3230001A,1189,133,N,0,VBM PORTION,69,41,2,10,1,4
LA HABRA HEIGHTS,3230001A,1189,133,N,535,TOTAL,141,83,8,23,3,9
LA HABRA HEIGHTS,3230003A,1190,133,N,929,POLLING PLACE,114,68,10,14,0,9
LA HABRA HEIGHTS,3230003A,1190,133,N,0,VBM PORTION,134,94,10,16,1,5
LA HABRA HEIGHTS,3230003A,1190,133,N,929,TOTAL,248,162,20,30,1,14
LA HABRA HEIGHTS,3230004A,1191,133,N,1023,POLLING PLACE,97,51,7,22,0,11
LA HABRA HEIGHTS,3230004A,1191,133,N,0,VBM PORTION,169,113,9,23,1,8
LA HABRA HEIGHTS,3230004A,1191,133,N,1023,TOTAL,266,164,16,45,1,19
LA HABRA HEIGHTS,3230006A,1192,133,N,919,POLLING PLACE,89,61,4,15,1,3
LA HABRA HEIGHTS,3230006A,1192,133,N,0,VBM PORTION,129,88,3,20,0,7
LA HABRA HEIGHTS,3230006A,1192,133,N,919,TOTAL,218,149,7,35,1,10
LA HABRA HEIGHTS,3230009A,1193,133,N,373,POLLING PLACE,57,40,2,6,1,3
LA HABRA HEIGHTS,3230009A,1193,133,N,0,VBM PORTION,52,42,1,7,0,0
LA HABRA HEIGHTS,3230009A,1193,133,N,373,TOTAL,109,82,3,13,1,3
LA MIRADA,3300001A,1194,132,N,1053,POLLING PLACE,103,66,5,22,0,8
LA MIRADA,3300001A,1194,132,N,0,VBM PORTION,94,49,5,20,4,8
LA MIRADA,3300001A,1194,132,N,1053,TOTAL,197,115,10,42,4,16
LA MIRADA,3300003A,1195,132,N,1259,POLLING PLACE,139,78,9,41,2,2
LA MIRADA,3300003A,1195,132,N,0,VBM PORTION,95,45,10,19,1,16
LA MIRADA,3300003A,1195,132,N,1259,TOTAL,234,123,19,60,3,18
LA MIRADA,3300006A,1196,132,N,1010,POLLING PLACE,103,49,10,27,1,9
LA MIRADA,3300006A,1196,132,N,0,VBM PORTION,145,69,18,22,0,17
LA MIRADA,3300006A,1196,132,N,1010,TOTAL,248,118,28,49,1,26
LA MIRADA,3300007A,1197,132,N,1237,POLLING PLACE,127,61,12,35,1,7
LA MIRADA,3300007A,1197,132,N,0,VBM PORTION,106,59,18,12,0,9
LA MIRADA,3300007A,1197,132,N,1237,TOTAL,233,120,30,47,1,16
LA MIRADA,3300008C,1198,132,N,1048,POLLING PLACE,93,55,4,20,2,4
LA MIRADA,3300008C,1198,132,N,0,VBM PORTION,84,44,7,14,0,9
LA MIRADA,3300008C,1198,132,N,1048,TOTAL,177,99,11,34,2,13
LA MIRADA,3300009A,1199,132,N,706,POLLING PLACE,49,35,3,5,1,2
LA MIRADA,3300009A,1199,132,N,0,VBM PORTION,35,20,5,4,1,4
LA MIRADA,3300009A,1199,132,N,706,TOTAL,84,55,8,9,2,6
LA MIRADA,3300010A,1200,132,N,1363,POLLING PLACE,94,45,10,22,1,11
LA MIRADA,3300010A,1200,132,N,0,VBM PORTION,119,56,10,32,3,11
LA MIRADA,3300010A,1200,132,N,1363,TOTAL,213,101,20,54,4,22
LA MIRADA,3300014A,1201,132,N,1058,POLLING PLACE,60,19,13,18,1,3
LA MIRADA,3300014A,1201,132,N,0,VBM PORTION,96,53,4,18,3,10
LA MIRADA,3300014A,1201,132,N,1058,TOTAL,156,72,17,36,4,13
LA MIRADA,3300015A,1202,132,N,1178,POLLING PLACE,113,63,8,23,2,13
LA MIRADA,3300015A,1202,132,N,0,VBM PORTION,89,47,7,18,4,7
LA MIRADA,3300015A,1202,132,N,1178,TOTAL,202,110,15,41,6,20
LA MIRADA,3300017A,1203,132,N,1058,POLLING PLACE,102,48,11,29,0,11
LA MIRADA,3300017A,1203,132,N,0,VBM PORTION,143,73,9,28,3,11
LA MIRADA,3300017A,1203,132,N,1058,TOTAL,245,121,20,57,3,22
LA MIRADA,3300019A,1204,132,N,795,POLLING PLACE,89,62,3,15,0,8
LA MIRADA,3300019A,1204,132,N,0,VBM PORTION,92,61,8,11,1,3
LA MIRADA,3300019A,1204,132,N,795,TOTAL,181,123,11,26,1,11
LA MIRADA,3300020A,1205,132,N,906,POLLING PLACE,83,47,4,19,1,7
LA MIRADA,3300020A,1205,132,N,0,VBM PORTION,66,34,6,15,0,10
LA MIRADA,3300020A,1205,132,N,906,TOTAL,149,81,10,34,1,17
LA MIRADA,3300022A,1206,132,N,710,POLLING PLACE,47,24,1,17,0,3
LA MIRADA,3300022A,1206,132,N,0,VBM PORTION,61,35,7,10,1,1
LA MIRADA,3300022A,1206,132,N,710,TOTAL,108,59,8,27,1,4
LA MIRADA,3300023A,1207,132,N,925,POLLING PLACE,71,48,2,10,1,4
LA MIRADA,3300023A,1207,132,N,0,VBM PORTION,63,32,3,13,2,5
LA MIRADA,3300023A,1207,132,N,925,TOTAL,134,80,5,23,3,9
LA MIRADA,3300025A,1208,132,N,783,POLLING PLACE,79,41,8,22,0,4
LA MIRADA,3300025A,1208,132,N,0,VBM PORTION,44,24,2,8,1,5
LA MIRADA,3300025A,1208,132,N,783,TOTAL,123,65,10,30,1,9
LA MIRADA,3300026A,1209,132,N,857,POLLING PLACE,71,41,5,13,1,6
LA MIRADA,3300026A,1209,132,N,0,VBM PORTION,74,40,2,13,1,9
LA MIRADA,3300026A,1209,132,N,857,TOTAL,145,81,7,26,2,15
LA MIRADA,3300029A,1210,132,N,1057,POLLING PLACE,109,58,7,24,3,10
LA MIRADA,3300029A,1210,132,N,0,VBM PORTION,71,33,9,19,0,1
LA MIRADA,3300029A,1210,132,N,1057,TOTAL,180,91,16,43,3,11
LA MIRADA,3300034A,1211,132,N,1286,POLLING PLACE,95,47,9,21,0,10
LA MIRADA,3300034A,1211,132,N,0,VBM PORTION,109,50,16,19,3,11
LA MIRADA,3300034A,1211,132,N,1286,TOTAL,204,97,25,40,3,21
LA MIRADA,3300040A,1212,132,N,1024,POLLING PLACE,66,42,7,11,0,2
LA MIRADA,3300040A,1212,132,N,0,VBM PORTION,103,60,9,14,0,6
LA MIRADA,3300040A,1212,132,N,1024,TOTAL,169,102,16,25,0,8
LA MIRADA,3300042A,1213,132,N,1165,POLLING PLACE,64,40,3,16,1,2
LA MIRADA,3300042A,1213,132,N,0,VBM PORTION,114,56,8,23,5,14
LA MIRADA,3300042A,1213,132,N,1165,TOTAL,178,96,11,39,6,16
LA MIRADA,3300044A,1214,132,N,1222,POLLING PLACE,92,41,13,20,1,7
LA MIRADA,3300044A,1214,132,N,0,VBM PORTION,111,55,7,27,0,15
LA MIRADA,3300044A,1214,132,N,1222,TOTAL,203,96,20,47,1,22
LA MIRADA,3300045A,1215,132,N,1206,POLLING PLACE,177,106,8,31,3,16
LA MIRADA,3300045A,1215,132,N,0,VBM PORTION,128,63,20,23,0,7
LA MIRADA,3300045A,1215,132,N,1206,TOTAL,305,169,28,54,3,23
LA MIRADA,3300056A,1216,132,N,572,POLLING PLACE,130,62,9,30,2,15
LA MIRADA,3300056A,1216,132,N,0,VBM PORTION,143,68,15,25,1,20
LA MIRADA,3300056A,1216,132,N,572,TOTAL,273,130,24,55,3,35
LA MIRADA,3300070A,1217,132,N,1112,POLLING PLACE,85,35,10,16,3,12
LA MIRADA,3300070A,1217,132,N,0,VBM PORTION,71,43,6,11,0,6
LA MIRADA,3300070A,1217,132,N,1112,TOTAL,156,78,16,27,3,18
LA MIRADA,3300072A,1218,132,N,1320,POLLING PLACE,110,43,15,33,1,4
LA MIRADA,3300072A,1218,132,N,0,VBM PORTION,106,50,5,21,0,21
LA MIRADA,3300072A,1218,132,N,1320,TOTAL,216,93,20,54,1,25
LA MIRADA,3300073A,1219,132,N,1237,POLLING PLACE,68,41,5,14,0,4
LA MIRADA,3300073A,1219,132,N,0,VBM PORTION,58,28,7,10,1,7
LA MIRADA,3300073A,1219,132,N,1237,TOTAL,126,69,12,24,1,11
LAKEWOOD,3450002A,1266,166,N,1117,POLLING PLACE,95,44,21,20,0,4
LAKEWOOD,3450002A,1266,166,N,0,VBM PORTION,78,37,12,20,0,5
LAKEWOOD,3450002A,1266,166,N,1117,TOTAL,173,81,33,40,0,9
LAKEWOOD,3450003A,1267,166,N,823,POLLING PLACE,82,46,12,19,0,3
LAKEWOOD,3450003A,1267,166,N,0,VBM PORTION,58,33,5,11,0,4
LAKEWOOD,3450003A,1267,166,N,823,TOTAL,140,79,17,30,0,7
LAKEWOOD,3450004A,1268,166,N,951,POLLING PLACE,82,42,9,20,1,5
LAKEWOOD,3450004A,1268,166,N,0,VBM PORTION,78,47,9,10,1,4
LAKEWOOD,3450004A,1268,166,N,951,TOTAL,160,89,18,30,2,9
LAKEWOOD,3450008A,1270,166,N,876,POLLING PLACE,69,39,4,9,1,7
LAKEWOOD,3450008A,1270,166,N,0,VBM PORTION,58,27,6,16,1,5
LAKEWOOD,3450008A,1270,166,N,876,TOTAL,127,66,10,25,2,12
LAKEWOOD,3450009A,1271,166,N,874,POLLING PLACE,81,43,15,15,2,2
LAKEWOOD,3450009A,1271,166,N,0,VBM PORTION,61,25,8,11,0,8
LAKEWOOD,3450009A,1271,166,N,874,TOTAL,142,68,23,26,2,10
LAKEWOOD,3450010A,1272,166,N,1191,POLLING PLACE,137,79,12,25,0,7
LAKEWOOD,3450010A,1272,166,N,0,VBM PORTION,112,47,13,22,2,7
LAKEWOOD,3450010A,1272,166,N,1191,TOTAL,249,126,25,47,2,14
LAKEWOOD,3450016A,1275,166,N,1144,POLLING PLACE,102,44,12,27,1,6
LAKEWOOD,3450016A,1275,166,N,0,VBM PORTION,87,41,11,7,1,9
LAKEWOOD,3450016A,1275,166,N,1144,TOTAL,189,85,23,34,2,15
LAKEWOOD,3450019A,1276,166,N,1248,POLLING PLACE,116,45,15,40,1,8
LAKEWOOD,3450019A,1276,166,N,0,VBM PORTION,136,72,14,14,1,18
LAKEWOOD,3450019A,1276,166,N,1248,TOTAL,252,117,29,54,2,26
LAKEWOOD,3450021A,1278,166,N,1162,POLLING PLACE,112,63,17,16,0,5
LAKEWOOD,3450021A,1278,166,N,0,VBM PORTION,96,44,10,20,0,13
LAKEWOOD,3450021A,1278,166,N,1162,TOTAL,208,107,27,36,0,18
LAKEWOOD,3450023A,1279,166,N,1275,POLLING PLACE,131,75,13,30,4,4
LAKEWOOD,3450023A,1279,166,N,0,VBM PORTION,131,63,24,16,1,15
LAKEWOOD,3450023A,1279,166,N,1275,TOTAL,262,138,37,46,5,19
LAKEWOOD,3450028A,1281,166,N,969,POLLING PLACE,117,57,18,23,3,10
LAKEWOOD,3450028A,1281,166,N,0,VBM PORTION,110,59,17,17,0,6
LAKEWOOD,3450028A,1281,166,N,969,TOTAL,227,116,35,40,3,16
LAKEWOOD,3450054A,1295,167,N,1678,POLLING PLACE,185,92,15,51,5,9
LAKEWOOD,3450054A,1295,167,N,0,VBM PORTION,168,77,14,40,1,20
LAKEWOOD,3450054A,1295,167,N,1678,TOTAL,353,169,29,91,6,29
LAKEWOOD,3450055A,1296,167,N,1423,POLLING PLACE,132,70,17,22,1,10
LAKEWOOD,3450055A,1296,167,N,0,VBM PORTION,133,62,18,24,2,17
LAKEWOOD,3450055A,1296,167,N,1423,TOTAL,265,132,35,46,3,27
LAKEWOOD,3450059A,1297,166,N,1520,POLLING PLACE,134,73,10,32,1,8
LAKEWOOD,3450059A,1297,166,N,0,VBM PORTION,168,76,18,39,3,15
LAKEWOOD,3450059A,1297,166,N,1520,TOTAL,302,149,28,71,4,23
LAKEWOOD,3450060A,1298,166,N,916,POLLING PLACE,77,41,13,13,1,7
LAKEWOOD,3450060A,1298,166,N,0,VBM PORTION,97,53,13,10,0,4
LAKEWOOD,3450060A,1298,166,N,916,TOTAL,174,94,26,23,1,11
LAKEWOOD,3450062A,1299,167,N,1033,POLLING PLACE,135,50,20,34,5,9
LAKEWOOD,3450062A,1299,167,N,0,VBM PORTION,90,34,9,24,4,12
LAKEWOOD,3450062A,1299,167,N,1033,TOTAL,225,84,29,58,9,21
LAKEWOOD,3450064A,1300,167,N,1587,POLLING PLACE,170,92,22,32,3,7
LAKEWOOD,3450064A,1300,167,N,0,VBM PORTION,142,77,13,25,0,13
LAKEWOOD,3450064A,1300,167,N,1587,TOTAL,312,169,35,57,3,20
LAKEWOOD,3450067A,1301,166,N,1427,POLLING PLACE,165,85,22,33,2,12
LAKEWOOD,3450067A,1301,166,N,0,VBM PORTION,170,82,23,40,1,12
LAKEWOOD,3450067A,1301,166,N,1427,TOTAL,335,167,45,73,3,24
LAKEWOOD,3450070A,1302,166,N,689,POLLING PLACE,49,21,8,16,1,2
LAKEWOOD,3450070A,1302,166,N,0,VBM PORTION,64,27,11,19,0,4
LAKEWOOD,3450070A,1302,166,N,689,TOTAL,113,48,19,35,1,6
LAKEWOOD,3450072A,1303,166,N,1212,POLLING PLACE,85,28,8,41,0,5
LAKEWOOD,3450072A,1303,166,N,0,VBM PORTION,103,43,3,39,2,7
LAKEWOOD,3450072A,1303,166,N,1212,TOTAL,188,71,11,80,2,12
LAKEWOOD,3450073A,1304,166,N,1155,POLLING PLACE,63,23,5,24,0,7
LAKEWOOD,3450073A,1304,166,N,0,VBM PORTION,49,17,10,8,5,5
LAKEWOOD,3450073A,1304,166,N,1155,TOTAL,112,40,15,32,5,12
LAKEWOOD,3450076A,1305,166,N,1035,POLLING PLACE,73,28,6,30,0,4
LAKEWOOD,3450076A,1305,166,N,0,VBM PORTION,90,42,10,22,1,5
LAKEWOOD,3450076A,1305,166,N,1035,TOTAL,163,70,16,52,1,9
LAKEWOOD,3450080A,1306,166,N,1141,POLLING PLACE,93,21,11,47,1,6
LAKEWOOD,3450080A,1306,166,N,0,VBM PORTION,90,30,12,25,0,11
LAKEWOOD,3450080A,1306,166,N,1141,TOTAL,183,51,23,72,1,17
LAKEWOOD,3450090C,1307,166,N,687,POLLING PLACE,16,5,1,4,0,2
LAKEWOOD,3450090C,1307,166,N,0,VBM PORTION,32,9,2,10,0,3
LAKEWOOD,3450090C,1307,166,N,687,TOTAL,48,14,3,14,0,5
LAKEWOOD,3450091A,1308,166,N,1290,POLLING PLACE,74,20,14,30,0,8
LAKEWOOD,3450091A,1308,166,N,0,VBM PORTION,74,32,11,21,2,4
LAKEWOOD,3450091A,1308,166,N,1290,TOTAL,148,52,25,51,2,12
LAKEWOOD,3450092A,1309,166,N,1337,POLLING PLACE,113,34,18,37,2,14
LAKEWOOD,3450092A,1309,166,N,0,VBM PORTION,79,29,15,16,2,10
LAKEWOOD,3450092A,1309,166,N,1337,TOTAL,192,63,33,53,4,24
LOS NIETOS,3900005A,1662,132,N,642,POLLING PLACE,60,21,8,20,3,6
LOS NIETOS,3900005A,1662,132,N,0,VBM PORTION,26,10,0,12,0,1
LOS NIETOS,3900005A,1662,132,N,642,TOTAL,86,31,8,32,3,7
LOS NIETOS,3900006A,1663,132,N,1084,POLLING PLACE,88,28,4,40,0,13
LOS NIETOS,3900006A,1663,132,N,0,VBM PORTION,70,22,6,24,0,8
LOS NIETOS,3900006A,1663,132,N,1084,TOTAL,158,50,10,64,0,21
LOS NIETOS,3900007A,1664,132,N,1096,POLLING PLACE,64,19,5,28,1,7
LOS NIETOS,3900007A,1664,132,N,0,VBM PORTION,48,11,3,22,1,7
LOS NIETOS,3900007A,1664,132,N,1096,TOTAL,112,30,8,50,2,14
LOS NIETOS,3900008A,1665,132,N,619,POLLING PLACE,34,10,7,16,0,1
LOS NIETOS,3900008A,1665,132,N,0,VBM PORTION,33,10,4,15,0,2
LOS NIETOS,3900008A,1665,132,N,619,TOTAL,67,20,11,31,0,3
LOS NIETOS,3900009A,1666,132,N,1209,POLLING PLACE,106,16,13,56,5,13
LOS NIETOS,3900009A,1666,132,N,0,VBM PORTION,39,8,4,23,0,1
LOS NIETOS,3900009A,1666,132,N,1209,TOTAL,145,24,17,79,5,14
LOS NIETOS,3900061A,1667,132,N,383,POLLING PLACE,36,6,1,26,1,2
LOS NIETOS,3900061A,1667,132,N,0,VBM PORTION,16,2,4,5,1,4
LOS NIETOS,3900061A,1667,132,N,383,TOTAL,52,8,5,31,2,6
LOS NIETOS,3900062A,1668,132,N,1199,POLLING PLACE,82,13,3,45,4,12
LOS NIETOS,3900062A,1668,132,N,0,VBM PORTION,43,9,1,21,0,9
LOS NIETOS,3900062A,1668,132,N,1199,TOTAL,125,22,4,66,4,21
LOS NIETOS,3900063A,1669,132,N,643,POLLING PLACE,49,14,4,24,3,3
LOS NIETOS,3900063A,1669,132,N,0,VBM PORTION,11,5,1,2,0,2
LOS NIETOS,3900063A,1669,132,N,643,TOTAL,60,19,5,26,3,5
LOS NIETOS,3900066A,1670,132,N,1092,POLLING PLACE,91,25,4,40,1,15
LOS NIETOS,3900066A,1670,132,N,0,VBM PORTION,72,23,4,31,0,6
LOS NIETOS,3900066A,1670,132,N,1092,TOTAL,163,48,8,71,1,21
LOS NIETOS,3900067A,1671,132,N,1109,POLLING PLACE,101,28,6,44,0,19
LOS NIETOS,3900067A,1671,132,N,0,VBM PORTION,73,23,4,28,5,13
LOS NIETOS,3900067A,1671,132,N,1109,TOTAL,174,51,10,72,5,32
LOS NIETOS,3900070A,1672,132,N,949,POLLING PLACE,50,18,1,25,0,5
LOS NIETOS,3900070A,1672,132,N,0,VBM PORTION,45,10,5,23,2,2
LOS NIETOS,3900070A,1672,132,N,949,TOTAL,95,28,6,48,2,7
LOS NIETOS,3900071C,1673,132,N,376,POLLING PLACE,16,6,2,4,0,2
LOS NIETOS,3900071C,1673,132,N,0,VBM PORTION,23,11,0,8,0,1
LOS NIETOS,3900071C,1673,132,N,376,TOTAL,39,17,2,12,0,3
LOS NIETOS,3900073A,1674,132,N,908,POLLING PLACE,66,16,5,38,0,4
LOS NIETOS,3900073A,1674,132,N,0,VBM PORTION,67,21,5,26,1,7
LOS NIETOS,3900073A,1674,132,N,908,TOTAL,133,37,10,64,1,11
LOS NIETOS,3900080B,1675,132,N,782,POLLING PLACE,50,8,3,23,0,14
LOS NIETOS,3900080B,1675,132,N,0,VBM PORTION,30,11,0,13,0,2
LOS NIETOS,3900080B,1675,132,N,782,TOTAL,80,19,3,36,0,16
LOS NIETOS,3900082A,1676,132,N,1129,POLLING PLACE,74,12,2,39,5,11
LOS NIETOS,3900082A,1676,132,N,0,VBM PORTION,45,19,5,14,2,4
LOS NIETOS,3900082A,1676,132,N,1129,TOTAL,119,31,7,53,7,15
LOS NIETOS,3900088A,1677,132,N,562,POLLING PLACE,53,22,0,20,1,6
LOS NIETOS,3900088A,1677,132,N,0,VBM PORTION,50,18,2,18,0,8
LOS NIETOS,3900088A,1677,132,N,562,TOTAL,103,40,2,38,1,14
MONTEBELLO,4450001A,1774,134,N,864,POLLING PLACE,97,20,9,47,0,15
MONTEBELLO,4450001A,1774,134,N,0,VBM PORTION,57,9,8,17,5,7
MONTEBELLO,4450001A,1774,134,N,864,TOTAL,154,29,17,64,5,22
MONTEBELLO,4450002A,1775,134,N,1090,POLLING PLACE,87,12,12,36,5,14
MONTEBELLO,4450002A,1775,134,N,0,VBM PORTION,61,14,6,17,2,13
MONTEBELLO,4450002A,1775,134,N,1090,TOTAL,148,26,18,53,7,27
MONTEBELLO,4450003A,1776,134,N,939,POLLING PLACE,42,11,5,20,2,3
MONTEBELLO,4450003A,1776,134,N,0,VBM PORTION,48,7,3,26,0,6
MONTEBELLO,4450003A,1776,134,N,939,TOTAL,90,18,8,46,2,9
MONTEBELLO,4450004A,1777,134,N,954,POLLING PLACE,48,4,9,21,1,10
MONTEBELLO,4450004A,1777,134,N,0,VBM PORTION,56,6,4,27,1,9
MONTEBELLO,4450004A,1777,134,N,954,TOTAL,104,10,13,48,2,19
MONTEBELLO,4450005A,1778,134,N,1067,POLLING PLACE,71,22,8,17,0,11
MONTEBELLO,4450005A,1778,134,N,0,VBM PORTION,36,6,2,19,0,3
MONTEBELLO,4450005A,1778,134,N,1067,TOTAL,107,28,10,36,0,14
MONTEBELLO,4450008A,1779,134,N,994,POLLING PLACE,84,17,9,43,0,7
MONTEBELLO,4450008A,1779,134,N,0,VBM PORTION,84,21,5,33,2,18
MONTEBELLO,4450008A,1779,134,N,994,TOTAL,168,38,14,76,2,25
MONTEBELLO,4450010A,1780,75,N,870,POLLING PLACE,108,24,12,41,3,11
MONTEBELLO,4450010A,1780,75,N,0,VBM PORTION,105,29,6,30,5,11
MONTEBELLO,4450010A,1780,75,N,870,TOTAL,213,53,18,71,8,22
MONTEBELLO,4450011A,1781,134,N,1222,POLLING PLACE,78,13,10,43,2,4
MONTEBELLO,4450011A,1781,134,N,0,VBM PORTION,43,11,4,20,2,1
MONTEBELLO,4450011A,1781,134,N,1222,TOTAL,121,24,14,63,4,5
MONTEBELLO,4450012A,1782,134,N,1132,POLLING PLACE,63,14,9,22,0,9
MONTEBELLO,4450012A,1782,134,N,0,VBM PORTION,43,2,4,20,0,7
MONTEBELLO,4450012A,1782,134,N,1132,TOTAL,106,16,13,42,0,16
MONTEBELLO,4450013A,1783,75,N,785,POLLING PLACE,92,22,7,38,1,14
MONTEBELLO,4450013A,1783,75,N,0,VBM PORTION,86,37,4,21,4,5
MONTEBELLO,4450013A,1783,75,N,785,TOTAL,178,59,11,59,5,19
MONTEBELLO,4450014A,1784,134,N,910,POLLING PLACE,74,21,8,25,4,10
MONTEBELLO,4450014A,1784,134,N,0,VBM PORTION,54,17,5,15,1,11
MONTEBELLO,4450014A,1784,134,N,910,TOTAL,128,38,13,40,5,21
MONTEBELLO,4450015A,1785,134,N,949,POLLING PLACE,65,10,4,37,1,8
MONTEBELLO,4450015A,1785,134,N,0,VBM PORTION,35,12,5,9,0,6
MONTEBELLO,4450015A,1785,134,N,949,TOTAL,100,22,9,46,1,14
MONTEBELLO,4450016A,1786,134,N,677,POLLING PLACE,39,7,6,13,0,9
MONTEBELLO,4450016A,1786,134,N,0,VBM PORTION,45,12,6,16,0,6
MONTEBELLO,4450016A,1786,134,N,677,TOTAL,84,19,12,29,0,15
MONTEBELLO,4450017A,1787,134,N,810,POLLING PLACE,64,14,9,30,2,4
MONTEBELLO,4450017A,1787,134,N,0,VBM PORTION,59,10,5,29,0,5
MONTEBELLO,4450017A,1787,134,N,810,TOTAL,123,24,14,59,2,9
MONTEBELLO,4450018A,1788,134,N,1013,POLLING PLACE,119,43,12,41,3,8
MONTEBELLO,4450018A,1788,134,N,0,VBM PORTION,104,33,3,41,1,8
MONTEBELLO,4450018A,1788,134,N,1013,TOTAL,223,76,15,82,4,16
MONTEBELLO,4450020A,1789,134,N,1062,POLLING PLACE,83,15,9,30,6,17
MONTEBELLO,4450020A,1789,134,N,0,VBM PORTION,59,17,11,20,2,1
MONTEBELLO,4450020A,1789,134,N,1062,TOTAL,142,32,20,50,8,18
MONTEBELLO,4450024A,1790,134,N,925,POLLING PLACE,77,16,3,36,1,16
MONTEBELLO,4450024A,1790,134,N,0,VBM PORTION,33,8,2,15,2,1
MONTEBELLO,4450024A,1790,134,N,925,TOTAL,110,24,5,51,3,17
MONTEBELLO,4450025A,1791,134,N,1145,POLLING PLACE,101,35,7,34,4,13
MONTEBELLO,4450025A,1791,134,N,0,VBM PORTION,97,39,6,27,0,10
MONTEBELLO,4450025A,1791,134,N,1145,TOTAL,198,74,13,61,4,23
MONTEBELLO,4450026A,1792,134,N,1019,POLLING PLACE,123,21,11,61,5,17
MONTEBELLO,4450026A,1792,134,N,0,VBM PORTION,33,4,3,13,2,6
MONTEBELLO,4450026A,1792,134,N,1019,TOTAL,156,25,14,74,7,23
MONTEBELLO,4450028A,1793,134,N,530,POLLING PLACE,42,10,2,23,0,2
MONTEBELLO,4450028A,1793,134,N,0,VBM PORTION,72,16,4,26,2,8
MONTEBELLO,4450028A,1793,134,N,530,TOTAL,114,26,6,49,2,10
MONTEBELLO,4450031A,1794,134,N,1039,POLLING PLACE,57,11,4,31,2,7
MONTEBELLO,4450031A,1794,134,N,0,VBM PORTION,27,4,3,7,0,7
MONTEBELLO,4450031A,1794,134,N,1039,TOTAL,84,15,7,38,2,14
MONTEBELLO,4450032A,1795,134,N,828,POLLING PLACE,69,16,8,32,0,8
MONTEBELLO,4450032A,1795,134,N,0,VBM PORTION,34,5,4,14,1,2
MONTEBELLO,4450032A,1795,134,N,828,TOTAL,103,21,12,46,1,10
MONTEBELLO,4450033A,1796,134,N,900,POLLING PLACE,45,8,4,24,0,8
MONTEBELLO,4450033A,1796,134,N,0,VBM PORTION,32,8,3,16,0,3
MONTEBELLO,4450033A,1796,134,N,900,TOTAL,77,16,7,40,0,11
MONTEBELLO,4450034A,1797,134,N,878,POLLING PLACE,52,8,3,25,1,6
MONTEBELLO,4450034A,1797,134,N,0,VBM PORTION,51,19,7,15,5,4
MONTEBELLO,4450034A,1797,134,N,878,TOTAL,103,27,10,40,6,10
MONTEBELLO,4450036A,1798,134,N,655,POLLING PLACE,46,12,2,25,2,4
MONTEBELLO,4450036A,1798,134,N,0,VBM PORTION,30,5,3,15,0,4
MONTEBELLO,4450036A,1798,134,N,655,TOTAL,76,17,5,40,2,8
MONTEBELLO,4450038A,1799,134,N,873,POLLING PLACE,62,16,3,28,0,10
MONTEBELLO,4450038A,1799,134,N,0,VBM PORTION,61,9,8,22,1,10
MONTEBELLO,4450038A,1799,134,N,873,TOTAL,123,25,11,50,1,20
MONTEBELLO,4450043B,1800,134,N,1152,POLLING PLACE,73,17,3,25,3,18
MONTEBELLO,4450043B,1800,134,N,0,VBM PORTION,31,5,6,9,0,8
MONTEBELLO,4450043B,1800,134,N,1152,TOTAL,104,22,9,34,3,26
MONTEBELLO,4450065A,1801,134,N,931,POLLING PLACE,51,12,7,19,4,8
MONTEBELLO,4450065A,1801,134,N,0,VBM PORTION,38,4,1,21,3,4
MONTEBELLO,4450065A,1801,134,N,931,TOTAL,89,16,8,40,7,12
MONTEBELLO,4450074A,1802,75,N,1061,POLLING PLACE,73,19,9,25,2,8
MONTEBELLO,4450074A,1802,75,N,0,VBM PORTION,103,33,7,35,4,14
MONTEBELLO,4450074A,1802,75,N,1061,TOTAL,176,52,16,60,6,22
MONTEBELLO,4450090B,1803,134,N,734,POLLING PLACE,36,6,1,16,0,8
MONTEBELLO,4450090B,1803,134,N,0,VBM PORTION,33,6,2,17,0,4
MONTEBELLO,4450090B,1803,134,N,734,TOTAL,69,12,3,33,0,12
MONTEBELLO,4450092A,1804,75,N,931,POLLING PLACE,68,16,5,28,0,8
MONTEBELLO,4450092A,1804,75,N,0,VBM PORTION,81,13,9,31,1,20
MONTEBELLO,4450092A,1804,75,N,931,TOTAL,149,29,14,59,1,28
NORTH WHITTIER,4780001A,1833,128,N,756,POLLING PLACE,78,12,8,38,2,13
NORTH WHITTIER,4780001A,1833,128,N,0,VBM PORTION,27,5,2,9,1,7
NORTH WHITTIER,4780001A,1833,128,N,756,TOTAL,105,17,10,47,3,20
NORTH WHITTIER,4780003A,6121,132,Y,181,POLLING PLACE,0,0,0,0,0,0
NORTH WHITTIER,4780003A,6121,132,Y,0,VBM PORTION,54,20,6,17,1,5
NORTH WHITTIER,4780003A,6121,132,Y,181,TOTAL,54,20,6,17,1,5
NORTH WHITTIER,4780004A,1834,132,N,894,POLLING PLACE,78,29,7,29,0,7
NORTH WHITTIER,4780004A,1834,132,N,0,VBM PORTION,81,28,11,23,0,10
NORTH WHITTIER,4780004A,1834,132,N,894,TOTAL,159,57,18,52,0,17
NORTH WHITTIER,4780011A,1835,132,N,931,POLLING PLACE,122,54,11,30,4,12
NORTH WHITTIER,4780011A,1835,132,N,0,VBM PORTION,110,52,3,20,0,25
NORTH WHITTIER,4780011A,1835,132,N,931,TOTAL,232,106,14,50,4,37
NORWALK,4800001A,1836,137,N,952,POLLING PLACE,27,9,4,12,0,0
NORWALK,4800001A,1836,137,N,0,VBM PORTION,49,10,8,20,0,8
NORWALK,4800001A,1836,137,N,952,TOTAL,76,19,12,32,0,8
NORWALK,4800003A,1837,132,N,1194,POLLING PLACE,90,25,5,42,1,12
NORWALK,4800003A,1837,132,N,0,VBM PORTION,59,20,4,24,2,5
NORWALK,4800003A,1837,132,N,1194,TOTAL,149,45,9,66,3,17
NORWALK,4800004A,1838,137,N,1021,POLLING PLACE,55,26,3,23,0,2
NORWALK,4800004A,1838,137,N,0,VBM PORTION,58,25,8,14,2,3
NORWALK,4800004A,1838,137,N,1021,TOTAL,113,51,11,37,2,5
NORWALK,4800006B,1839,137,N,1027,POLLING PLACE,60,22,4,25,3,5
NORWALK,4800006B,1839,137,N,0,VBM PORTION,56,19,4,23,3,3
NORWALK,4800006B,1839,137,N,1027,TOTAL,116,41,8,48,6,8
NORWALK,4800007C,1840,137,N,548,POLLING PLACE,38,19,6,9,0,3
NORWALK,4800007C,1840,137,N,0,VBM PORTION,23,14,3,3,0,1
NORWALK,4800007C,1840,137,N,548,TOTAL,61,33,9,12,0,4
NORWALK,4800008C,1841,132,N,1216,POLLING PLACE,77,17,7,46,0,5
NORWALK,4800008C,1841,132,N,0,VBM PORTION,62,23,6,20,0,4
NORWALK,4800008C,1841,132,N,1216,TOTAL,139,40,13,66,0,9
NORWALK,4800009A,1842,132,N,1344,POLLING PLACE,77,26,11,27,2,7
NORWALK,4800009A,1842,132,N,0,VBM PORTION,73,23,13,26,1,2
NORWALK,4800009A,1842,132,N,1344,TOTAL,150,49,24,53,3,9
NORWALK,4800010A,1843,132,N,848,POLLING PLACE,72,20,7,34,1,4
NORWALK,4800010A,1843,132,N,0,VBM PORTION,37,8,0,18,0,6
NORWALK,4800010A,1843,132,N,848,TOTAL,109,28,7,52,1,10
NORWALK,4800011A,1844,132,N,1177,POLLING PLACE,49,14,3,22,3,4
NORWALK,4800011A,1844,132,N,0,VBM PORTION,56,24,4,18,1,6
NORWALK,4800011A,1844,132,N,1177,TOTAL,105,38,7,40,4,10
NORWALK,4800013A,1845,132,N,1057,POLLING PLACE,43,6,4,27,0,5
NORWALK,4800013A,1845,132,N,0,VBM PORTION,40,11,3,18,0,6
NORWALK,4800013A,1845,132,N,1057,TOTAL,83,17,7,45,0,11
NORWALK,4800014C,1846,132,N,237,POLLING PLACE,29,5,2,20,1,1
NORWALK,4800014C,1846,132,N,0,VBM PORTION,16,6,1,7,0,2
NORWALK,4800014C,1846,132,N,237,TOTAL,45,11,3,27,1,3
NORWALK,4800016A,1847,132,N,1103,POLLING PLACE,48,12,2,23,1,6
NORWALK,4800016A,1847,132,N,0,VBM PORTION,70,13,7,38,0,7
NORWALK,4800016A,1847,132,N,1103,TOTAL,118,25,9,61,1,13
NORWALK,4800018A,1848,132,N,1048,POLLING PLACE,67,18,5,30,1,8
NORWALK,4800018A,1848,132,N,0,VBM PORTION,42,14,7,13,1,4
NORWALK,4800018A,1848,132,N,1048,TOTAL,109,32,12,43,2,12
NORWALK,4800019A,1849,132,N,656,POLLING PLACE,34,17,5,11,0,1
NORWALK,4800019A,1849,132,N,0,VBM PORTION,34,11,3,11,3,3
NORWALK,4800019A,1849,132,N,656,TOTAL,68,28,8,22,3,4
NORWALK,4800021A,1850,132,N,331,POLLING PLACE,16,4,6,3,1,0
NORWALK,4800021A,1850,132,N,0,VBM PORTION,14,3,4,4,0,0
NORWALK,4800021A,1850,132,N,331,TOTAL,30,7,10,7,1,0
NORWALK,4800021B,1851,132,N,1267,POLLING PLACE,43,12,11,14,1,5
NORWALK,4800021B,1851,132,N,0,VBM PORTION,50,9,5,21,0,11
NORWALK,4800021B,1851,132,N,1267,TOTAL,93,21,16,35,1,16
NORWALK,4800022A,1852,132,N,936,POLLING PLACE,51,18,8,18,1,4
NORWALK,4800022A,1852,132,N,0,VBM PORTION,39,10,1,18,2,4
NORWALK,4800022A,1852,132,N,936,TOTAL,90,28,9,36,3,8
NORWALK,4800023A,1853,132,N,1306,POLLING PLACE,70,24,7,26,1,11
NORWALK,4800023A,1853,132,N,0,VBM PORTION,68,20,9,24,2,9
NORWALK,4800023A,1853,132,N,1306,TOTAL,138,44,16,50,3,20
NORWALK,4800024A,1854,132,N,1196,POLLING PLACE,59,11,8,24,2,9
NORWALK,4800024A,1854,132,N,0,VBM PORTION,58,23,6,16,3,6
NORWALK,4800024A,1854,132,N,1196,TOTAL,117,34,14,40,5,15
NORWALK,4800025A,1855,137,N,698,POLLING PLACE,32,9,1,19,0,1
NORWALK,4800025A,1855,137,N,0,VBM PORTION,32,14,2,5,1,8
NORWALK,4800025A,1855,137,N,698,TOTAL,64,23,3,24,1,9
NORWALK,4800028A,1856,137,N,1201,POLLING PLACE,55,19,6,21,1,5
NORWALK,4800028A,1856,137,N,0,VBM PORTION,53,17,7,20,1,0
NORWALK,4800028A,1856,137,N,1201,TOTAL,108,36,13,41,2,5
NORWALK,4800029B,1857,132,N,1016,POLLING PLACE,44,9,3,26,1,3
NORWALK,4800029B,1857,132,N,0,VBM PORTION,56,22,4,19,0,7
NORWALK,4800029B,1857,132,N,1016,TOTAL,100,31,7,45,1,10
NORWALK,4800031A,1858,132,N,1107,POLLING PLACE,69,25,14,22,0,4
NORWALK,4800031A,1858,132,N,0,VBM PORTION,71,23,7,23,0,8
NORWALK,4800031A,1858,132,N,1107,TOTAL,140,48,21,45,0,12
NORWALK,4800032A,1859,132,N,983,POLLING PLACE,82,16,6,31,1,8
NORWALK,4800032A,1859,132,N,0,VBM PORTION,98,20,8,29,1,24
NORWALK,4800032A,1859,132,N,983,TOTAL,180,36,14,60,2,32
NORWALK,4800033A,1860,132,N,865,POLLING PLACE,34,17,3,12,2,0
NORWALK,4800033A,1860,132,N,0,VBM PORTION,46,19,5,8,0,10
NORWALK,4800033A,1860,132,N,865,TOTAL,80,36,8,20,2,10
NORWALK,4800034A,1861,132,N,1172,POLLING PLACE,67,25,6,28,2,4
NORWALK,4800034A,1861,132,N,0,VBM PORTION,108,36,12,42,1,10
NORWALK,4800034A,1861,132,N,1172,TOTAL,175,61,18,70,3,14
NORWALK,4800035A,1862,132,N,1149,POLLING PLACE,33,6,5,18,0,4
NORWALK,4800035A,1862,132,N,0,VBM PORTION,77,25,6,26,3,5
NORWALK,4800035A,1862,132,N,1149,TOTAL,110,31,11,44,3,9
NORWALK,4800037A,1863,132,N,1042,POLLING PLACE,59,17,7,29,0,5
NORWALK,4800037A,1863,132,N,0,VBM PORTION,65,22,7,22,2,6
NORWALK,4800037A,1863,132,N,1042,TOTAL,124,39,14,51,2,11
NORWALK,4800038A,1864,132,N,893,POLLING PLACE,34,9,3,15,0,2
NORWALK,4800038A,1864,132,N,0,VBM PORTION,61,5,9,30,7,8
NORWALK,4800038A,1864,132,N,893,TOTAL,95,14,12,45,7,10
NORWALK,4800040A,1865,137,N,1056,POLLING PLACE,48,13,5,27,0,1
NORWALK,4800040A,1865,137,N,0,VBM PORTION,42,17,2,14,1,7
NORWALK,4800040A,1865,137,N,1056,TOTAL,90,30,7,41,1,8
NORWALK,4800042B,1866,137,N,1285,POLLING PLACE,77,30,4,27,1,9
NORWALK,4800042B,1866,137,N,0,VBM PORTION,81,24,2,37,2,9
NORWALK,4800042B,1866,137,N,1285,TOTAL,158,54,6,64,3,18
NORWALK,4800044A,1867,137,N,767,POLLING PLACE,32,6,4,14,0,6
NORWALK,4800044A,1867,137,N,0,VBM PORTION,33,5,2,21,1,3
NORWALK,4800044A,1867,137,N,767,TOTAL,65,11,6,35,1,9
NORWALK,4800045A,1868,137,N,1020,POLLING PLACE,58,21,8,17,2,7
NORWALK,4800045A,1868,137,N,0,VBM PORTION,54,28,5,16,0,3
NORWALK,4800045A,1868,137,N,1020,TOTAL,112,49,13,33,2,10
NORWALK,4800047A,1869,137,N,568,POLLING PLACE,30,8,3,17,0,1
NORWALK,4800047A,1869,137,N,0,VBM PORTION,35,11,2,18,0,1
NORWALK,4800047A,1869,137,N,568,TOTAL,65,19,5,35,0,2
NORWALK,4800047B,1870,137,N,339,POLLING PLACE,18,8,3,4,0,1
NORWALK,4800047B,1870,137,N,0,VBM PORTION,9,3,1,2,0,1
NORWALK,4800047B,1870,137,N,339,TOTAL,27,11,4,6,0,2
NORWALK,4800048A,1871,137,N,1186,POLLING PLACE,55,21,10,22,0,1
NORWALK,4800048A,1871,137,N,0,VBM PORTION,76,21,8,30,7,4
NORWALK,4800048A,1871,137,N,1186,TOTAL,131,42,18,52,7,5
NORWALK,4800049B,1872,137,N,1073,POLLING PLACE,64,19,5,29,4,6
NORWALK,4800049B,1872,137,N,0,VBM PORTION,60,21,4,19,2,4
NORWALK,4800049B,1872,137,N,1073,TOTAL,124,40,9,48,6,10
NORWALK,4800050A,1873,137,N,1305,POLLING PLACE,75,24,10,35,0,4
NORWALK,4800050A,1873,137,N,0,VBM PORTION,71,19,14,27,1,6
NORWALK,4800050A,1873,137,N,1305,TOTAL,146,43,24,62,1,10
NORWALK,4800053A,1874,132,N,928,POLLING PLACE,56,9,8,26,1,9
NORWALK,4800053A,1874,132,N,0,VBM PORTION,27,4,0,17,2,4
NORWALK,4800053A,1874,132,N,928,TOTAL,83,13,8,43,3,13
NORWALK,4800054A,1875,132,N,924,POLLING PLACE,46,13,3,22,0,4
NORWALK,4800054A,1875,132,N,0,VBM PORTION,64,17,12,22,1,6
NORWALK,4800054A,1875,132,N,924,TOTAL,110,30,15,44,1,10
NORWALK,4800056A,1876,137,N,1197,POLLING PLACE,53,8,10,25,0,7
NORWALK,4800056A,1876,137,N,0,VBM PORTION,61,15,12,27,0,4
NORWALK,4800056A,1876,137,N,1197,TOTAL,114,23,22,52,0,11
NORWALK,4800059A,1877,137,N,986,POLLING PLACE,76,26,12,29,2,3
NORWALK,4800059A,1877,137,N,0,VBM PORTION,111,46,13,25,2,8
NORWALK,4800059A,1877,137,N,986,TOTAL,187,72,25,54,4,11
NORWALK,4800060A,1878,132,N,1090,POLLING PLACE,70,24,1,31,1,9
NORWALK,4800060A,1878,132,N,0,VBM PORTION,58,19,10,17,3,5
NORWALK,4800060A,1878,132,N,1090,TOTAL,128,43,11,48,4,14
NORWALK,4800067A,1879,137,N,1198,POLLING PLACE,76,12,3,41,2,11
NORWALK,4800067A,1879,137,N,0,VBM PORTION,47,17,5,19,1,3
NORWALK,4800067A,1879,137,N,1198,TOTAL,123,29,8,60,3,14
NORWALK,4800071A,1880,132,N,1199,POLLING PLACE,74,13,5,43,4,6
NORWALK,4800071A,1880,132,N,0,VBM PORTION,41,7,5,19,0,9
NORWALK,4800071A,1880,132,N,1199,TOTAL,115,20,10,62,4,15
NORWALK,4800076A,1881,132,N,954,POLLING PLACE,67,24,4,27,2,6
NORWALK,4800076A,1881,132,N,0,VBM PORTION,104,46,13,25,1,15
NORWALK,4800076A,1881,132,N,954,TOTAL,171,70,17,52,3,21
NORWALK,4800088A,1882,132,N,1070,POLLING PLACE,86,22,6,44,4,7
NORWALK,4800088A,1882,132,N,0,VBM PORTION,45,15,6,17,4,1
NORWALK,4800088A,1882,132,N,1070,TOTAL,131,37,12,61,8,8
NORWALK,4800089A,1883,137,N,811,POLLING PLACE,51,18,4,15,1,11
NORWALK,4800089A,1883,137,N,0,VBM PORTION,55,21,2,23,0,5
NORWALK,4800089A,1883,137,N,811,TOTAL,106,39,6,38,1,16
PICO RIVERA,5230002A,2057,134,N,1068,POLLING PLACE,79,17,15,31,1,6
PICO RIVERA,5230002A,2057,134,N,0,VBM PORTION,77,21,4,34,0,8
PICO RIVERA,5230002A,2057,134,N,1068,TOTAL,156,38,19,65,1,14
PICO RIVERA,5230006A,6130,134,Y,59,POLLING PLACE,0,0,0,0,0,0
PICO RIVERA,5230006A,6130,134,Y,0,VBM PORTION,9,1,2,2,2,2
PICO RIVERA,5230006A,6130,134,Y,59,TOTAL,9,1,2,2,2,2
PICO RIVERA,5230006B,2058,134,N,839,POLLING PLACE,65,15,3,27,3,9
PICO RIVERA,5230006B,2058,134,N,0,VBM PORTION,32,4,3,14,1,8
PICO RIVERA,5230006B,2058,134,N,839,TOTAL,97,19,6,41,4,17
PICO RIVERA,5230007A,2059,134,N,1063,POLLING PLACE,72,12,7,31,4,11
PICO RIVERA,5230007A,2059,134,N,0,VBM PORTION,54,8,8,26,0,8
PICO RIVERA,5230007A,2059,134,N,1063,TOTAL,126,20,15,57,4,19
PICO RIVERA,5230008A,2060,134,N,1105,POLLING PLACE,57,6,5,32,1,11
PICO RIVERA,5230008A,2060,134,N,0,VBM PORTION,49,6,5,19,3,8
PICO RIVERA,5230008A,2060,134,N,1105,TOTAL,106,12,10,51,4,19
PICO RIVERA,5230010A,2061,134,N,1047,POLLING PLACE,55,12,2,24,1,11
PICO RIVERA,5230010A,2061,134,N,0,VBM PORTION,73,27,5,19,0,5
PICO RIVERA,5230010A,2061,134,N,1047,TOTAL,128,39,7,43,1,16
PICO RIVERA,5230012A,2062,134,N,985,POLLING PLACE,42,7,2,16,3,11
PICO RIVERA,5230012A,2062,134,N,0,VBM PORTION,31,6,4,8,0,2
PICO RIVERA,5230012A,2062,134,N,985,TOTAL,73,13,6,24,3,13
PICO RIVERA,5230013A,2063,134,N,1209,POLLING PLACE,77,13,9,41,0,6
PICO RIVERA,5230013A,2063,134,N,0,VBM PORTION,87,13,6,40,1,19
PICO RIVERA,5230013A,2063,134,N,1209,TOTAL,164,26,15,81,1,25
PICO RIVERA,5230013E,2064,134,N,802,POLLING PLACE,43,3,3,18,2,13
PICO RIVERA,5230013E,2064,134,N,0,VBM PORTION,31,5,3,14,0,6
PICO RIVERA,5230013E,2064,134,N,802,TOTAL,74,8,6,32,2,19
PICO RIVERA,5230016D,2065,134,N,1179,POLLING PLACE,105,25,5,47,2,22
PICO RIVERA,5230016D,2065,134,N,0,VBM PORTION,53,9,5,25,1,9
PICO RIVERA,5230016D,2065,134,N,1179,TOTAL,158,34,10,72,3,31
PICO RIVERA,5230017A,2066,134,N,1119,POLLING PLACE,79,5,5,43,1,20
PICO RIVERA,5230017A,2066,134,N,0,VBM PORTION,23,4,0,6,1,8
PICO RIVERA,5230017A,2066,134,N,1119,TOTAL,102,9,5,49,2,28
PICO RIVERA,5230018A,2067,134,N,951,POLLING PLACE,30,10,4,13,0,1
PICO RIVERA,5230018A,2067,134,N,0,VBM PORTION,44,5,4,16,0,10
PICO RIVERA,5230018A,2067,134,N,951,TOTAL,74,15,8,29,0,11
PICO RIVERA,5230020A,2068,134,N,1049,POLLING PLACE,66,19,11,26,1,4
PICO RIVERA,5230020A,2068,134,N,0,VBM PORTION,69,14,9,36,1,2
PICO RIVERA,5230020A,2068,134,N,1049,TOTAL,135,33,20,62,2,6
PICO RIVERA,5230022D,2069,134,N,1036,POLLING PLACE,55,18,8,20,1,5
PICO RIVERA,5230022D,2069,134,N,0,VBM PORTION,47,11,2,26,1,5
PICO RIVERA,5230022D,2069,134,N,1036,TOTAL,102,29,10,46,2,10
PICO RIVERA,5230023A,2070,134,N,1070,POLLING PLACE,74,12,11,33,6,8
PICO RIVERA,5230023A,2070,134,N,0,VBM PORTION,65,12,5,25,1,11
PICO RIVERA,5230023A,2070,134,N,1070,TOTAL,139,24,16,58,7,19
PICO RIVERA,5230024A,2071,134,N,1181,POLLING PLACE,72,11,11,30,2,10
PICO RIVERA,5230024A,2071,134,N,0,VBM PORTION,55,7,7,28,0,7
PICO RIVERA,5230024A,2071,134,N,1181,TOTAL,127,18,18,58,2,17
PICO RIVERA,5230026A,6131,128,Y,0,POLLING PLACE,0,0,0,0,0,0
PICO RIVERA,5230026A,6131,128,Y,0,VBM PORTION,0,0,0,0,0,0
PICO RIVERA,5230026A,6131,128,Y,0,TOTAL,0,0,0,0,0,0
PICO RIVERA,5230027A,2072,134,N,1030,POLLING PLACE,82,19,3,35,3,16
PICO RIVERA,5230027A,2072,134,N,0,VBM PORTION,43,11,2,16,1,7
PICO RIVERA,5230027A,2072,134,N,1030,TOTAL,125,30,5,51,4,23
PICO RIVERA,5230029A,2073,134,N,797,POLLING PLACE,38,8,5,14,4,7
PICO RIVERA,5230029A,2073,134,N,0,VBM PORTION,38,11,1,12,0,13
PICO RIVERA,5230029A,2073,134,N,797,TOTAL,76,19,6,26,4,20
PICO RIVERA,5230030A,2074,134,N,839,POLLING PLACE,49,10,7,21,0,9
PICO RIVERA,5230030A,2074,134,N,0,VBM PORTION,42,5,4,23,1,5
PICO RIVERA,5230030A,2074,134,N,839,TOTAL,91,15,11,44,1,14
PICO RIVERA,5230032A,2075,134,N,891,POLLING PLACE,64,10,4,36,3,10
PICO RIVERA,5230032A,2075,134,N,0,VBM PORTION,47,9,2,27,0,6
PICO RIVERA,5230032A,2075,134,N,891,TOTAL,111,19,6,63,3,16
PICO RIVERA,5230034B,2076,134,N,1150,POLLING PLACE,83,16,5,41,5,9
PICO RIVERA,5230034B,2076,134,N,0,VBM PORTION,48,10,7,20,1,6
PICO RIVERA,5230034B,2076,134,N,1150,TOTAL,131,26,12,61,6,15
PICO RIVERA,5230035A,2077,134,N,952,POLLING PLACE,62,10,10,24,5,11
PICO RIVERA,5230035A,2077,134,N,0,VBM PORTION,58,15,2,28,1,11
PICO RIVERA,5230035A,2077,134,N,952,TOTAL,120,25,12,52,6,22
PICO RIVERA,5230036A,2078,134,N,845,POLLING PLACE,39,11,2,18,1,3
PICO RIVERA,5230036A,2078,134,N,0,VBM PORTION,34,4,6,15,1,4
PICO RIVERA,5230036A,2078,134,N,845,TOTAL,73,15,8,33,2,7
PICO RIVERA,5230036B,6132,134,Y,0,POLLING PLACE,0,0,0,0,0,0
PICO RIVERA,5230036B,6132,134,Y,0,VBM PORTION,0,0,0,0,0,0
PICO RIVERA,5230036B,6132,134,Y,0,TOTAL,0,0,0,0,0,0
PICO RIVERA,5230038A,2079,134,N,1042,POLLING PLACE,74,13,9,33,5,8
PICO RIVERA,5230038A,2079,134,N,0,VBM PORTION,59,7,7,29,1,9
PICO RIVERA,5230038A,2079,134,N,1042,TOTAL,133,20,16,62,6,17
PICO RIVERA,5230039A,2080,134,N,1106,POLLING PLACE,80,16,12,36,3,11
PICO RIVERA,5230039A,2080,134,N,0,VBM PORTION,80,12,14,39,1,10
PICO RIVERA,5230039A,2080,134,N,1106,TOTAL,160,28,26,75,4,21
PICO RIVERA,5230041A,2081,134,N,898,POLLING PLACE,88,14,19,36,3,12
PICO RIVERA,5230041A,2081,134,N,0,VBM PORTION,33,4,7,13,0,6
PICO RIVERA,5230041A,2081,134,N,898,TOTAL,121,18,26,49,3,18
PICO RIVERA,5230043A,2082,134,N,1048,POLLING PLACE,78,17,9,35,1,12
PICO RIVERA,5230043A,2082,134,N,0,VBM PORTION,70,15,13,23,0,4
PICO RIVERA,5230043A,2082,134,N,1048,TOTAL,148,32,22,58,1,16
PICO RIVERA,5230044A,2083,134,N,991,POLLING PLACE,50,13,2,23,1,7
PICO RIVERA,5230044A,2083,134,N,0,VBM PORTION,43,15,6,13,2,3
PICO RIVERA,5230044A,2083,134,N,991,TOTAL,93,28,8,36,3,10
PICO RIVERA,5230045A,2084,134,N,1085,POLLING PLACE,46,11,7,15,3,7
PICO RIVERA,5230045A,2084,134,N,0,VBM PORTION,51,10,7,23,0,6
PICO RIVERA,5230045A,2084,134,N,1085,TOTAL,97,21,14,38,3,13
PICO RIVERA,5230049A,2085,134,N,981,POLLING PLACE,78,14,6,36,2,16
PICO RIVERA,5230049A,2085,134,N,0,VBM PORTION,48,10,6,18,0,8
PICO RIVERA,5230049A,2085,134,N,981,TOTAL,126,24,12,54,2,24
PICO RIVERA,5230068A,2086,134,N,905,POLLING PLACE,52,7,5,24,2,7
PICO RIVERA,5230068A,2086,134,N,0,VBM PORTION,39,5,5,19,1,6
PICO RIVERA,5230068A,2086,134,N,905,TOTAL,91,12,10,43,3,13
PICO RIVERA,5230080A,2087,134,N,1148,POLLING PLACE,63,15,8,27,1,11
PICO RIVERA,5230080A,2087,134,N,0,VBM PORTION,76,16,12,27,1,17
PICO RIVERA,5230080A,2087,134,N,1148,TOTAL,139,31,20,54,2,28
PICO RIVERA,5230081A,2088,134,N,977,POLLING PLACE,77,15,11,38,0,10
PICO RIVERA,5230081A,2088,134,N,0,VBM PORTION,60,20,2,26,1,10
PICO RIVERA,5230081A,2088,134,N,977,TOTAL,137,35,13,64,1,20
PIONEER,5240020A,6133,137,Y,205,POLLING PLACE,0,0,0,0,0,0
PIONEER,5240020A,6133,137,Y,0,VBM PORTION,32,9,5,9,0,8
PIONEER,5240020A,6133,137,Y,205,TOTAL,32,9,5,9,0,8
RIO HONDO,5600011A,6138,128,Y,1,POLLING PLACE,0,0,0,0,0,0
RIO HONDO,5600011A,6138,128,Y,0,VBM PORTION,0,0,0,0,0,0
RIO HONDO,5600011A,6138,128,Y,1,TOTAL,0,0,0,0,0,0
SANTA FE SPRINGS,6230001A,2441,132,N,1107,POLLING PLACE,61,17,6,31,0,3
SANTA FE SPRINGS,6230001A,2441,132,N,0,VBM PORTION,67,20,3,26,0,11
SANTA FE SPRINGS,6230001A,2441,132,N,1107,TOTAL,128,37,9,57,0,14
SANTA FE SPRINGS,6230004A,2442,132,N,997,POLLING PLACE,78,26,3,31,0,16
SANTA FE SPRINGS,6230004A,2442,132,N,0,VBM PORTION,65,24,6,23,0,9
SANTA FE SPRINGS,6230004A,2442,132,N,997,TOTAL,143,50,9,54,0,25
SANTA FE SPRINGS,6230006A,2443,132,N,1196,POLLING PLACE,110,37,5,45,1,14
SANTA FE SPRINGS,6230006A,2443,132,N,0,VBM PORTION,59,18,4,20,0,10
SANTA FE SPRINGS,6230006A,2443,132,N,1196,TOTAL,169,55,9,65,1,24
SANTA FE SPRINGS,6230008A,2444,132,N,839,POLLING PLACE,74,40,5,18,3,6
SANTA FE SPRINGS,6230008A,2444,132,N,0,VBM PORTION,54,15,5,23,0,6
SANTA FE SPRINGS,6230008A,2444,132,N,839,TOTAL,128,55,10,41,3,12
SANTA FE SPRINGS,6230009A,2445,132,N,970,POLLING PLACE,75,25,2,30,0,10
SANTA FE SPRINGS,6230009A,2445,132,N,0,VBM PORTION,95,29,11,34,2,12
SANTA FE SPRINGS,6230009A,2445,132,N,970,TOTAL,170,54,13,64,2,22
SANTA FE SPRINGS,6230010A,2446,132,N,1033,POLLING PLACE,62,8,4,32,4,11
SANTA FE SPRINGS,6230010A,2446,132,N,0,VBM PORTION,24,4,5,11,0,4
SANTA FE SPRINGS,6230010A,2446,132,N,1033,TOTAL,86,12,9,43,4,15
SANTA FE SPRINGS,6230011A,2447,132,N,1266,POLLING PLACE,69,14,8,36,1,10
SANTA FE SPRINGS,6230011A,2447,132,N,0,VBM PORTION,68,6,2,47,2,6
SANTA FE SPRINGS,6230011A,2447,132,N,1266,TOTAL,137,20,10,83,3,16
SANTA FE SPRINGS,6230018A,2448,132,N,938,POLLING PLACE,72,28,7,27,1,3
SANTA FE SPRINGS,6230018A,2448,132,N,0,VBM PORTION,61,23,2,22,0,11
SANTA FE SPRINGS,6230018A,2448,132,N,938,TOTAL,133,51,9,49,1,14
SANTA FE SPRINGS,6230051A,2449,132,N,1115,POLLING PLACE,69,17,4,36,1,7
SANTA FE SPRINGS,6230051A,2449,132,N,0,VBM PORTION,64,24,5,22,1,7
SANTA FE SPRINGS,6230051A,2449,132,N,1115,TOTAL,133,41,9,58,2,14
SANTA FE SPRINGS,6230052B,6153,132,Y,191,POLLING PLACE,0,0,0,0,0,0
SANTA FE SPRINGS,6230052B,6153,132,Y,0,VBM PORTION,20,8,6,2,0,3
SANTA FE SPRINGS,6230052B,6153,132,Y,191,TOTAL,20,8,6,2,0,3
SANTA FE SPRINGS,6230052L,6154,132,Y,25,POLLING PLACE,0,0,0,0,0,0
SANTA FE SPRINGS,6230052L,6154,132,Y,0,VBM PORTION,3,2,0,0,0,0
SANTA FE SPRINGS,6230052L,6154,132,Y,25,TOTAL,3,2,0,0,0,0
SOUTH WHITTIER,6700001A,2589,132,N,814,POLLING PLACE,63,17,4,28,2,6
SOUTH WHITTIER,6700001A,2589,132,N,0,VBM PORTION,40,22,4,10,2,0
SOUTH WHITTIER,6700001A,2589,132,N,814,TOTAL,103,39,8,38,4,6
SOUTH WHITTIER,6700002A,2590,132,N,1276,POLLING PLACE,78,38,9,20,2,6
SOUTH WHITTIER,6700002A,2590,132,N,0,VBM PORTION,83,46,6,18,1,7
SOUTH WHITTIER,6700002A,2590,132,N,1276,TOTAL,161,84,15,38,3,13
SOUTH WHITTIER,6700003A,2591,132,N,929,POLLING PLACE,41,13,6,15,0,4
SOUTH WHITTIER,6700003A,2591,132,N,0,VBM PORTION,34,14,6,8,0,2
SOUTH WHITTIER,6700003A,2591,132,N,929,TOTAL,75,27,12,23,0,6
SOUTH WHITTIER,6700004B,2592,132,N,1121,POLLING PLACE,80,24,4,41,3,7
SOUTH WHITTIER,6700004B,2592,132,N,0,VBM PORTION,49,23,3,16,0,2
SOUTH WHITTIER,6700004B,2592,132,N,1121,TOTAL,129,47,7,57,3,9
SOUTH WHITTIER,6700007A,2593,132,N,1029,POLLING PLACE,59,29,5,18,0,5
SOUTH WHITTIER,6700007A,2593,132,N,0,VBM PORTION,60,30,3,15,1,2
SOUTH WHITTIER,6700007A,2593,132,N,1029,TOTAL,119,59,8,33,1,7
SOUTH WHITTIER,6700008A,2594,132,N,1208,POLLING PLACE,103,57,6,25,1,6
SOUTH WHITTIER,6700008A,2594,132,N,0,VBM PORTION,87,38,9,24,1,6
SOUTH WHITTIER,6700008A,2594,132,N,1208,TOTAL,190,95,15,49,2,12
SOUTH WHITTIER,6700009B,2595,132,N,689,POLLING PLACE,53,21,3,24,1,1
SOUTH WHITTIER,6700009B,2595,132,N,0,VBM PORTION,32,10,3,13,1,2
SOUTH WHITTIER,6700009B,2595,132,N,689,TOTAL,85,31,6,37,2,3
SOUTH WHITTIER,6700010A,2596,132,N,975,POLLING PLACE,65,24,9,24,0,3
SOUTH WHITTIER,6700010A,2596,132,N,0,VBM PORTION,71,27,13,19,1,7
SOUTH WHITTIER,6700010A,2596,132,N,975,TOTAL,136,51,22,43,1,10
SOUTH WHITTIER,6700011B,2597,132,N,1302,POLLING PLACE,96,45,2,32,1,10
SOUTH WHITTIER,6700011B,2597,132,N,0,VBM PORTION,107,55,5,23,0,16
SOUTH WHITTIER,6700011B,2597,132,N,1302,TOTAL,203,100,7,55,1,26
SOUTH WHITTIER,6700012A,2598,132,N,1036,POLLING PLACE,97,51,6,25,0,8
SOUTH WHITTIER,6700012A,2598,132,N,0,VBM PORTION,84,44,5,18,0,8
SOUTH WHITTIER,6700012A,2598,132,N,1036,TOTAL,181,95,11,43,0,16
SOUTH WHITTIER,6700014B,2599,132,N,1089,POLLING PLACE,66,27,2,23,0,6
SOUTH WHITTIER,6700014B,2599,132,N,0,VBM PORTION,66,27,4,24,1,5
SOUTH WHITTIER,6700014B,2599,132,N,1089,TOTAL,132,54,6,47,1,11
SOUTH WHITTIER,6700015A,2600,132,N,751,POLLING PLACE,62,20,3,29,0,5
SOUTH WHITTIER,6700015A,2600,132,N,0,VBM PORTION,39,16,1,16,1,5
SOUTH WHITTIER,6700015A,2600,132,N,751,TOTAL,101,36,4,45,1,10
SOUTH WHITTIER,6700016A,2601,132,N,1077,POLLING PLACE,111,71,8,16,0,7
SOUTH WHITTIER,6700016A,2601,132,N,0,VBM PORTION,97,44,10,26,0,9
SOUTH WHITTIER,6700016A,2601,132,N,1077,TOTAL,208,115,18,42,0,16
SOUTH WHITTIER,6700017A,2602,132,N,1298,POLLING PLACE,116,66,11,27,1,6
SOUTH WHITTIER,6700017A,2602,132,N,0,VBM PORTION,112,58,7,25,2,9
SOUTH WHITTIER,6700017A,2602,132,N,1298,TOTAL,228,124,18,52,3,15
SOUTH WHITTIER,6700019A,2603,132,N,1119,POLLING PLACE,44,11,3,24,0,3
SOUTH WHITTIER,6700019A,2603,132,N,0,VBM PORTION,17,2,1,8,2,2
SOUTH WHITTIER,6700019A,2603,132,N,1119,TOTAL,61,13,4,32,2,5
SOUTH WHITTIER,6700021A,2604,132,N,1250,POLLING PLACE,137,86,8,28,1,7
SOUTH WHITTIER,6700021A,2604,132,N,0,VBM PORTION,97,58,11,14,0,9
SOUTH WHITTIER,6700021A,2604,132,N,1250,TOTAL,234,144,19,42,1,16
SOUTH WHITTIER,6700023A,2605,132,N,886,POLLING PLACE,53,21,5,15,1,9
SOUTH WHITTIER,6700023A,2605,132,N,0,VBM PORTION,67,31,6,21,0,4
SOUTH WHITTIER,6700023A,2605,132,N,886,TOTAL,120,52,11,36,1,13
SOUTH WHITTIER,6700025A,2606,132,N,664,POLLING PLACE,33,15,3,13,0,2
SOUTH WHITTIER,6700025A,2606,132,N,0,VBM PORTION,23,8,1,11,0,3
SOUTH WHITTIER,6700025A,2606,132,N,664,TOTAL,56,23,4,24,0,5
SOUTH WHITTIER,6700052A,2607,132,N,1018,POLLING PLACE,58,20,5,23,2,7
SOUTH WHITTIER,6700052A,2607,132,N,0,VBM PORTION,62,25,5,24,0,5
SOUTH WHITTIER,6700052A,2607,132,N,1018,TOTAL,120,45,10,47,2,12
SOUTH WHITTIER,6700053A,2608,132,N,1078,POLLING PLACE,60,21,6,18,3,9
SOUTH WHITTIER,6700053A,2608,132,N,0,VBM PORTION,68,19,5,22,5,11
SOUTH WHITTIER,6700053A,2608,132,N,1078,TOTAL,128,40,11,40,8,20
SOUTH WHITTIER,6700054B,2609,132,N,1213,POLLING PLACE,77,36,4,24,2,7
SOUTH WHITTIER,6700054B,2609,132,N,0,VBM PORTION,47,12,7,21,0,5
SOUTH WHITTIER,6700054B,2609,132,N,1213,TOTAL,124,48,11,45,2,12
SOUTH WHITTIER,6700055A,2610,132,N,1043,POLLING PLACE,45,10,4,22,1,6
SOUTH WHITTIER,6700055A,2610,132,N,0,VBM PORTION,48,26,5,11,0,6
SOUTH WHITTIER,6700055A,2610,132,N,1043,TOTAL,93,36,9,33,1,12
SOUTH WHITTIER,6700056A,2611,132,N,1206,POLLING PLACE,51,11,3,27,4,5
SOUTH WHITTIER,6700056A,2611,132,N,0,VBM PORTION,49,5,7,25,2,7
SOUTH WHITTIER,6700056A,2611,132,N,1206,TOTAL,100,16,10,52,6,12
SOUTH WHITTIER,6700057A,2612,132,N,1261,POLLING PLACE,102,56,5,31,2,5
SOUTH WHITTIER,6700057A,2612,132,N,0,VBM PORTION,100,47,4,37,1,7
SOUTH WHITTIER,6700057A,2612,132,N,1261,TOTAL,202,103,9,68,3,12
SOUTH WHITTIER,6700059A,2613,132,N,945,POLLING PLACE,77,28,8,27,1,6
SOUTH WHITTIER,6700059A,2613,132,N,0,VBM PORTION,79,37,4,18,1,12
SOUTH WHITTIER,6700059A,2613,132,N,945,TOTAL,156,65,12,45,2,18
SOUTH WHITTIER,6700062A,2614,132,N,1185,POLLING PLACE,93,42,8,28,1,7
SOUTH WHITTIER,6700062A,2614,132,N,0,VBM PORTION,73,37,3,24,0,7
SOUTH WHITTIER,6700062A,2614,132,N,1185,TOTAL,166,79,11,52,1,14
SOUTH WHITTIER,6700064A,2615,132,N,937,POLLING PLACE,64,20,4,32,0,4
SOUTH WHITTIER,6700064A,2615,132,N,0,VBM PORTION,45,14,2,21,0,5
SOUTH WHITTIER,6700064A,2615,132,N,937,TOTAL,109,34,6,53,0,9
SOUTH WHITTIER,6700065A,2616,132,N,769,POLLING PLACE,39,11,7,14,0,4
SOUTH WHITTIER,6700065A,2616,132,N,0,VBM PORTION,44,23,2,13,1,4
SOUTH WHITTIER,6700065A,2616,132,N,769,TOTAL,83,34,9,27,1,8
SOUTH WHITTIER,6700068A,2617,132,N,833,POLLING PLACE,72,23,7,28,2,10
SOUTH WHITTIER,6700068A,2617,132,N,0,VBM PORTION,47,18,8,12,0,5
SOUTH WHITTIER,6700068A,2617,132,N,833,TOTAL,119,41,15,40,2,15
SOUTH WHITTIER,6700070A,2618,132,N,1139,POLLING PLACE,78,31,7,31,1,6
SOUTH WHITTIER,6700070A,2618,132,N,0,VBM PORTION,66,24,5,28,1,4
SOUTH WHITTIER,6700070A,2618,132,N,1139,TOTAL,144,55,12,59,2,10
SOUTH WHITTIER,6700071C,2619,132,N,1174,POLLING PLACE,53,13,6,26,2,4
SOUTH WHITTIER,6700071C,2619,132,N,0,VBM PORTION,48,17,3,15,2,9
SOUTH WHITTIER,6700071C,2619,132,N,1174,TOTAL,101,30,9,41,4,13
WHITTIER,7800001A,2907,131,N,1082,POLLING PLACE,110,58,6,22,1,6
WHITTIER,7800001A,2907,131,N,0,VBM PORTION,153,86,11,28,1,15
WHITTIER,7800001A,2907,131,N,1082,TOTAL,263,144,17,50,2,21
WHITTIER,7800002C,2908,131,N,985,POLLING PLACE,80,32,10,22,3,10
WHITTIER,7800002C,2908,131,N,0,VBM PORTION,56,26,5,13,0,7
WHITTIER,7800002C,2908,131,N,985,TOTAL,136,58,15,35,3,17
WHITTIER,7800004A,2909,131,N,968,POLLING PLACE,116,66,12,23,2,10
WHITTIER,7800004A,2909,131,N,0,VBM PORTION,86,43,5,21,0,6
WHITTIER,7800004A,2909,131,N,968,TOTAL,202,109,17,44,2,16
WHITTIER,7800006A,2910,131,N,591,POLLING PLACE,77,31,5,22,1,14
WHITTIER,7800006A,2910,131,N,0,VBM PORTION,50,22,0,10,0,14
WHITTIER,7800006A,2910,131,N,591,TOTAL,127,53,5,32,1,28
WHITTIER,7800008A,2911,131,N,1107,POLLING PLACE,119,34,8,54,3,17
WHITTIER,7800008A,2911,131,N,0,VBM PORTION,75,23,8,27,1,5
WHITTIER,7800008A,2911,131,N,1107,TOTAL,194,57,16,81,4,22
WHITTIER,7800010A,2912,131,N,1072,POLLING PLACE,108,58,9,28,2,5
WHITTIER,7800010A,2912,131,N,0,VBM PORTION,58,21,3,19,1,6
WHITTIER,7800010A,2912,131,N,1072,TOTAL,166,79,12,47,3,11
WHITTIER,7800012A,2913,131,N,767,POLLING PLACE,103,39,10,34,2,11
WHITTIER,7800012A,2913,131,N,0,VBM PORTION,100,40,11,27,1,8
WHITTIER,7800012A,2913,131,N,767,TOTAL,203,79,21,61,3,19
WHITTIER,7800014A,2914,131,N,1263,POLLING PLACE,107,39,10,37,4,11
WHITTIER,7800014A,2914,131,N,0,VBM PORTION,86,37,11,21,1,6
WHITTIER,7800014A,2914,131,N,1263,TOTAL,193,76,21,58,5,17
WHITTIER,7800015D,2915,131,N,1129,POLLING PLACE,123,57,9,28,2,17
WHITTIER,7800015D,2915,131,N,0,VBM PORTION,115,51,16,22,3,15
WHITTIER,7800015D,2915,131,N,1129,TOTAL,238,108,25,50,5,32
WHITTIER,7800016A,2916,131,N,1129,POLLING PLACE,51,21,4,16,1,6
WHITTIER,7800016A,2916,131,N,0,VBM PORTION,41,15,10,12,1,2
WHITTIER,7800016A,2916,131,N,1129,TOTAL,92,36,14,28,2,8
WHITTIER,7800017B,2917,131,N,861,POLLING PLACE,82,24,11,23,3,16
WHITTIER,7800017B,2917,131,N,0,VBM PORTION,67,24,6,12,0,13
WHITTIER,7800017B,2917,131,N,861,TOTAL,149,48,17,35,3,29
WHITTIER,7800022B,2918,131,N,843,POLLING PLACE,170,77,9,44,5,18
WHITTIER,7800022B,2918,131,N,0,VBM PORTION,122,64,5,26,1,13
WHITTIER,7800022B,2918,131,N,843,TOTAL,292,141,14,70,6,31
WHITTIER,7800025A,2919,131,N,428,POLLING PLACE,59,25,6,10,0,11
WHITTIER,7800025A,2919,131,N,0,VBM PORTION,41,19,3,11,0,4
WHITTIER,7800025A,2919,131,N,428,TOTAL,100,44,9,21,0,15
WHITTIER,7800031A,2920,131,N,879,POLLING PLACE,66,45,2,11,0,2
WHITTIER,7800031A,2920,131,N,0,VBM PORTION,50,24,10,7,0,0
WHITTIER,7800031A,2920,131,N,879,TOTAL,116,69,12,18,0,2
WHITTIER,7800035A,2921,131,N,1043,POLLING PLACE,79,27,12,31,0,7
WHITTIER,7800035A,2921,131,N,0,VBM PORTION,40,15,2,14,0,3
WHITTIER,7800035A,2921,131,N,1043,TOTAL,119,42,14,45,0,10
WHITTIER,7800038E,2922,131,N,665,POLLING PLACE,62,26,6,16,1,5
WHITTIER,7800038E,2922,131,N,0,VBM PORTION,52,20,4,12,1,7
WHITTIER,7800038E,2922,131,N,665,TOTAL,114,46,10,28,2,12
WHITTIER,7800042A,2923,131,N,778,POLLING PLACE,74,22,12,21,4,4
WHITTIER,7800042A,2923,131,N,0,VBM PORTION,114,46,5,39,1,5
WHITTIER,7800042A,2923,131,N,778,TOTAL,188,68,17,60,5,9
WHITTIER,7800043A,2924,131,N,518,POLLING PLACE,69,32,5,16,0,11
WHITTIER,7800043A,2924,131,N,0,VBM PORTION,78,36,5,9,2,14
WHITTIER,7800043A,2924,131,N,518,TOTAL,147,68,10,25,2,25
WHITTIER,7800044A,2925,131,N,1124,POLLING PLACE,146,65,14,38,4,14
WHITTIER,7800044A,2925,131,N,0,VBM PORTION,82,45,4,18,2,1
WHITTIER,7800044A,2925,131,N,1124,TOTAL,228,110,18,56,6,15
WHITTIER,7800048A,2926,131,N,1127,POLLING PLACE,44,13,2,14,3,12
WHITTIER,7800048A,2926,131,N,0,VBM PORTION,35,18,2,9,0,2
WHITTIER,7800048A,2926,131,N,1127,TOTAL,79,31,4,23,3,14
WHITTIER,7800049A,2927,131,N,823,POLLING PLACE,82,27,4,33,0,12
WHITTIER,7800049A,2927,131,N,0,VBM PORTION,44,17,2,11,2,2
WHITTIER,7800049A,2927,131,N,823,TOTAL,126,44,6,44,2,14
WHITTIER,7800051A,2928,131,N,1302,POLLING PLACE,149,74,18,36,3,10
WHITTIER,7800051A,2928,131,N,0,VBM PORTION,106,44,4,22,2,13
WHITTIER,7800051A,2928,131,N,1302,TOTAL,255,118,22,58,5,23
WHITTIER,7800053A,2929,131,N,1046,POLLING PLACE,115,59,11,30,0,11
WHITTIER,7800053A,2929,131,N,0,VBM PORTION,78,38,6,22,0,11
WHITTIER,7800053A,2929,131,N,1046,TOTAL,193,97,17,52,0,22
WHITTIER,7800054A,2930,131,N,863,POLLING PLACE,73,35,8,19,0,3
WHITTIER,7800054A,2930,131,N,0,VBM PORTION,67,40,4,13,1,2
WHITTIER,7800054A,2930,131,N,863,TOTAL,140,75,12,32,1,5
WHITTIER,7800057A,2931,131,N,984,POLLING PLACE,108,59,8,24,1,11
WHITTIER,7800057A,2931,131,N,0,VBM PORTION,124,63,10,27,0,8
WHITTIER,7800057A,2931,131,N,984,TOTAL,232,122,18,51,1,19
WHITTIER,7800059A,2932,131,N,1199,POLLING PLACE,52,16,4,25,0,2
WHITTIER,7800059A,2932,131,N,0,VBM PORTION,60,25,5,18,1,4
WHITTIER,7800059A,2932,131,N,1199,TOTAL,112,41,9,43,1,6
WHITTIER,7800064A,2933,131,N,1006,POLLING PLACE,78,35,11,28,2,1
WHITTIER,7800064A,2933,131,N,0,VBM PORTION,72,26,6,21,0,8
WHITTIER,7800064A,2933,131,N,1006,TOTAL,150,61,17,49,2,9
WHITTIER,7800066C,2934,131,N,915,POLLING PLACE,115,76,4,21,1,6
WHITTIER,7800066C,2934,131,N,0,VBM PORTION,154,96,9,15,0,11
WHITTIER,7800066C,2934,131,N,915,TOTAL,269,172,13,36,1,17
WHITTIER,7800068A,2935,131,N,1208,POLLING PLACE,122,59,16,33,1,8
WHITTIER,7800068A,2935,131,N,0,VBM PORTION,102,41,6,27,2,8
WHITTIER,7800068A,2935,131,N,1208,TOTAL,224,100,22,60,3,16
WHITTIER,7800072B,2936,131,N,1300,POLLING PLACE,124,75,7,24,0,8
WHITTIER,7800072B,2936,131,N,0,VBM PORTION,124,59,5,28,3,13
WHITTIER,7800072B,2936,131,N,1300,TOTAL,248,134,12,52,3,21
WHITTIER,7800075A,2937,131,N,1410,POLLING PLACE,112,59,9,20,2,13
WHITTIER,7800075A,2937,131,N,0,VBM PORTION,124,65,11,25,1,13
WHITTIER,7800075A,2937,131,N,1410,TOTAL,236,124,20,45,3,26
WHITTIER,7800075C,2938,131,N,472,POLLING PLACE,43,22,5,6,1,7
WHITTIER,7800075C,2938,131,N,0,VBM PORTION,61,29,8,14,0,4
WHITTIER,7800075C,2938,131,N,472,TOTAL,104,51,13,20,1,11
WHITTIER,7800079A,2939,131,N,1113,POLLING PLACE,123,62,8,27,4,7
WHITTIER,7800079A,2939,131,N,0,VBM PORTION,97,33,2,30,0,11
WHITTIER,7800079A,2939,131,N,1113,TOTAL,220,95,10,57,4,18
WHITTIER,7800082A,2940,131,N,1161,POLLING PLACE,123,70,8,27,3,7
WHITTIER,7800082A,2940,131,N,0,VBM PORTION,119,69,11,19,1,7
WHITTIER,7800082A,2940,131,N,1161,TOTAL,242,139,19,46,4,14
WHITTIER,7800083A,2941,131,N,590,POLLING PLACE,78,51,3,15,0,4
WHITTIER,7800083A,2941,131,N,0,VBM PORTION,56,28,6,6,1,7
WHITTIER,7800083A,2941,131,N,590,TOTAL,134,79,9,21,1,11
WHITTIER,7800087A,2942,131,N,1252,POLLING PLACE,175,114,6,25,3,17
WHITTIER,7800087A,2942,131,N,0,VBM PORTION,162,100,7,25,1,11
WHITTIER,7800087A,2942,131,N,1252,TOTAL,337,214,13,50,4,28
WHITTIER,7800095A,6176,127,Y,0,POLLING PLACE,0,0,0,0,0,0
WHITTIER,7800095A,6176,127,Y,0,VBM PORTION,0,0,0,0,0,0
WHITTIER,7800095A,6176,127,Y,0,TOTAL,0,0,0,0,0,0
WHITTIER,7800144A,2943,131,N,1263,POLLING PLACE,131,44,7,47,5,16
WHITTIER,7800144A,2943,131,N,0,VBM PORTION,109,40,7,28,0,15
WHITTIER,7800144A,2943,131,N,1263,TOTAL,240,84,14,75,5,31
WHITTIER,7800148A,2944,131,N,859,POLLING PLACE,54,12,7,22,1,7
WHITTIER,7800148A,2944,131,N,0,VBM PORTION,45,9,4,18,2,7
WHITTIER,7800148A,2944,131,N,859,TOTAL,99,21,11,40,3,14
WHITTIER,7800149A,2945,131,N,985,POLLING PLACE,51,13,7,21,2,7
WHITTIER,7800149A,2945,131,N,0,VBM PORTION,94,33,10,25,0,6
WHITTIER,7800149A,2945,131,N,985,TOTAL,145,46,17,46,2,13
WHITTIER,7800165D,2946,131,N,1169,POLLING PLACE,80,30,3,35,0,7
WHITTIER,7800165D,2946,131,N,0,VBM PORTION,68,29,4,17,0,10
WHITTIER,7800165D,2946,131,N,1169,TOTAL,148,59,7,52,0,17
WHITTIER,7800167B,2947,131,N,1264,POLLING PLACE,67,10,15,25,2,12
WHITTIER,7800167B,2947,131,N,0,VBM PORTION,53,15,8,18,4,3
WHITTIER,7800167B,2947,131,N,1264,TOTAL,120,25,23,43,6,15
WHITTIER,7800170B,2948,131,N,1034,POLLING PLACE,44,14,6,17,2,4
WHITTIER,7800170B,2948,131,N,0,VBM PORTION,28,11,2,13,0,1
WHITTIER,7800170B,2948,131,N,1034,TOTAL,72,25,8,30,2,5
WHITTIER,7800171B,2949,131,N,1204,POLLING PLACE,85,25,12,36,1,9
WHITTIER,7800171B,2949,131,N,0,VBM PORTION,63,18,8,24,0,4
WHITTIER,7800171B,2949,131,N,1204,TOTAL,148,43,20,60,1,13
WHITTIER,7800172A,2950,131,N,695,POLLING PLACE,50,17,3,17,0,10
WHITTIER,7800172A,2950,131,N,0,VBM PORTION,29,11,2,9,0,3
WHITTIER,7800172A,2950,131,N,695,TOTAL,79,28,5,26,0,13
WHITTIER,7800176A,2951,131,N,1209,POLLING PLACE,46,8,10,17,1,9
WHITTIER,7800176A,2951,131,N,0,VBM PORTION,30,11,4,8,0,4
WHITTIER,7800176A,2951,131,N,1209,TOTAL,76,19,14,25,1,13
WHITTIER,7800185A,2952,131,N,1320,POLLING PLACE,186,87,7,60,1,15
WHITTIER,7800185A,2952,131,N,0,VBM PORTION,172,91,12,23,1,15
WHITTIER,7800185A,2952,131,N,1320,TOTAL,358,178,19,83,2,30
BALLOT GROUP 75,9990075A,8075,75,N,0,POLLING PLACE,0,0,0,0,0,0
BALLOT GROUP 75,9990075A,8075,75,N,0,VBM PORTION,0,0,0,0,0,0
BALLOT GROUP 75,9990075A,8075,75,N,0,TOTAL,0,0,0,0,0,0
BALLOT GROUP 126,9990126A,8126,126,N,0,POLLING PLACE,0,0,0,0,0,0
BALLOT GROUP 126,9990126A,8126,126,N,0,VBM PORTION,0,0,0,0,0,0
BALLOT GROUP 126,9990126A,8126,126,N,0,TOTAL,0,0,0,0,0,0
BALLOT GROUP 127,9990127A,8127,127,N,0,POLLING PLACE,0,0,0,0,0,0
BALLOT GROUP 127,9990127A,8127,127,N,0,VBM PORTION,0,0,0,0,0,0
BALLOT GROUP 127,9990127A,8127,127,N,0,TOTAL,0,0,0,0,0,0
BALLOT GROUP 128,9990128A,8128,128,N,0,POLLING PLACE,0,0,0,0,0,0
BALLOT GROUP 128,9990128A,8128,128,N,0,VBM PORTION,0,0,0,0,0,0
BALLOT GROUP 128,9990128A,8128,128,N,0,TOTAL,0,0,0,0,0,0
BALLOT GROUP 131,9990131A,8131,131,N,0,POLLING PLACE,0,0,0,0,0,0
BALLOT GROUP 131,9990131A,8131,131,N,0,VBM PORTION,6,1,0,2,0,0
BALLOT GROUP 131,9990131A,8131,131,N,0,TOTAL,3,1,0,2,0,0
BALLOT GROUP 132,9990132A,8132,132,N,0,POLLING PLACE,0,0,0,0,0,0
BALLOT GROUP 132,9990132A,8132,132,N,0,VBM PORTION,8,1,0,1,1,0
BALLOT GROUP 132,9990132A,8132,132,N,0,TOTAL,4,1,0,1,1,0
BALLOT GROUP 133,9990133A,8133,133,N,0,POLLING PLACE,0,0,0,0,0,0
BALLOT GROUP 133,9990133A,8133,133,N,0,VBM PORTION,2,1,0,0,0,0
BALLOT GROUP 133,9990133A,8133,133,N,0,TOTAL,1,1,0,0,0,0
BALLOT GROUP 134,9990134A,8134,134,N,0,POLLING PLACE,0,0,0,0,0,0
BALLOT GROUP 134,9990134A,8134,134,N,0,VBM PORTION,8,1,0,0,0,2
BALLOT GROUP 134,9990134A,8134,134,N,0,TOTAL,4,1,0,0,0,2
BALLOT GROUP 135,9990135A,8135,135,N,0,POLLING PLACE,0,0,0,0,0,0
BALLOT GROUP 135,9990135A,8135,135,N,0,VBM PORTION,2,0,0,0,0,0
BALLOT GROUP 135,9990135A,8135,135,N,0,TOTAL,1,0,0,0,0,0
BALLOT GROUP 137,9990137A,8137,137,N,0,POLLING PLACE,0,0,0,0,0,0
BALLOT GROUP 137,9990137A,8137,137,N,0,VBM PORTION,4,1,0,1,0,0
BALLOT GROUP 137,9990137A,8137,137,N,0,TOTAL,2,1,0,1,0,0
BALLOT GROUP 138,9990138A,8138,138,N,0,POLLING PLACE,0,0,0,0,0,0
BALLOT GROUP 138,9990138A,8138,138,N,0,VBM PORTION,2,0,0,1,0,0
BALLOT GROUP 138,9990138A,8138,138,N,0,TOTAL,1,0,0,1,0,0
BALLOT GROUP 139,9990139A,8139,139,N,0,POLLING PLACE,0,0,0,0,0,0
BALLOT GROUP 139,9990139A,8139,139,N,0,VBM PORTION,0,0,0,0,0,0
BALLOT GROUP 139,9990139A,8139,139,N,0,TOTAL,0,0,0,0,0,0
BALLOT GROUP 166,9990166A,8166,166,N,0,POLLING PLACE,0,0,0,0,0,0
BALLOT GROUP 166,9990166A,8166,166,N,0,VBM PORTION,6,2,1,0,0,0
BALLOT GROUP 166,9990166A,8166,166,N,0,TOTAL,3,2,1,0,0,0
BALLOT GROUP 167,9990167A,8167,167,N,0,POLLING PLACE,0,0,0,0,0,0
BALLOT GROUP 167,9990167A,8167,167,N,0,VBM PORTION,0,0,0,0,0,0
BALLOT GROUP 167,9990167A,8167,167,N,0,TOTAL,0,0,0,0,0,0
