LOCATION,PRECINCT,SERIAL,BALLOT GROUP,VOTE BY MAIL ONLY,REGISTRATION,TYPE,BALLOTS CAST,RAUL BOCANEGRA,KEVIN J SUSCAVAGE,PATTY LOPEZ
AGUA DULCE,0090009A,6009,21,Y,0,POLLING PLACE,0,0,0,0
AGUA DULCE,0090009A,6009,21,Y,0,VBM PORTION,0,0,0,0
AGUA DULCE,0090009A,6009,21,Y,0,TOTAL,0,0,0,0
AGUA DULCE,0090012A,6010,21,Y,5,POLLING PLACE,0,0,0,0
AGUA DULCE,0090012A,6010,21,Y,0,VBM PORTION,4,0,0,0
AGUA DULCE,0090012A,6010,21,Y,5,TOTAL,4,0,0,0
CANYON COUNTRY,1020022A,6023,24,Y,0,POLLING PLACE,0,0,0,0
CANYON COUNTRY,1020022A,6023,24,Y,0,VBM PORTION,0,0,0,0
CANYON COUNTRY,1020022A,6023,24,Y,0,TOTAL,0,0,0,0
CANYON COUNTRY,1020192C,6024,22,Y,38,POLLING PLACE,0,0,0,0
CANYON COUNTRY,1020192C,6024,22,Y,0,VBM PORTION,11,2,1,1
CANYON COUNTRY,1020192C,6024,22,Y,38,TOTAL,11,2,1,1
NEWHALL,4700004A,6117,21,Y,0,POLLING PLACE,0,0,0,0
NEWHALL,4700004A,6117,21,Y,0,VBM PORTION,0,0,0,0
NEWHALL,4700004A,6117,21,Y,0,TOTAL,0,0,0,0
NEWHALL,4700009A,6119,24,Y,0,POLLING PLACE,0,0,0,0
NEWHALL,4700009A,6119,24,Y,0,VBM PORTION,0,0,0,0
NEWHALL,4700009A,6119,24,Y,0,TOTAL,0,0,0,0
NEWHALL,4700011B,6120,21,Y,0,POLLING PLACE,0,0,0,0
NEWHALL,4700011B,6120,21,Y,0,VBM PORTION,0,0,0,0
NEWHALL,4700011B,6120,21,Y,0,TOTAL,0,0,0,0
SAN FERNANDO,6050001A,2305,15,N,895,POLLING PLACE,66,44,4,13
SAN FERNANDO,6050001A,2305,15,N,0,VBM PORTION,49,31,3,10
SAN FERNANDO,6050001A,2305,15,N,895,TOTAL,115,75,7,23
SAN FERNANDO,6050002A,2306,15,N,787,POLLING PLACE,62,42,4,12
SAN FERNANDO,6050002A,2306,15,N,0,VBM PORTION,52,38,5,5
SAN FERNANDO,6050002A,2306,15,N,787,TOTAL,114,80,9,17
SAN FERNANDO,6050005A,2307,15,N,1265,POLLING PLACE,86,46,7,18
SAN FERNANDO,6050005A,2307,15,N,0,VBM PORTION,51,33,1,11
SAN FERNANDO,6050005A,2307,15,N,1265,TOTAL,137,79,8,29
SAN FERNANDO,6050007A,2308,15,N,1232,POLLING PLACE,90,51,11,13
SAN FERNANDO,6050007A,2308,15,N,0,VBM PORTION,85,45,11,20
SAN FERNANDO,6050007A,2308,15,N,1232,TOTAL,175,96,22,33
SAN FERNANDO,6050009A,2309,15,N,1178,POLLING PLACE,74,42,6,16
SAN FERNANDO,6050009A,2309,15,N,0,VBM PORTION,57,25,5,16
SAN FERNANDO,6050009A,2309,15,N,1178,TOTAL,131,67,11,32
SAN FERNANDO,6050010A,2310,15,N,747,POLLING PLACE,44,20,6,12
SAN FERNANDO,6050010A,2310,15,N,0,VBM PORTION,28,20,1,5
SAN FERNANDO,6050010A,2310,15,N,747,TOTAL,72,40,7,17
SAN FERNANDO,6050012A,2311,15,N,1013,POLLING PLACE,71,33,8,22
SAN FERNANDO,6050012A,2311,15,N,0,VBM PORTION,42,17,8,9
SAN FERNANDO,6050012A,2311,15,N,1013,TOTAL,113,50,16,31
SAN FERNANDO,6050013A,2312,15,N,1093,POLLING PLACE,62,28,8,11
SAN FERNANDO,6050013A,2312,15,N,0,VBM PORTION,55,28,8,9
SAN FERNANDO,6050013A,2312,15,N,1093,TOTAL,117,56,16,20
SAN FERNANDO,6050016A,2313,15,N,994,POLLING PLACE,83,47,7,21
SAN FERNANDO,6050016A,2313,15,N,0,VBM PORTION,51,29,3,14
SAN FERNANDO,6050016A,2313,15,N,994,TOTAL,134,76,10,35
SANTA CLARITA,6220151A,6148,24,Y,0,POLLING PLACE,0,0,0,0
SANTA CLARITA,6220151A,6148,24,Y,0,VBM PORTION,0,0,0,0
SANTA CLARITA,6220151A,6148,24,Y,0,TOTAL,0,0,0,0
SANTA CLARITA,6220153A,6149,21,Y,1,POLLING PLACE,0,0,0,0
SANTA CLARITA,6220153A,6149,21,Y,0,VBM PORTION,0,0,0,0
SANTA CLARITA,6220153A,6149,21,Y,1,TOTAL,0,0,0,0
SANTA CLARITA,6220191A,6152,24,Y,42,POLLING PLACE,0,0,0,0
SANTA CLARITA,6220191A,6152,24,Y,0,VBM PORTION,4,1,0,0
SANTA CLARITA,6220191A,6152,24,Y,42,TOTAL,4,1,0,0
SUNLAND,6850001A,6163,24,Y,0,POLLING PLACE,0,0,0,0
SUNLAND,6850001A,6163,24,Y,0,VBM PORTION,0,0,0,0
SUNLAND,6850001A,6163,24,Y,0,TOTAL,0,0,0,0
SUNLAND,6850002A,2630,22,N,522,POLLING PLACE,74,31,13,18
SUNLAND,6850002A,2630,22,N,0,VBM PORTION,47,18,9,9
SUNLAND,6850002A,2630,22,N,522,TOTAL,121,49,22,27
SUNLAND,6850017A,6165,24,Y,106,POLLING PLACE,0,0,0,0
SUNLAND,6850017A,6165,24,Y,0,VBM PORTION,11,4,2,1
SUNLAND,6850017A,6165,24,Y,106,TOTAL,11,4,2,1
SUNLAND,6850028A,6166,16,Y,0,POLLING PLACE,0,0,0,0
SUNLAND,6850028A,6166,16,Y,0,VBM PORTION,0,0,0,0
SUNLAND,6850028A,6166,16,Y,0,TOTAL,0,0,0,0
LOS ANGELES,9000008A,2977,26,N,1337,POLLING PLACE,85,37,15,18
LOS ANGELES,9000008A,2977,26,N,0,VBM PORTION,72,28,3,17
LOS ANGELES,9000008A,2977,26,N,1337,TOTAL,157,65,18,35
LOS ANGELES,9000009A,2978,15,N,810,POLLING PLACE,54,23,9,14
LOS ANGELES,9000009A,2978,15,N,0,VBM PORTION,41,17,4,5
LOS ANGELES,9000009A,2978,15,N,810,TOTAL,95,40,13,19
LOS ANGELES,9000019A,2981,15,N,852,POLLING PLACE,87,40,16,14
LOS ANGELES,9000019A,2981,15,N,0,VBM PORTION,77,38,6,13
LOS ANGELES,9000019A,2981,15,N,852,TOTAL,164,78,22,27
LOS ANGELES,9000021A,2982,26,N,1492,POLLING PLACE,111,46,12,7
LOS ANGELES,9000021A,2982,26,N,0,VBM PORTION,181,48,23,21
LOS ANGELES,9000021A,2982,26,N,1492,TOTAL,292,94,35,28
LOS ANGELES,9000027A,2986,15,N,1251,POLLING PLACE,66,39,4,18
LOS ANGELES,9000027A,2986,15,N,0,VBM PORTION,60,24,7,16
LOS ANGELES,9000027A,2986,15,N,1251,TOTAL,126,63,11,34
LOS ANGELES,9000036A,6178,16,Y,0,POLLING PLACE,0,0,0,0
LOS ANGELES,9000036A,6178,16,Y,0,VBM PORTION,0,0,0,0
LOS ANGELES,9000036A,6178,16,Y,0,TOTAL,0,0,0,0
LOS ANGELES,9000045C,2996,19,N,971,POLLING PLACE,93,48,9,21
LOS ANGELES,9000045C,2996,19,N,0,VBM PORTION,52,29,2,12
LOS ANGELES,9000045C,2996,19,N,971,TOTAL,145,77,11,33
LOS ANGELES,9000046A,6179,20,Y,56,POLLING PLACE,0,0,0,0
LOS ANGELES,9000046A,6179,20,Y,0,VBM PORTION,13,5,1,4
LOS ANGELES,9000046A,6179,20,Y,56,TOTAL,13,5,1,4
LOS ANGELES,9000060A,3004,15,N,1153,POLLING PLACE,90,51,12,17
LOS ANGELES,9000060A,3004,15,N,0,VBM PORTION,94,54,12,9
LOS ANGELES,9000060A,3004,15,N,1153,TOTAL,184,105,24,26
LOS ANGELES,9000061A,3005,15,N,1059,POLLING PLACE,45,31,8,4
LOS ANGELES,9000061A,3005,15,N,0,VBM PORTION,81,35,5,18
LOS ANGELES,9000061A,3005,15,N,1059,TOTAL,126,66,13,22
LOS ANGELES,9000068A,3010,19,N,880,POLLING PLACE,40,21,5,8
LOS ANGELES,9000068A,3010,19,N,0,VBM PORTION,51,26,6,6
LOS ANGELES,9000068A,3010,19,N,880,TOTAL,91,47,11,14
LOS ANGELES,9000069A,3011,15,N,863,POLLING PLACE,46,27,10,6
LOS ANGELES,9000069A,3011,15,N,0,VBM PORTION,35,17,6,7
LOS ANGELES,9000069A,3011,15,N,863,TOTAL,81,44,16,13
LOS ANGELES,9000070A,3012,15,N,889,POLLING PLACE,62,44,2,10
LOS ANGELES,9000070A,3012,15,N,0,VBM PORTION,28,21,2,4
LOS ANGELES,9000070A,3012,15,N,889,TOTAL,90,65,4,14
LOS ANGELES,9000074A,3016,15,N,967,POLLING PLACE,81,38,9,20
LOS ANGELES,9000074A,3016,15,N,0,VBM PORTION,97,57,5,14
LOS ANGELES,9000074A,3016,15,N,967,TOTAL,178,95,14,34
LOS ANGELES,9000075A,3017,15,N,1055,POLLING PLACE,45,19,3,14
LOS ANGELES,9000075A,3017,15,N,0,VBM PORTION,56,28,6,5
LOS ANGELES,9000075A,3017,15,N,1055,TOTAL,101,47,9,19
LOS ANGELES,9000078A,3020,15,N,986,POLLING PLACE,66,42,4,7
LOS ANGELES,9000078A,3020,15,N,0,VBM PORTION,49,24,6,14
LOS ANGELES,9000078A,3020,15,N,986,TOTAL,115,66,10,21
LOS ANGELES,9000079C,3021,15,N,1047,POLLING PLACE,68,47,1,13
LOS ANGELES,9000079C,3021,15,N,0,VBM PORTION,55,42,2,4
LOS ANGELES,9000079C,3021,15,N,1047,TOTAL,123,89,3,17
LOS ANGELES,9000080A,3022,15,N,1057,POLLING PLACE,57,41,0,10
LOS ANGELES,9000080A,3022,15,N,0,VBM PORTION,44,30,0,11
LOS ANGELES,9000080A,3022,15,N,1057,TOTAL,101,71,0,21
LOS ANGELES,9000087A,3027,26,N,725,POLLING PLACE,63,24,4,17
LOS ANGELES,9000087A,3027,26,N,0,VBM PORTION,43,9,13,9
LOS ANGELES,9000087A,3027,26,N,725,TOTAL,106,33,17,26
LOS ANGELES,9000090A,3030,19,N,1121,POLLING PLACE,36,17,4,6
LOS ANGELES,9000090A,3030,19,N,0,VBM PORTION,55,27,3,9
LOS ANGELES,9000090A,3030,19,N,1121,TOTAL,91,44,7,15
LOS ANGELES,9000094A,3032,19,N,942,POLLING PLACE,51,33,7,9
LOS ANGELES,9000094A,3032,19,N,0,VBM PORTION,29,18,4,0
LOS ANGELES,9000094A,3032,19,N,942,TOTAL,80,51,11,9
LOS ANGELES,9000097C,3035,15,N,1113,POLLING PLACE,73,36,11,13
LOS ANGELES,9000097C,3035,15,N,0,VBM PORTION,61,27,10,15
LOS ANGELES,9000097C,3035,15,N,1113,TOTAL,134,63,21,28
LOS ANGELES,9000101A,3038,15,N,1210,POLLING PLACE,87,50,13,12
LOS ANGELES,9000101A,3038,15,N,0,VBM PORTION,78,40,9,12
LOS ANGELES,9000101A,3038,15,N,1210,TOTAL,165,90,22,24
LOS ANGELES,9000110A,3041,19,N,853,POLLING PLACE,45,27,3,12
LOS ANGELES,9000110A,3041,19,N,0,VBM PORTION,21,8,3,7
LOS ANGELES,9000110A,3041,19,N,853,TOTAL,66,35,6,19
LOS ANGELES,9000113A,3043,15,N,613,POLLING PLACE,29,20,3,2
LOS ANGELES,9000113A,3043,15,N,0,VBM PORTION,16,10,1,4
LOS ANGELES,9000113A,3043,15,N,613,TOTAL,45,30,4,6
LOS ANGELES,9000116A,3045,19,N,1305,POLLING PLACE,60,32,5,18
LOS ANGELES,9000116A,3045,19,N,0,VBM PORTION,44,26,2,8
LOS ANGELES,9000116A,3045,19,N,1305,TOTAL,104,58,7,26
LOS ANGELES,9000119A,3047,19,N,1163,POLLING PLACE,59,34,7,9
LOS ANGELES,9000119A,3047,19,N,0,VBM PORTION,59,27,6,9
LOS ANGELES,9000119A,3047,19,N,1163,TOTAL,118,61,13,18
LOS ANGELES,9000123A,3048,19,N,842,POLLING PLACE,59,27,5,13
LOS ANGELES,9000123A,3048,19,N,0,VBM PORTION,36,20,6,2
LOS ANGELES,9000123A,3048,19,N,842,TOTAL,95,47,11,15
LOS ANGELES,9000125B,3049,19,N,1251,POLLING PLACE,50,28,9,10
LOS ANGELES,9000125B,3049,19,N,0,VBM PORTION,49,19,10,15
LOS ANGELES,9000125B,3049,19,N,1251,TOTAL,99,47,19,25
LOS ANGELES,9000126A,3050,19,N,1292,POLLING PLACE,89,45,10,20
LOS ANGELES,9000126A,3050,19,N,0,VBM PORTION,39,23,3,8
LOS ANGELES,9000126A,3050,19,N,1292,TOTAL,128,68,13,28
LOS ANGELES,9000134A,3056,15,N,758,POLLING PLACE,33,20,0,8
LOS ANGELES,9000134A,3056,15,N,0,VBM PORTION,22,9,3,4
LOS ANGELES,9000134A,3056,15,N,758,TOTAL,55,29,3,12
LOS ANGELES,9000139B,3060,15,N,1082,POLLING PLACE,58,27,8,11
LOS ANGELES,9000139B,3060,15,N,0,VBM PORTION,94,52,17,14
LOS ANGELES,9000139B,3060,15,N,1082,TOTAL,152,79,25,25
LOS ANGELES,9000141A,3062,15,N,1042,POLLING PLACE,65,34,6,15
LOS ANGELES,9000141A,3062,15,N,0,VBM PORTION,77,44,6,14
LOS ANGELES,9000141A,3062,15,N,1042,TOTAL,142,78,12,29
LOS ANGELES,9000144A,3064,15,N,1211,POLLING PLACE,78,41,14,15
LOS ANGELES,9000144A,3064,15,N,0,VBM PORTION,76,34,7,14
LOS ANGELES,9000144A,3064,15,N,1211,TOTAL,154,75,21,29
LOS ANGELES,9000163A,3075,15,N,1025,POLLING PLACE,131,66,14,22
LOS ANGELES,9000163A,3075,15,N,0,VBM PORTION,90,54,10,13
LOS ANGELES,9000163A,3075,15,N,1025,TOTAL,221,120,24,35
LOS ANGELES,9000165A,3076,19,N,1259,POLLING PLACE,80,45,5,22
LOS ANGELES,9000165A,3076,19,N,0,VBM PORTION,76,36,5,18
LOS ANGELES,9000165A,3076,19,N,1259,TOTAL,156,81,10,40
LOS ANGELES,9000167A,3077,15,N,1115,POLLING PLACE,90,54,8,16
LOS ANGELES,9000167A,3077,15,N,0,VBM PORTION,48,22,6,9
LOS ANGELES,9000167A,3077,15,N,1115,TOTAL,138,76,14,25
LOS ANGELES,9000184B,3087,15,N,1155,POLLING PLACE,51,31,5,9
LOS ANGELES,9000184B,3087,15,N,0,VBM PORTION,66,39,8,13
LOS ANGELES,9000184B,3087,15,N,1155,TOTAL,117,70,13,22
LOS ANGELES,9000222A,3107,15,N,1252,POLLING PLACE,108,45,10,24
LOS ANGELES,9000222A,3107,15,N,0,VBM PORTION,105,54,11,12
LOS ANGELES,9000222A,3107,15,N,1252,TOTAL,213,99,21,36
LOS ANGELES,9000223A,3108,15,N,1045,POLLING PLACE,99,38,13,25
LOS ANGELES,9000223A,3108,15,N,0,VBM PORTION,72,32,11,13
LOS ANGELES,9000223A,3108,15,N,1045,TOTAL,171,70,24,38
LOS ANGELES,9000232A,3115,19,N,1258,POLLING PLACE,70,41,2,14
LOS ANGELES,9000232A,3115,19,N,0,VBM PORTION,47,31,1,7
LOS ANGELES,9000232A,3115,19,N,1258,TOTAL,117,72,3,21
LOS ANGELES,9000252A,3125,19,N,1297,POLLING PLACE,145,80,13,28
LOS ANGELES,9000252A,3125,19,N,0,VBM PORTION,98,45,16,19
LOS ANGELES,9000252A,3125,19,N,1297,TOTAL,243,125,29,47
LOS ANGELES,9000292A,3152,26,N,878,POLLING PLACE,118,36,23,21
LOS ANGELES,9000292A,3152,26,N,0,VBM PORTION,104,45,10,12
LOS ANGELES,9000292A,3152,26,N,878,TOTAL,222,81,33,33
LOS ANGELES,9000300A,3156,15,N,1111,POLLING PLACE,47,25,2,14
LOS ANGELES,9000300A,3156,15,N,0,VBM PORTION,33,18,4,7
LOS ANGELES,9000300A,3156,15,N,1111,TOTAL,80,43,6,21
LOS ANGELES,9000301A,3157,15,N,1242,POLLING PLACE,91,54,8,17
LOS ANGELES,9000301A,3157,15,N,0,VBM PORTION,64,37,5,18
LOS ANGELES,9000301A,3157,15,N,1242,TOTAL,155,91,13,35
LOS ANGELES,9000305A,3160,15,N,1023,POLLING PLACE,93,43,15,19
LOS ANGELES,9000305A,3160,15,N,0,VBM PORTION,116,49,19,21
LOS ANGELES,9000305A,3160,15,N,1023,TOTAL,209,92,34,40
LOS ANGELES,9000308B,3162,15,N,1228,POLLING PLACE,84,34,10,19
LOS ANGELES,9000308B,3162,15,N,0,VBM PORTION,121,48,19,26
LOS ANGELES,9000308B,3162,15,N,1228,TOTAL,205,82,29,45
LOS ANGELES,9000312A,3164,15,N,885,POLLING PLACE,99,42,15,15
LOS ANGELES,9000312A,3164,15,N,0,VBM PORTION,66,30,12,15
LOS ANGELES,9000312A,3164,15,N,885,TOTAL,165,72,27,30
LOS ANGELES,9000313B,3165,15,N,888,POLLING PLACE,38,23,5,6
LOS ANGELES,9000313B,3165,15,N,0,VBM PORTION,25,13,2,7
LOS ANGELES,9000313B,3165,15,N,888,TOTAL,63,36,7,13
LOS ANGELES,9000314A,3166,15,N,1208,POLLING PLACE,80,47,6,18
LOS ANGELES,9000314A,3166,15,N,0,VBM PORTION,53,27,3,10
LOS ANGELES,9000314A,3166,15,N,1208,TOTAL,133,74,9,28
LOS ANGELES,9000316A,3168,15,N,981,POLLING PLACE,72,30,10,17
LOS ANGELES,9000316A,3168,15,N,0,VBM PORTION,72,40,8,13
LOS ANGELES,9000316A,3168,15,N,981,TOTAL,144,70,18,30
LOS ANGELES,9000321A,3172,15,N,1143,POLLING PLACE,45,37,3,3
LOS ANGELES,9000321A,3172,15,N,0,VBM PORTION,50,36,4,6
LOS ANGELES,9000321A,3172,15,N,1143,TOTAL,95,73,7,9
LOS ANGELES,9000324A,3174,15,N,1028,POLLING PLACE,67,40,5,16
LOS ANGELES,9000324A,3174,15,N,0,VBM PORTION,32,22,1,7
LOS ANGELES,9000324A,3174,15,N,1028,TOTAL,99,62,6,23
LOS ANGELES,9000325A,3175,15,N,914,POLLING PLACE,95,46,9,19
LOS ANGELES,9000325A,3175,15,N,0,VBM PORTION,60,32,5,10
LOS ANGELES,9000325A,3175,15,N,914,TOTAL,155,78,14,29
LOS ANGELES,9000327A,3177,15,N,1190,POLLING PLACE,77,59,3,11
LOS ANGELES,9000327A,3177,15,N,0,VBM PORTION,54,29,2,16
LOS ANGELES,9000327A,3177,15,N,1190,TOTAL,131,88,5,27
LOS ANGELES,9000330A,3178,15,N,960,POLLING PLACE,67,40,3,17
LOS ANGELES,9000330A,3178,15,N,0,VBM PORTION,46,23,7,12
LOS ANGELES,9000330A,3178,15,N,960,TOTAL,113,63,10,29
LOS ANGELES,9000331A,3179,15,N,1093,POLLING PLACE,80,46,10,11
LOS ANGELES,9000331A,3179,15,N,0,VBM PORTION,73,42,5,17
LOS ANGELES,9000331A,3179,15,N,1093,TOTAL,153,88,15,28
LOS ANGELES,9000334A,3181,18,N,890,POLLING PLACE,57,27,11,12
LOS ANGELES,9000334A,3181,18,N,0,VBM PORTION,81,37,9,16
LOS ANGELES,9000334A,3181,18,N,890,TOTAL,138,64,20,28
LOS ANGELES,9000344A,3185,15,N,896,POLLING PLACE,59,32,6,12
LOS ANGELES,9000344A,3185,15,N,0,VBM PORTION,29,15,2,10
LOS ANGELES,9000344A,3185,15,N,896,TOTAL,88,47,8,22
LOS ANGELES,9000345A,3186,15,N,1119,POLLING PLACE,119,60,23,16
LOS ANGELES,9000345A,3186,15,N,0,VBM PORTION,103,36,8,32
LOS ANGELES,9000345A,3186,15,N,1119,TOTAL,222,96,31,48
LOS ANGELES,9000349D,6180,17,Y,0,POLLING PLACE,0,0,0,0
LOS ANGELES,9000349D,6180,17,Y,0,VBM PORTION,0,0,0,0
LOS ANGELES,9000349D,6180,17,Y,0,TOTAL,0,0,0,0
LOS ANGELES,9000378A,3205,15,N,796,POLLING PLACE,51,26,8,10
LOS ANGELES,9000378A,3205,15,N,0,VBM PORTION,61,29,12,9
LOS ANGELES,9000378A,3205,15,N,796,TOTAL,112,55,20,19
LOS ANGELES,9000379A,3206,15,N,1107,POLLING PLACE,76,46,10,7
LOS ANGELES,9000379A,3206,15,N,0,VBM PORTION,78,34,15,14
LOS ANGELES,9000379A,3206,15,N,1107,TOTAL,154,80,25,21
LOS ANGELES,9000381A,3207,15,N,751,POLLING PLACE,44,24,3,8
LOS ANGELES,9000381A,3207,15,N,0,VBM PORTION,39,21,2,9
LOS ANGELES,9000381A,3207,15,N,751,TOTAL,83,45,5,17
LOS ANGELES,9000382A,3208,15,N,1272,POLLING PLACE,62,25,4,22
LOS ANGELES,9000382A,3208,15,N,0,VBM PORTION,36,25,2,3
LOS ANGELES,9000382A,3208,15,N,1272,TOTAL,98,50,6,25
LOS ANGELES,9000383B,3209,15,N,1229,POLLING PLACE,85,55,7,15
LOS ANGELES,9000383B,3209,15,N,0,VBM PORTION,80,33,10,16
LOS ANGELES,9000383B,3209,15,N,1229,TOTAL,165,88,17,31
LOS ANGELES,9000390A,3214,15,N,1111,POLLING PLACE,81,49,6,18
LOS ANGELES,9000390A,3214,15,N,0,VBM PORTION,65,40,3,11
LOS ANGELES,9000390A,3214,15,N,1111,TOTAL,146,89,9,29
LOS ANGELES,9000391A,3215,15,N,1188,POLLING PLACE,69,50,2,9
LOS ANGELES,9000391A,3215,15,N,0,VBM PORTION,50,41,0,6
LOS ANGELES,9000391A,3215,15,N,1188,TOTAL,119,91,2,15
LOS ANGELES,9000392A,3216,19,N,1255,POLLING PLACE,53,27,4,8
LOS ANGELES,9000392A,3216,19,N,0,VBM PORTION,63,32,4,20
LOS ANGELES,9000392A,3216,19,N,1255,TOTAL,116,59,8,28
LOS ANGELES,9000396A,3219,15,N,1130,POLLING PLACE,85,51,10,12
LOS ANGELES,9000396A,3219,15,N,0,VBM PORTION,48,25,3,11
LOS ANGELES,9000396A,3219,15,N,1130,TOTAL,133,76,13,23
LOS ANGELES,9000416A,3236,26,N,928,POLLING PLACE,82,36,6,16
LOS ANGELES,9000416A,3236,26,N,0,VBM PORTION,85,25,12,16
LOS ANGELES,9000416A,3236,26,N,928,TOTAL,167,61,18,32
LOS ANGELES,9000448A,3250,26,N,1075,POLLING PLACE,105,44,19,23
LOS ANGELES,9000448A,3250,26,N,0,VBM PORTION,94,33,13,17
LOS ANGELES,9000448A,3250,26,N,1075,TOTAL,199,77,32,40
LOS ANGELES,9000457A,3256,19,N,963,POLLING PLACE,51,34,2,8
LOS ANGELES,9000457A,3256,19,N,0,VBM PORTION,50,25,11,11
LOS ANGELES,9000457A,3256,19,N,963,TOTAL,101,59,13,19
LOS ANGELES,9000460A,3258,19,N,1086,POLLING PLACE,81,35,11,15
LOS ANGELES,9000460A,3258,19,N,0,VBM PORTION,42,19,7,13
LOS ANGELES,9000460A,3258,19,N,1086,TOTAL,123,54,18,28
LOS ANGELES,9000461A,3259,19,N,1366,POLLING PLACE,90,50,7,18
LOS ANGELES,9000461A,3259,19,N,0,VBM PORTION,84,43,7,14
LOS ANGELES,9000461A,3259,19,N,1366,TOTAL,174,93,14,32
LOS ANGELES,9000465A,3261,15,N,1144,POLLING PLACE,57,39,6,7
LOS ANGELES,9000465A,3261,15,N,0,VBM PORTION,52,31,8,3
LOS ANGELES,9000465A,3261,15,N,1144,TOTAL,109,70,14,10
LOS ANGELES,9000467C,3263,19,N,1099,POLLING PLACE,55,36,8,8
LOS ANGELES,9000467C,3263,19,N,0,VBM PORTION,61,37,1,11
LOS ANGELES,9000467C,3263,19,N,1099,TOTAL,116,73,9,19
LOS ANGELES,9000472A,3265,15,N,1323,POLLING PLACE,77,50,7,15
LOS ANGELES,9000472A,3265,15,N,0,VBM PORTION,72,35,17,13
LOS ANGELES,9000472A,3265,15,N,1323,TOTAL,149,85,24,28
LOS ANGELES,9000474A,3266,15,N,1259,POLLING PLACE,57,34,4,9
LOS ANGELES,9000474A,3266,15,N,0,VBM PORTION,99,41,17,24
LOS ANGELES,9000474A,3266,15,N,1259,TOTAL,156,75,21,33
LOS ANGELES,9000483A,3270,19,N,1245,POLLING PLACE,54,28,7,12
LOS ANGELES,9000483A,3270,19,N,0,VBM PORTION,72,37,7,14
LOS ANGELES,9000483A,3270,19,N,1245,TOTAL,126,65,14,26
LOS ANGELES,9000497A,3278,15,N,1367,POLLING PLACE,84,51,4,16
LOS ANGELES,9000497A,3278,15,N,0,VBM PORTION,94,57,6,15
LOS ANGELES,9000497A,3278,15,N,1367,TOTAL,178,108,10,31
LOS ANGELES,9000498A,3279,15,N,1103,POLLING PLACE,88,39,10,21
LOS ANGELES,9000498A,3279,15,N,0,VBM PORTION,61,34,7,8
LOS ANGELES,9000498A,3279,15,N,1103,TOTAL,149,73,17,29
LOS ANGELES,9000500A,3280,15,N,1250,POLLING PLACE,56,19,6,13
LOS ANGELES,9000500A,3280,15,N,0,VBM PORTION,97,47,8,21
LOS ANGELES,9000500A,3280,15,N,1250,TOTAL,153,66,14,34
LOS ANGELES,9000509A,3286,19,N,1002,POLLING PLACE,72,40,7,18
LOS ANGELES,9000509A,3286,19,N,0,VBM PORTION,55,24,11,11
LOS ANGELES,9000509A,3286,19,N,1002,TOTAL,127,64,18,29
LOS ANGELES,9000510A,3287,19,N,1294,POLLING PLACE,75,35,11,22
LOS ANGELES,9000510A,3287,19,N,0,VBM PORTION,44,25,6,6
LOS ANGELES,9000510A,3287,19,N,1294,TOTAL,119,60,17,28
LOS ANGELES,9000510C,3288,19,N,1156,POLLING PLACE,67,39,16,4
LOS ANGELES,9000510C,3288,19,N,0,VBM PORTION,83,31,8,26
LOS ANGELES,9000510C,3288,19,N,1156,TOTAL,150,70,24,30
LOS ANGELES,9000512A,3290,19,N,1231,POLLING PLACE,58,33,5,17
LOS ANGELES,9000512A,3290,19,N,0,VBM PORTION,66,32,9,14
LOS ANGELES,9000512A,3290,19,N,1231,TOTAL,124,65,14,31
LOS ANGELES,9000518A,3294,19,N,1368,POLLING PLACE,59,29,7,14
LOS ANGELES,9000518A,3294,19,N,0,VBM PORTION,79,43,7,12
LOS ANGELES,9000518A,3294,19,N,1368,TOTAL,138,72,14,26
LOS ANGELES,9000519B,3295,19,N,994,POLLING PLACE,17,9,1,5
LOS ANGELES,9000519B,3295,19,N,0,VBM PORTION,28,16,1,7
LOS ANGELES,9000519B,3295,19,N,994,TOTAL,45,25,2,12
LOS ANGELES,9000523A,3297,19,N,1117,POLLING PLACE,53,28,5,17
LOS ANGELES,9000523A,3297,19,N,0,VBM PORTION,55,24,10,8
LOS ANGELES,9000523A,3297,19,N,1117,TOTAL,108,52,15,25
LOS ANGELES,9000529A,3300,19,N,1043,POLLING PLACE,80,42,10,16
LOS ANGELES,9000529A,3300,19,N,0,VBM PORTION,43,18,8,7
LOS ANGELES,9000529A,3300,19,N,1043,TOTAL,123,60,18,23
LOS ANGELES,9000531A,3302,19,N,1257,POLLING PLACE,110,59,11,21
LOS ANGELES,9000531A,3302,19,N,0,VBM PORTION,41,18,3,9
LOS ANGELES,9000531A,3302,19,N,1257,TOTAL,151,77,14,30
LOS ANGELES,9000537A,3305,19,N,1227,POLLING PLACE,87,42,11,22
LOS ANGELES,9000537A,3305,19,N,0,VBM PORTION,50,23,7,9
LOS ANGELES,9000537A,3305,19,N,1227,TOTAL,137,65,18,31
LOS ANGELES,9000543A,3306,19,N,1292,POLLING PLACE,115,76,9,15
LOS ANGELES,9000543A,3306,19,N,0,VBM PORTION,82,40,8,16
LOS ANGELES,9000543A,3306,19,N,1292,TOTAL,197,116,17,31
LOS ANGELES,9000556A,3317,19,N,1121,POLLING PLACE,74,40,4,11
LOS ANGELES,9000556A,3317,19,N,0,VBM PORTION,41,21,3,12
LOS ANGELES,9000556A,3317,19,N,1121,TOTAL,115,61,7,23
LOS ANGELES,9000574A,3328,15,N,890,POLLING PLACE,71,49,2,13
LOS ANGELES,9000574A,3328,15,N,0,VBM PORTION,20,12,1,7
LOS ANGELES,9000574A,3328,15,N,890,TOTAL,91,61,3,20
LOS ANGELES,9000592A,3337,19,N,881,POLLING PLACE,63,38,4,10
LOS ANGELES,9000592A,3337,19,N,0,VBM PORTION,56,36,4,9
LOS ANGELES,9000592A,3337,19,N,881,TOTAL,119,74,8,19
LOS ANGELES,9000607C,3348,19,N,1353,POLLING PLACE,124,59,15,15
LOS ANGELES,9000607C,3348,19,N,0,VBM PORTION,97,44,12,19
LOS ANGELES,9000607C,3348,19,N,1353,TOTAL,221,103,27,34
LOS ANGELES,9000616A,3354,19,N,1236,POLLING PLACE,104,61,4,25
LOS ANGELES,9000616A,3354,19,N,0,VBM PORTION,50,28,3,9
LOS ANGELES,9000616A,3354,19,N,1236,TOTAL,154,89,7,34
LOS ANGELES,9000632A,3358,26,N,1080,POLLING PLACE,98,39,18,17
LOS ANGELES,9000632A,3358,26,N,0,VBM PORTION,78,30,10,15
LOS ANGELES,9000632A,3358,26,N,1080,TOTAL,176,69,28,32
LOS ANGELES,9000633A,3359,26,N,632,POLLING PLACE,59,23,13,8
LOS ANGELES,9000633A,3359,26,N,0,VBM PORTION,61,22,11,8
LOS ANGELES,9000633A,3359,26,N,632,TOTAL,120,45,24,16
LOS ANGELES,9000634A,3360,26,N,1070,POLLING PLACE,74,31,7,17
LOS ANGELES,9000634A,3360,26,N,0,VBM PORTION,99,35,7,17
LOS ANGELES,9000634A,3360,26,N,1070,TOTAL,173,66,14,34
LOS ANGELES,9000636A,3361,26,N,1046,POLLING PLACE,78,32,9,12
LOS ANGELES,9000636A,3361,26,N,0,VBM PORTION,79,36,5,17
LOS ANGELES,9000636A,3361,26,N,1046,TOTAL,157,68,14,29
LOS ANGELES,9000637A,3362,26,N,1063,POLLING PLACE,118,50,10,17
LOS ANGELES,9000637A,3362,26,N,0,VBM PORTION,78,26,12,17
LOS ANGELES,9000637A,3362,26,N,1063,TOTAL,196,76,22,34
LOS ANGELES,9000639A,3363,26,N,1032,POLLING PLACE,88,30,12,17
LOS ANGELES,9000639A,3363,26,N,0,VBM PORTION,141,60,18,16
LOS ANGELES,9000639A,3363,26,N,1032,TOTAL,229,90,30,33
LOS ANGELES,9000640A,3364,26,N,879,POLLING PLACE,89,28,13,15
LOS ANGELES,9000640A,3364,26,N,0,VBM PORTION,115,51,8,15
LOS ANGELES,9000640A,3364,26,N,879,TOTAL,204,79,21,30
LOS ANGELES,9000641D,3365,26,N,1068,POLLING PLACE,88,41,12,12
LOS ANGELES,9000641D,3365,26,N,0,VBM PORTION,110,48,10,16
LOS ANGELES,9000641D,3365,26,N,1068,TOTAL,198,89,22,28
LOS ANGELES,9000645A,3367,26,N,866,POLLING PLACE,63,40,3,14
LOS ANGELES,9000645A,3367,26,N,0,VBM PORTION,75,25,2,32
LOS ANGELES,9000645A,3367,26,N,866,TOTAL,138,65,5,46
LOS ANGELES,9000646A,3368,26,N,1311,POLLING PLACE,117,53,15,18
LOS ANGELES,9000646A,3368,26,N,0,VBM PORTION,121,43,8,22
LOS ANGELES,9000646A,3368,26,N,1311,TOTAL,238,96,23,40
LOS ANGELES,9000654A,3370,26,N,672,POLLING PLACE,66,29,12,11
LOS ANGELES,9000654A,3370,26,N,0,VBM PORTION,77,26,11,19
LOS ANGELES,9000654A,3370,26,N,672,TOTAL,143,55,23,30
LOS ANGELES,9000655A,3371,26,N,1395,POLLING PLACE,61,31,7,12
LOS ANGELES,9000655A,3371,26,N,0,VBM PORTION,53,22,5,15
LOS ANGELES,9000655A,3371,26,N,1395,TOTAL,114,53,12,27
LOS ANGELES,9000672A,3376,26,N,1309,POLLING PLACE,129,60,21,21
LOS ANGELES,9000672A,3376,26,N,0,VBM PORTION,122,47,10,19
LOS ANGELES,9000672A,3376,26,N,1309,TOTAL,251,107,31,40
LOS ANGELES,9000686A,3380,19,N,1305,POLLING PLACE,77,42,6,16
LOS ANGELES,9000686A,3380,19,N,0,VBM PORTION,80,40,8,22
LOS ANGELES,9000686A,3380,19,N,1305,TOTAL,157,82,14,38
LOS ANGELES,9000692A,3385,19,N,936,POLLING PLACE,81,48,6,14
LOS ANGELES,9000692A,3385,19,N,0,VBM PORTION,76,37,4,19
LOS ANGELES,9000692A,3385,19,N,936,TOTAL,157,85,10,33
LOS ANGELES,9000695B,3387,26,N,840,POLLING PLACE,53,23,12,5
LOS ANGELES,9000695B,3387,26,N,0,VBM PORTION,60,25,3,11
LOS ANGELES,9000695B,3387,26,N,840,TOTAL,113,48,15,16
LOS ANGELES,9000718A,3395,19,N,1231,POLLING PLACE,59,24,11,19
LOS ANGELES,9000718A,3395,19,N,0,VBM PORTION,49,26,7,7
LOS ANGELES,9000718A,3395,19,N,1231,TOTAL,108,50,18,26
LOS ANGELES,9000732A,3401,19,N,1125,POLLING PLACE,72,47,5,10
LOS ANGELES,9000732A,3401,19,N,0,VBM PORTION,50,19,5,11
LOS ANGELES,9000732A,3401,19,N,1125,TOTAL,122,66,10,21
LOS ANGELES,9000998A,3506,15,N,1016,POLLING PLACE,53,29,4,14
LOS ANGELES,9000998A,3506,15,N,0,VBM PORTION,57,33,11,8
LOS ANGELES,9000998A,3506,15,N,1016,TOTAL,110,62,15,22
LOS ANGELES,9001050A,3539,15,N,1200,POLLING PLACE,72,47,8,12
LOS ANGELES,9001050A,3539,15,N,0,VBM PORTION,44,29,3,9
LOS ANGELES,9001050A,3539,15,N,1200,TOTAL,116,76,11,21
LOS ANGELES,9001065A,3546,15,N,931,POLLING PLACE,50,34,2,10
LOS ANGELES,9001065A,3546,15,N,0,VBM PORTION,63,41,7,9
LOS ANGELES,9001065A,3546,15,N,931,TOTAL,113,75,9,19
LOS ANGELES,9001077A,3552,15,N,1152,POLLING PLACE,61,36,5,14
LOS ANGELES,9001077A,3552,15,N,0,VBM PORTION,54,33,3,9
LOS ANGELES,9001077A,3552,15,N,1152,TOTAL,115,69,8,23
LOS ANGELES,9001451A,3713,19,N,1146,POLLING PLACE,79,41,7,17
LOS ANGELES,9001451A,3713,19,N,0,VBM PORTION,53,24,7,11
LOS ANGELES,9001451A,3713,19,N,1146,TOTAL,132,65,14,28
LOS ANGELES,9001700D,3815,15,N,716,POLLING PLACE,27,18,3,4
LOS ANGELES,9001700D,3815,15,N,0,VBM PORTION,32,23,1,3
LOS ANGELES,9001700D,3815,15,N,716,TOTAL,59,41,4,7
LOS ANGELES,9001907A,3903,15,N,769,POLLING PLACE,43,26,3,11
LOS ANGELES,9001907A,3903,15,N,0,VBM PORTION,26,19,0,7
LOS ANGELES,9001907A,3903,15,N,769,TOTAL,69,45,3,18
LOS ANGELES,9001917A,3905,19,N,1000,POLLING PLACE,59,24,8,16
LOS ANGELES,9001917A,3905,19,N,0,VBM PORTION,45,19,4,15
LOS ANGELES,9001917A,3905,19,N,1000,TOTAL,104,43,12,31
LOS ANGELES,9002176A,4028,19,N,826,POLLING PLACE,49,23,2,15
LOS ANGELES,9002176A,4028,19,N,0,VBM PORTION,89,47,4,12
LOS ANGELES,9002176A,4028,19,N,826,TOTAL,138,70,6,27
LOS ANGELES,9002222A,4047,19,N,1150,POLLING PLACE,40,26,1,8
LOS ANGELES,9002222A,4047,19,N,0,VBM PORTION,52,19,4,9
LOS ANGELES,9002222A,4047,19,N,1150,TOTAL,92,45,5,17
LOS ANGELES,9002256A,4059,28,N,1239,POLLING PLACE,143,49,26,17
LOS ANGELES,9002256A,4059,28,N,0,VBM PORTION,120,44,17,16
LOS ANGELES,9002256A,4059,28,N,1239,TOTAL,263,93,43,33
LOS ANGELES,9002281A,4070,15,N,1109,POLLING PLACE,63,41,2,11
LOS ANGELES,9002281A,4070,15,N,0,VBM PORTION,54,32,7,7
LOS ANGELES,9002281A,4070,15,N,1109,TOTAL,117,73,9,18
LOS ANGELES,9002301A,4077,19,N,1102,POLLING PLACE,66,32,13,14
LOS ANGELES,9002301A,4077,19,N,0,VBM PORTION,48,22,8,11
LOS ANGELES,9002301A,4077,19,N,1102,TOTAL,114,54,21,25
LOS ANGELES,9002305A,4080,19,N,1104,POLLING PLACE,57,37,10,6
LOS ANGELES,9002305A,4080,19,N,0,VBM PORTION,75,47,1,18
LOS ANGELES,9002305A,4080,19,N,1104,TOTAL,132,84,11,24
LOS ANGELES,9002318A,4086,19,N,1165,POLLING PLACE,78,44,5,18
LOS ANGELES,9002318A,4086,19,N,0,VBM PORTION,52,27,7,6
LOS ANGELES,9002318A,4086,19,N,1165,TOTAL,130,71,12,24
LOS ANGELES,9002319A,4087,19,N,1110,POLLING PLACE,51,30,6,13
LOS ANGELES,9002319A,4087,19,N,0,VBM PORTION,38,22,1,9
LOS ANGELES,9002319A,4087,19,N,1110,TOTAL,89,52,7,22
LOS ANGELES,9002398A,4127,19,N,942,POLLING PLACE,54,33,2,12
LOS ANGELES,9002398A,4127,19,N,0,VBM PORTION,43,26,5,10
LOS ANGELES,9002398A,4127,19,N,942,TOTAL,97,59,7,22
LOS ANGELES,9002539A,6198,16,Y,0,POLLING PLACE,0,0,0,0
LOS ANGELES,9002539A,6198,16,Y,0,VBM PORTION,0,0,0,0
LOS ANGELES,9002539A,6198,16,Y,0,TOTAL,0,0,0,0
LOS ANGELES,9002561A,6201,22,Y,0,POLLING PLACE,0,0,0,0
LOS ANGELES,9002561A,6201,22,Y,0,VBM PORTION,0,0,0,0
LOS ANGELES,9002561A,6201,22,Y,0,TOTAL,0,0,0,0
LOS ANGELES,9002610A,6204,23,Y,0,POLLING PLACE,0,0,0,0
LOS ANGELES,9002610A,6204,23,Y,0,VBM PORTION,0,0,0,0
LOS ANGELES,9002610A,6204,23,Y,0,TOTAL,0,0,0,0
LOS ANGELES,9002611A,6205,27,Y,0,POLLING PLACE,0,0,0,0
LOS ANGELES,9002611A,6205,27,Y,0,VBM PORTION,0,0,0,0
LOS ANGELES,9002611A,6205,27,Y,0,TOTAL,0,0,0,0
LOS ANGELES,9002612A,6206,24,Y,0,POLLING PLACE,0,0,0,0
LOS ANGELES,9002612A,6206,24,Y,0,VBM PORTION,0,0,0,0
LOS ANGELES,9002612A,6206,24,Y,0,TOTAL,0,0,0,0
LOS ANGELES,9002694A,6213,16,Y,0,POLLING PLACE,0,0,0,0
LOS ANGELES,9002694A,6213,16,Y,0,VBM PORTION,0,0,0,0
LOS ANGELES,9002694A,6213,16,Y,0,TOTAL,0,0,0,0
LOS ANGELES,9002730A,4236,15,N,923,POLLING PLACE,78,49,3,16
LOS ANGELES,9002730A,4236,15,N,0,VBM PORTION,50,16,8,16
LOS ANGELES,9002730A,4236,15,N,923,TOTAL,128,65,11,32
LOS ANGELES,9002796A,4244,25,N,767,POLLING PLACE,66,22,14,9
LOS ANGELES,9002796A,4244,25,N,0,VBM PORTION,66,20,9,12
LOS ANGELES,9002796A,4244,25,N,767,TOTAL,132,42,23,21
LOS ANGELES,9002811A,4247,19,N,1144,POLLING PLACE,57,32,3,16
LOS ANGELES,9002811A,4247,19,N,0,VBM PORTION,62,29,5,12
LOS ANGELES,9002811A,4247,19,N,1144,TOTAL,119,61,8,28
LOS ANGELES,9002824A,4249,15,N,1243,POLLING PLACE,65,41,6,10
LOS ANGELES,9002824A,4249,15,N,0,VBM PORTION,52,35,5,7
LOS ANGELES,9002824A,4249,15,N,1243,TOTAL,117,76,11,17
LOS ANGELES,9002888A,4258,15,N,1142,POLLING PLACE,77,53,1,10
LOS ANGELES,9002888A,4258,15,N,0,VBM PORTION,41,31,2,7
LOS ANGELES,9002888A,4258,15,N,1142,TOTAL,118,84,3,17
LOS ANGELES,9002894A,4263,15,N,1114,POLLING PLACE,75,59,1,9
LOS ANGELES,9002894A,4263,15,N,0,VBM PORTION,62,38,3,13
LOS ANGELES,9002894A,4263,15,N,1114,TOTAL,137,97,4,22
LOS ANGELES,9002903B,4265,15,N,1099,POLLING PLACE,69,47,3,14
LOS ANGELES,9002903B,4265,15,N,0,VBM PORTION,43,30,0,7
LOS ANGELES,9002903B,4265,15,N,1099,TOTAL,112,77,3,21
LOS ANGELES,9002988A,4278,19,N,1029,POLLING PLACE,55,34,9,6
LOS ANGELES,9002988A,4278,19,N,0,VBM PORTION,30,12,6,9
LOS ANGELES,9002988A,4278,19,N,1029,TOTAL,85,46,15,15
LOS ANGELES,9003374A,4313,26,N,1255,POLLING PLACE,98,40,7,31
LOS ANGELES,9003374A,4313,26,N,0,VBM PORTION,90,47,11,12
LOS ANGELES,9003374A,4313,26,N,1255,TOTAL,188,87,18,43
LOS ANGELES,9003448A,4317,19,N,944,POLLING PLACE,48,28,5,10
LOS ANGELES,9003448A,4317,19,N,0,VBM PORTION,74,32,14,16
LOS ANGELES,9003448A,4317,19,N,944,TOTAL,122,60,19,26
LOS ANGELES,9003606A,4327,15,N,1057,POLLING PLACE,116,68,9,25
LOS ANGELES,9003606A,4327,15,N,0,VBM PORTION,101,36,22,30
LOS ANGELES,9003606A,4327,15,N,1057,TOTAL,217,104,31,55
LOS ANGELES,9003613A,4328,18,N,962,POLLING PLACE,97,44,14,8
LOS ANGELES,9003613A,4328,18,N,0,VBM PORTION,123,45,18,13
LOS ANGELES,9003613A,4328,18,N,962,TOTAL,220,89,32,21
LOS ANGELES,9003614A,4329,18,N,1233,POLLING PLACE,161,68,22,31
LOS ANGELES,9003614A,4329,18,N,0,VBM PORTION,118,39,21,29
LOS ANGELES,9003614A,4329,18,N,1233,TOTAL,279,107,43,60
LOS ANGELES,9004212A,4358,15,N,472,POLLING PLACE,88,43,12,12
LOS ANGELES,9004212A,4358,15,N,0,VBM PORTION,71,32,15,6
LOS ANGELES,9004212A,4358,15,N,472,TOTAL,159,75,27,18
LOS ANGELES,9004225A,4363,15,N,1194,POLLING PLACE,46,21,4,12
LOS ANGELES,9004225A,4363,15,N,0,VBM PORTION,67,33,6,16
LOS ANGELES,9004225A,4363,15,N,1194,TOTAL,113,54,10,28
LOS ANGELES,9005635A,4436,19,N,819,POLLING PLACE,57,28,10,12
LOS ANGELES,9005635A,4436,19,N,0,VBM PORTION,57,28,11,13
LOS ANGELES,9005635A,4436,19,N,819,TOTAL,114,56,21,25
LOS ANGELES,9005638A,4437,19,N,1176,POLLING PLACE,49,23,8,10
LOS ANGELES,9005638A,4437,19,N,0,VBM PORTION,72,35,10,14
LOS ANGELES,9005638A,4437,19,N,1176,TOTAL,121,58,18,24
LOS ANGELES,9005645A,4438,26,N,717,POLLING PLACE,72,32,10,14
LOS ANGELES,9005645A,4438,26,N,0,VBM PORTION,62,14,16,8
LOS ANGELES,9005645A,4438,26,N,717,TOTAL,134,46,26,22
LOS ANGELES,9005651A,4439,26,N,1137,POLLING PLACE,101,38,23,13
LOS ANGELES,9005651A,4439,26,N,0,VBM PORTION,76,34,5,13
LOS ANGELES,9005651A,4439,26,N,1137,TOTAL,177,72,28,26
LOS ANGELES,9005656A,4440,26,N,730,POLLING PLACE,93,36,8,12
LOS ANGELES,9005656A,4440,26,N,0,VBM PORTION,78,24,9,3
LOS ANGELES,9005656A,4440,26,N,730,TOTAL,171,60,17,15
LOS ANGELES,9005662A,4441,20,N,1056,POLLING PLACE,88,56,9,16
LOS ANGELES,9005662A,4441,20,N,0,VBM PORTION,45,26,2,14
LOS ANGELES,9005662A,4441,20,N,1056,TOTAL,133,82,11,30
LOS ANGELES,9005663A,4442,20,N,1182,POLLING PLACE,55,21,8,18
LOS ANGELES,9005663A,4442,20,N,0,VBM PORTION,61,21,11,13
LOS ANGELES,9005663A,4442,20,N,1182,TOTAL,116,42,19,31
LOS ANGELES,9005666A,4443,15,N,1242,POLLING PLACE,32,18,2,6
LOS ANGELES,9005666A,4443,15,N,0,VBM PORTION,27,20,1,5
LOS ANGELES,9005666A,4443,15,N,1242,TOTAL,59,38,3,11
LOS ANGELES,9005667A,4444,26,N,1058,POLLING PLACE,108,48,16,20
LOS ANGELES,9005667A,4444,26,N,0,VBM PORTION,82,41,6,15
LOS ANGELES,9005667A,4444,26,N,1058,TOTAL,190,89,22,35
LOS ANGELES,9005669A,4445,15,N,1277,POLLING PLACE,61,36,1,16
LOS ANGELES,9005669A,4445,15,N,0,VBM PORTION,67,42,6,8
LOS ANGELES,9005669A,4445,15,N,1277,TOTAL,128,78,7,24
LOS ANGELES,9006197A,4467,15,N,718,POLLING PLACE,73,38,8,15
LOS ANGELES,9006197A,4467,15,N,0,VBM PORTION,59,30,2,14
LOS ANGELES,9006197A,4467,15,N,718,TOTAL,132,68,10,29
LOS ANGELES,9006203A,4468,15,N,861,POLLING PLACE,81,40,14,18
LOS ANGELES,9006203A,4468,15,N,0,VBM PORTION,55,26,8,6
LOS ANGELES,9006203A,4468,15,N,861,TOTAL,136,66,22,24
LOS ANGELES,9006206A,4469,15,N,1134,POLLING PLACE,58,37,5,9
LOS ANGELES,9006206A,4469,15,N,0,VBM PORTION,50,31,6,9
LOS ANGELES,9006206A,4469,15,N,1134,TOTAL,108,68,11,18
LOS ANGELES,9006209A,4470,15,N,1037,POLLING PLACE,116,46,19,33
LOS ANGELES,9006209A,4470,15,N,0,VBM PORTION,63,24,12,14
LOS ANGELES,9006209A,4470,15,N,1037,TOTAL,179,70,31,47
LOS ANGELES,9006212B,4471,15,N,943,POLLING PLACE,81,49,8,12
LOS ANGELES,9006212B,4471,15,N,0,VBM PORTION,54,31,7,8
LOS ANGELES,9006212B,4471,15,N,943,TOTAL,135,80,15,20
LOS ANGELES,9006214A,4472,15,N,966,POLLING PLACE,34,25,4,4
LOS ANGELES,9006214A,4472,15,N,0,VBM PORTION,73,41,6,14
LOS ANGELES,9006214A,4472,15,N,966,TOTAL,107,66,10,18
LOS ANGELES,9006216A,4473,15,N,780,POLLING PLACE,69,46,3,12
LOS ANGELES,9006216A,4473,15,N,0,VBM PORTION,53,25,1,15
LOS ANGELES,9006216A,4473,15,N,780,TOTAL,122,71,4,27
LOS ANGELES,9006217A,4474,15,N,775,POLLING PLACE,37,23,4,3
LOS ANGELES,9006217A,4474,15,N,0,VBM PORTION,55,37,1,7
LOS ANGELES,9006217A,4474,15,N,775,TOTAL,92,60,5,10
LOS ANGELES,9006218A,4475,15,N,1028,POLLING PLACE,59,31,3,12
LOS ANGELES,9006218A,4475,15,N,0,VBM PORTION,57,29,7,12
LOS ANGELES,9006218A,4475,15,N,1028,TOTAL,116,60,10,24
LOS ANGELES,9006219A,4476,18,N,1178,POLLING PLACE,148,70,11,18
LOS ANGELES,9006219A,4476,18,N,0,VBM PORTION,151,48,27,17
LOS ANGELES,9006219A,4476,18,N,1178,TOTAL,299,118,38,35
LOS ANGELES,9006224A,4477,15,N,953,POLLING PLACE,73,49,12,9
LOS ANGELES,9006224A,4477,15,N,0,VBM PORTION,76,49,2,10
LOS ANGELES,9006224A,4477,15,N,953,TOTAL,149,98,14,19
LOS ANGELES,9007307A,4591,26,N,737,POLLING PLACE,97,49,17,8
LOS ANGELES,9007307A,4591,26,N,0,VBM PORTION,48,20,4,2
LOS ANGELES,9007307A,4591,26,N,737,TOTAL,145,69,21,10
LOS ANGELES,9007311A,4592,26,N,1138,POLLING PLACE,143,68,21,27
LOS ANGELES,9007311A,4592,26,N,0,VBM PORTION,120,38,14,19
LOS ANGELES,9007311A,4592,26,N,1138,TOTAL,263,106,35,46
LOS ANGELES,9007313A,4593,26,N,1006,POLLING PLACE,105,43,18,18
LOS ANGELES,9007313A,4593,26,N,0,VBM PORTION,127,34,13,26
LOS ANGELES,9007313A,4593,26,N,1006,TOTAL,232,77,31,44
LOS ANGELES,9007321A,4594,26,N,712,POLLING PLACE,84,30,9,17
LOS ANGELES,9007321A,4594,26,N,0,VBM PORTION,107,37,8,10
LOS ANGELES,9007321A,4594,26,N,712,TOTAL,191,67,17,27
LOS ANGELES,9007323A,4595,26,N,889,POLLING PLACE,101,28,13,14
LOS ANGELES,9007323A,4595,26,N,0,VBM PORTION,89,29,5,17
LOS ANGELES,9007323A,4595,26,N,889,TOTAL,190,57,18,31
LOS ANGELES,9007333A,4596,26,N,857,POLLING PLACE,80,36,8,11
LOS ANGELES,9007333A,4596,26,N,0,VBM PORTION,60,15,9,7
LOS ANGELES,9007333A,4596,26,N,857,TOTAL,140,51,17,18
LOS ANGELES,9007341A,4597,20,N,605,POLLING PLACE,25,9,2,5
LOS ANGELES,9007341A,4597,20,N,0,VBM PORTION,25,15,1,6
LOS ANGELES,9007341A,4597,20,N,605,TOTAL,50,24,3,11
LOS ANGELES,9007735A,4614,15,N,1103,POLLING PLACE,70,27,12,22
LOS ANGELES,9007735A,4614,15,N,0,VBM PORTION,70,25,7,11
LOS ANGELES,9007735A,4614,15,N,1103,TOTAL,140,52,19,33
LOS ANGELES,9007737A,4615,15,N,1071,POLLING PLACE,77,40,9,14
LOS ANGELES,9007737A,4615,15,N,0,VBM PORTION,78,29,5,21
LOS ANGELES,9007737A,4615,15,N,1071,TOTAL,155,69,14,35
LOS ANGELES,9007744A,4616,15,N,1276,POLLING PLACE,93,53,13,21
LOS ANGELES,9007744A,4616,15,N,0,VBM PORTION,62,33,5,12
LOS ANGELES,9007744A,4616,15,N,1276,TOTAL,155,86,18,33
LOS ANGELES,9008147A,4648,15,N,1131,POLLING PLACE,70,40,9,14
LOS ANGELES,9008147A,4648,15,N,0,VBM PORTION,55,34,6,7
LOS ANGELES,9008147A,4648,15,N,1131,TOTAL,125,74,15,21
BALLOT GROUP 15,9990015A,8015,15,N,0,POLLING PLACE,0,0,0,0
BALLOT GROUP 15,9990015A,8015,15,N,0,VBM PORTION,4,0,0,1
BALLOT GROUP 15,9990015A,8015,15,N,0,TOTAL,2,0,0,1
BALLOT GROUP 16,9990016A,8016,16,N,0,POLLING PLACE,0,0,0,0
BALLOT GROUP 16,9990016A,8016,16,N,0,VBM PORTION,0,0,0,0
BALLOT GROUP 16,9990016A,8016,16,N,0,TOTAL,0,0,0,0
BALLOT GROUP 17,9990017A,8017,17,N,0,POLLING PLACE,0,0,0,0
BALLOT GROUP 17,9990017A,8017,17,N,0,VBM PORTION,0,0,0,0
BALLOT GROUP 17,9990017A,8017,17,N,0,TOTAL,0,0,0,0
BALLOT GROUP 18,9990018A,8018,18,N,0,POLLING PLACE,0,0,0,0
BALLOT GROUP 18,9990018A,8018,18,N,0,VBM PORTION,2,0,0,0
BALLOT GROUP 18,9990018A,8018,18,N,0,TOTAL,1,0,0,0
BALLOT GROUP 19,9990019A,8019,19,N,0,POLLING PLACE,0,0,0,0
BALLOT GROUP 19,9990019A,8019,19,N,0,VBM PORTION,8,2,1,0
BALLOT GROUP 19,9990019A,8019,19,N,0,TOTAL,4,2,1,0
BALLOT GROUP 20,9990020A,8020,20,N,0,POLLING PLACE,0,0,0,0
BALLOT GROUP 20,9990020A,8020,20,N,0,VBM PORTION,0,0,0,0
BALLOT GROUP 20,9990020A,8020,20,N,0,TOTAL,0,0,0,0
BALLOT GROUP 21,9990021A,8021,21,N,0,POLLING PLACE,0,0,0,0
BALLOT GROUP 21,9990021A,8021,21,N,0,VBM PORTION,0,0,0,0
BALLOT GROUP 21,9990021A,8021,21,N,0,TOTAL,0,0,0,0
BALLOT GROUP 22,9990022A,8022,22,N,0,POLLING PLACE,0,0,0,0
BALLOT GROUP 22,9990022A,8022,22,N,0,VBM PORTION,0,0,0,0
BALLOT GROUP 22,9990022A,8022,22,N,0,TOTAL,0,0,0,0
BALLOT GROUP 23,9990023A,8023,23,N,0,POLLING PLACE,0,0,0,0
BALLOT GROUP 23,9990023A,8023,23,N,0,VBM PORTION,0,0,0,0
BALLOT GROUP 23,9990023A,8023,23,N,0,TOTAL,0,0,0,0
BALLOT GROUP 24,9990024A,8024,24,N,0,POLLING PLACE,0,0,0,0
BALLOT GROUP 24,9990024A,8024,24,N,0,VBM PORTION,0,0,0,0
BALLOT GROUP 24,9990024A,8024,24,N,0,TOTAL,0,0,0,0
BALLOT GROUP 25,9990025A,8025,25,N,0,POLLING PLACE,0,0,0,0
BALLOT GROUP 25,9990025A,8025,25,N,0,VBM PORTION,0,0,0,0
BALLOT GROUP 25,9990025A,8025,25,N,0,TOTAL,0,0,0,0
BALLOT GROUP 26,9990026A,8026,26,N,0,POLLING PLACE,0,0,0,0
BALLOT GROUP 26,9990026A,8026,26,N,0,VBM PORTION,0,0,0,0
BALLOT GROUP 26,9990026A,8026,26,N,0,TOTAL,0,0,0,0
BALLOT GROUP 27,9990027A,8027,27,N,0,POLLING PLACE,0,0,0,0
BALLOT GROUP 27,9990027A,8027,27,N,0,VBM PORTION,0,0,0,0
BALLOT GROUP 27,9990027A,8027,27,N,0,TOTAL,0,0,0,0
BALLOT GROUP 28,9990028A,8028,28,N,0,POLLING PLACE,0,0,0,0
BALLOT GROUP 28,9990028A,8028,28,N,0,VBM PORTION,0,0,0,0
BALLOT GROUP 28,9990028A,8028,28,N,0,TOTAL,0,0,0,0
