LOCATION,PRECINCT,SERIAL,BALLOT GROUP,VOTE BY MAIL ONLY,REGISTRATION,TYPE,BALLOTS CAST,MARK S REED,PABLO KLEINMAN,MICHAEL W POWELSON,BRAD SHERMAN,MARC LITCHMAN
AGOURA,0070001B,6005,56,Y,66,POLLING PLACE,0,0,0,0,0,0
AGOURA,0070001B,6005,56,Y,0,VBM PORTION,7,4,1,0,2,0
AGOURA,0070001B,6005,56,Y,66,TOTAL,7,4,1,0,2,0
AGOURA,0070008B,9,56,N,846,POLLING PLACE,44,16,8,0,17,0
AGOURA,0070008B,9,56,N,0,VBM PORTION,99,35,17,0,37,3
AGOURA,0070008B,9,56,N,846,TOTAL,143,51,25,0,54,3
BURBANK,0950012A,297,48,N,766,POLLING PLACE,65,18,6,2,28,6
BURBANK,0950012A,297,48,N,0,VBM PORTION,72,15,11,0,35,4
BURBANK,0950012A,297,48,N,766,TOTAL,137,33,17,2,63,10
BURBANK,0950016A,300,37,N,1270,POLLING PLACE,117,29,7,4,65,7
BURBANK,0950016A,300,37,N,0,VBM PORTION,133,28,20,4,66,7
BURBANK,0950016A,300,37,N,1270,TOTAL,250,57,27,8,131,14
BURBANK,0950017A,301,48,N,481,POLLING PLACE,38,7,4,1,17,5
BURBANK,0950017A,301,48,N,0,VBM PORTION,29,9,1,2,14,1
BURBANK,0950017A,301,48,N,481,TOTAL,67,16,5,3,31,6
BURBANK,0950035A,310,37,N,875,POLLING PLACE,46,8,3,4,27,3
BURBANK,0950035A,310,37,N,0,VBM PORTION,39,6,2,1,28,2
BURBANK,0950035A,310,37,N,875,TOTAL,85,14,5,5,55,5
BURBANK,0950040A,311,48,N,889,POLLING PLACE,99,29,6,5,44,5
BURBANK,0950040A,311,48,N,0,VBM PORTION,79,18,16,5,31,1
BURBANK,0950040A,311,48,N,889,TOTAL,178,47,22,10,75,6
BURBANK,0950175A,333,48,N,1254,POLLING PLACE,111,20,9,1,70,5
BURBANK,0950175A,333,48,N,0,VBM PORTION,87,22,8,5,45,6
BURBANK,0950175A,333,48,N,1254,TOTAL,198,42,17,6,115,11
BURBANK,0950177A,334,48,N,1421,POLLING PLACE,136,22,11,5,87,4
BURBANK,0950177A,334,48,N,0,VBM PORTION,132,22,16,3,73,8
BURBANK,0950177A,334,48,N,1421,TOTAL,268,44,27,8,160,12
BURBANK,0950178A,335,37,N,1331,POLLING PLACE,100,25,5,4,53,7
BURBANK,0950178A,335,37,N,0,VBM PORTION,118,21,17,5,63,3
BURBANK,0950178A,335,37,N,1331,TOTAL,218,46,22,9,116,10
BURBANK,0950180A,336,48,N,961,POLLING PLACE,86,18,7,7,40,2
BURBANK,0950180A,336,48,N,0,VBM PORTION,101,29,5,4,49,6
BURBANK,0950180A,336,48,N,961,TOTAL,187,47,12,11,89,8
BURBANK,0950181A,337,48,N,959,POLLING PLACE,98,25,7,1,57,5
BURBANK,0950181A,337,48,N,0,VBM PORTION,100,25,14,2,54,2
BURBANK,0950181A,337,48,N,959,TOTAL,198,50,21,3,111,7
BURBANK,0950182A,338,48,N,1095,POLLING PLACE,97,17,13,5,49,7
BURBANK,0950182A,338,48,N,0,VBM PORTION,83,15,11,1,47,2
BURBANK,0950182A,338,48,N,1095,TOTAL,180,32,24,6,96,9
BURBANK,0950189A,342,37,N,937,POLLING PLACE,85,12,8,7,50,1
BURBANK,0950189A,342,37,N,0,VBM PORTION,81,20,11,6,36,4
BURBANK,0950189A,342,37,N,937,TOTAL,166,32,19,13,86,5
BURBANK,0950191A,343,37,N,956,POLLING PLACE,62,9,8,4,35,6
BURBANK,0950191A,343,37,N,0,VBM PORTION,75,20,11,4,35,4
BURBANK,0950191A,343,37,N,956,TOTAL,137,29,19,8,70,10
BURBANK,0950193A,344,37,N,1015,POLLING PLACE,80,19,8,8,37,5
BURBANK,0950193A,344,37,N,0,VBM PORTION,80,15,10,4,36,8
BURBANK,0950193A,344,37,N,1015,TOTAL,160,34,18,12,73,13
BURBANK,0950194A,345,37,N,930,POLLING PLACE,91,24,9,1,52,3
BURBANK,0950194A,345,37,N,0,VBM PORTION,79,21,9,1,39,3
BURBANK,0950194A,345,37,N,930,TOTAL,170,45,18,2,91,6
CHATSWORTH,1150002A,478,57,N,472,POLLING PLACE,51,16,3,4,24,3
CHATSWORTH,1150002A,478,57,N,0,VBM PORTION,36,9,11,0,14,2
CHATSWORTH,1150002A,478,57,N,472,TOTAL,87,25,14,4,38,5
CHATSWORTH,1150012A,479,57,N,606,POLLING PLACE,81,27,9,4,35,3
CHATSWORTH,1150012A,479,57,N,0,VBM PORTION,48,21,10,0,11,3
CHATSWORTH,1150012A,479,57,N,606,TOTAL,129,48,19,4,46,6
HIDDEN HILLS,2780001A,1089,56,N,610,POLLING PLACE,60,14,18,0,25,1
HIDDEN HILLS,2780001A,1089,56,N,0,VBM PORTION,63,18,16,0,25,2
HIDDEN HILLS,2780001A,1089,56,N,610,TOTAL,123,32,34,0,50,3
HIDDEN HILLS,2780002A,1090,56,N,726,POLLING PLACE,86,27,19,4,29,3
HIDDEN HILLS,2780002A,1090,56,N,0,VBM PORTION,59,23,12,0,20,3
HIDDEN HILLS,2780002A,1090,56,N,726,TOTAL,145,50,31,4,49,6
UNIVERSAL,7300001A,6169,63,Y,0,POLLING PLACE,0,0,0,0,0,0
UNIVERSAL,7300001A,6169,63,Y,0,VBM PORTION,1,0,0,0,1,0
UNIVERSAL,7300001A,6169,63,Y,0,TOTAL,1,0,0,0,1,0
WEST HILLS,7760001A,2900,56,N,525,POLLING PLACE,66,19,5,2,36,2
WEST HILLS,7760001A,2900,56,N,0,VBM PORTION,83,16,17,5,32,4
WEST HILLS,7760001A,2900,56,N,525,TOTAL,149,35,22,7,68,6
LOS ANGELES,9000016A,2979,14,N,750,POLLING PLACE,100,33,12,1,46,3
LOS ANGELES,9000016A,2979,14,N,0,VBM PORTION,91,27,14,1,42,2
LOS ANGELES,9000016A,2979,14,N,750,TOTAL,191,60,26,2,88,5
LOS ANGELES,9000017A,2980,14,N,1231,POLLING PLACE,160,34,19,10,77,8
LOS ANGELES,9000017A,2980,14,N,0,VBM PORTION,126,26,14,4,71,2
LOS ANGELES,9000017A,2980,14,N,1231,TOTAL,286,60,33,14,148,10
LOS ANGELES,9000023A,2983,14,N,1109,POLLING PLACE,143,62,12,2,52,6
LOS ANGELES,9000023A,2983,14,N,0,VBM PORTION,125,35,13,1,60,9
LOS ANGELES,9000023A,2983,14,N,1109,TOTAL,268,97,25,3,112,15
LOS ANGELES,9000024A,2984,14,N,1372,POLLING PLACE,181,53,23,6,83,4
LOS ANGELES,9000024A,2984,14,N,0,VBM PORTION,160,38,38,2,60,6
LOS ANGELES,9000024A,2984,14,N,1372,TOTAL,341,91,61,8,143,10
LOS ANGELES,9000025A,2985,57,N,1392,POLLING PLACE,103,27,11,3,53,5
LOS ANGELES,9000025A,2985,57,N,0,VBM PORTION,124,26,11,9,63,8
LOS ANGELES,9000025A,2985,57,N,1392,TOTAL,227,53,22,12,116,13
LOS ANGELES,9000028A,2987,57,N,1196,POLLING PLACE,99,23,14,6,46,3
LOS ANGELES,9000028A,2987,57,N,0,VBM PORTION,84,14,12,1,41,6
LOS ANGELES,9000028A,2987,57,N,1196,TOTAL,183,37,26,7,87,9
LOS ANGELES,9000030A,2989,57,N,986,POLLING PLACE,137,32,15,1,77,3
LOS ANGELES,9000030A,2989,57,N,0,VBM PORTION,107,19,35,1,44,3
LOS ANGELES,9000030A,2989,57,N,986,TOTAL,244,51,50,2,121,6
LOS ANGELES,9000031A,2990,57,N,1114,POLLING PLACE,122,29,18,3,61,6
LOS ANGELES,9000031A,2990,57,N,0,VBM PORTION,107,27,12,3,45,10
LOS ANGELES,9000031A,2990,57,N,1114,TOTAL,229,56,30,6,106,16
LOS ANGELES,9000033A,2991,57,N,903,POLLING PLACE,121,33,17,3,63,2
LOS ANGELES,9000033A,2991,57,N,0,VBM PORTION,115,25,22,1,58,2
LOS ANGELES,9000033A,2991,57,N,903,TOTAL,236,58,39,4,121,4
LOS ANGELES,9000034B,2992,57,N,1029,POLLING PLACE,103,23,18,2,48,4
LOS ANGELES,9000034B,2992,57,N,0,VBM PORTION,123,29,21,3,55,6
LOS ANGELES,9000034B,2992,57,N,1029,TOTAL,226,52,39,5,103,10
LOS ANGELES,9000058A,3003,64,N,1236,POLLING PLACE,112,24,3,4,63,10
LOS ANGELES,9000058A,3003,64,N,0,VBM PORTION,83,14,12,3,46,7
LOS ANGELES,9000058A,3003,64,N,1236,TOTAL,195,38,15,7,109,17
LOS ANGELES,9000062A,3006,54,N,1100,POLLING PLACE,64,17,4,5,24,5
LOS ANGELES,9000062A,3006,54,N,0,VBM PORTION,73,6,5,3,46,8
LOS ANGELES,9000062A,3006,54,N,1100,TOTAL,137,23,9,8,70,13
LOS ANGELES,9000063B,3007,54,N,1135,POLLING PLACE,63,9,2,0,48,2
LOS ANGELES,9000063B,3007,54,N,0,VBM PORTION,79,8,18,1,43,6
LOS ANGELES,9000063B,3007,54,N,1135,TOTAL,142,17,20,1,91,8
LOS ANGELES,9000064A,3008,56,N,1358,POLLING PLACE,84,16,5,6,50,2
LOS ANGELES,9000064A,3008,56,N,0,VBM PORTION,83,23,5,4,43,3
LOS ANGELES,9000064A,3008,56,N,1358,TOTAL,167,39,10,10,93,5
LOS ANGELES,9000065A,3009,54,N,1076,POLLING PLACE,116,35,9,2,57,2
LOS ANGELES,9000065A,3009,54,N,0,VBM PORTION,95,9,9,5,58,8
LOS ANGELES,9000065A,3009,54,N,1076,TOTAL,211,44,18,7,115,10
LOS ANGELES,9000071A,3013,56,N,1235,POLLING PLACE,100,25,13,2,50,6
LOS ANGELES,9000071A,3013,56,N,0,VBM PORTION,95,14,11,3,51,10
LOS ANGELES,9000071A,3013,56,N,1235,TOTAL,195,39,24,5,101,16
LOS ANGELES,9000083A,3024,64,N,1367,POLLING PLACE,122,32,9,7,56,9
LOS ANGELES,9000083A,3024,64,N,0,VBM PORTION,110,15,10,5,60,14
LOS ANGELES,9000083A,3024,64,N,1367,TOTAL,232,47,19,12,116,23
LOS ANGELES,9000084A,3025,57,N,1144,POLLING PLACE,125,36,9,6,64,3
LOS ANGELES,9000084A,3025,57,N,0,VBM PORTION,114,27,17,8,51,7
LOS ANGELES,9000084A,3025,57,N,1144,TOTAL,239,63,26,14,115,10
LOS ANGELES,9000086A,3026,64,N,1286,POLLING PLACE,151,38,9,5,89,5
LOS ANGELES,9000086A,3026,64,N,0,VBM PORTION,90,12,11,3,50,5
LOS ANGELES,9000086A,3026,64,N,1286,TOTAL,241,50,20,8,139,10
LOS ANGELES,9000092A,3031,56,N,1312,POLLING PLACE,110,19,12,2,57,10
LOS ANGELES,9000092A,3031,56,N,0,VBM PORTION,118,16,22,0,67,8
LOS ANGELES,9000092A,3031,56,N,1312,TOTAL,228,35,34,2,124,18
LOS ANGELES,9000095A,3033,14,N,844,POLLING PLACE,69,29,6,3,22,3
LOS ANGELES,9000095A,3033,14,N,0,VBM PORTION,75,17,10,5,32,2
LOS ANGELES,9000095A,3033,14,N,844,TOTAL,144,46,16,8,54,5
LOS ANGELES,9000096A,3034,56,N,1233,POLLING PLACE,94,29,6,7,38,6
LOS ANGELES,9000096A,3034,56,N,0,VBM PORTION,149,34,25,2,68,11
LOS ANGELES,9000096A,3034,56,N,1233,TOTAL,243,63,31,9,106,17
LOS ANGELES,9000098A,3036,56,N,1427,POLLING PLACE,69,12,4,2,38,3
LOS ANGELES,9000098A,3036,56,N,0,VBM PORTION,69,9,2,1,46,5
LOS ANGELES,9000098A,3036,56,N,1427,TOTAL,138,21,6,3,84,8
LOS ANGELES,9000099B,3037,56,N,1219,POLLING PLACE,76,12,2,1,47,10
LOS ANGELES,9000099B,3037,56,N,0,VBM PORTION,112,24,13,2,57,6
LOS ANGELES,9000099B,3037,56,N,1219,TOTAL,188,36,15,3,104,16
LOS ANGELES,9000104A,3040,14,N,1117,POLLING PLACE,129,43,15,7,54,4
LOS ANGELES,9000104A,3040,14,N,0,VBM PORTION,123,40,22,5,46,4
LOS ANGELES,9000104A,3040,14,N,1117,TOTAL,252,83,37,12,100,8
LOS ANGELES,9000112B,3042,56,N,1544,POLLING PLACE,94,29,8,4,44,6
LOS ANGELES,9000112B,3042,56,N,0,VBM PORTION,154,30,18,7,90,5
LOS ANGELES,9000112B,3042,56,N,1544,TOTAL,248,59,26,11,134,11
LOS ANGELES,9000115A,3044,56,N,1146,POLLING PLACE,66,8,4,1,44,4
LOS ANGELES,9000115A,3044,56,N,0,VBM PORTION,63,10,10,4,32,3
LOS ANGELES,9000115A,3044,56,N,1146,TOTAL,129,18,14,5,76,7
LOS ANGELES,9000118A,3046,51,N,1378,POLLING PLACE,112,29,16,2,45,3
LOS ANGELES,9000118A,3046,51,N,0,VBM PORTION,117,30,19,5,48,4
LOS ANGELES,9000118A,3046,51,N,1378,TOTAL,229,59,35,7,93,7
LOS ANGELES,9000128A,3052,56,N,984,POLLING PLACE,66,11,4,2,43,3
LOS ANGELES,9000128A,3052,56,N,0,VBM PORTION,74,14,7,1,42,4
LOS ANGELES,9000128A,3052,56,N,984,TOTAL,140,25,11,3,85,7
LOS ANGELES,9000129C,3053,56,N,1479,POLLING PLACE,91,14,5,6,55,3
LOS ANGELES,9000129C,3053,56,N,0,VBM PORTION,119,22,13,5,64,9
LOS ANGELES,9000129C,3053,56,N,1479,TOTAL,210,36,18,11,119,12
LOS ANGELES,9000131A,3054,54,N,1397,POLLING PLACE,97,24,9,2,54,6
LOS ANGELES,9000131A,3054,54,N,0,VBM PORTION,96,20,7,0,63,3
LOS ANGELES,9000131A,3054,54,N,1397,TOTAL,193,44,16,2,117,9
LOS ANGELES,9000132A,3055,54,N,1206,POLLING PLACE,86,11,2,7,54,5
LOS ANGELES,9000132A,3055,54,N,0,VBM PORTION,64,2,5,1,53,2
LOS ANGELES,9000132A,3055,54,N,1206,TOTAL,150,13,7,8,107,7
LOS ANGELES,9000154B,3069,63,N,1282,POLLING PLACE,154,25,13,4,89,14
LOS ANGELES,9000154B,3069,63,N,0,VBM PORTION,143,18,20,5,86,6
LOS ANGELES,9000154B,3069,63,N,1282,TOTAL,297,43,33,9,175,20
LOS ANGELES,9000155A,3070,64,N,1301,POLLING PLACE,109,18,13,2,59,9
LOS ANGELES,9000155A,3070,64,N,0,VBM PORTION,95,14,11,3,53,9
LOS ANGELES,9000155A,3070,64,N,1301,TOTAL,204,32,24,5,112,18
LOS ANGELES,9000155B,3071,64,N,1372,POLLING PLACE,94,22,12,5,41,7
LOS ANGELES,9000155B,3071,64,N,0,VBM PORTION,101,19,9,4,63,2
LOS ANGELES,9000155B,3071,64,N,1372,TOTAL,195,41,21,9,104,9
LOS ANGELES,9000158A,3073,57,N,1213,POLLING PLACE,107,26,16,1,59,0
LOS ANGELES,9000158A,3073,57,N,0,VBM PORTION,145,34,18,4,73,8
LOS ANGELES,9000158A,3073,57,N,1213,TOTAL,252,60,34,5,132,8
LOS ANGELES,9000160A,3074,64,N,881,POLLING PLACE,64,17,6,0,37,3
LOS ANGELES,9000160A,3074,64,N,0,VBM PORTION,95,12,9,4,54,4
LOS ANGELES,9000160A,3074,64,N,881,TOTAL,159,29,15,4,91,7
LOS ANGELES,9000172A,3078,64,N,1026,POLLING PLACE,73,14,6,3,39,2
LOS ANGELES,9000172A,3078,64,N,0,VBM PORTION,91,12,13,4,51,9
LOS ANGELES,9000172A,3078,64,N,1026,TOTAL,164,26,19,7,90,11
LOS ANGELES,9000174A,3079,56,N,861,POLLING PLACE,77,17,7,3,41,4
LOS ANGELES,9000174A,3079,56,N,0,VBM PORTION,101,10,6,5,66,10
LOS ANGELES,9000174A,3079,56,N,861,TOTAL,178,27,13,8,107,14
LOS ANGELES,9000175A,3080,56,N,1143,POLLING PLACE,80,14,7,2,44,7
LOS ANGELES,9000175A,3080,56,N,0,VBM PORTION,94,21,6,4,59,1
LOS ANGELES,9000175A,3080,56,N,1143,TOTAL,174,35,13,6,103,8
LOS ANGELES,9000176A,3081,57,N,1166,POLLING PLACE,140,43,27,2,49,6
LOS ANGELES,9000176A,3081,57,N,0,VBM PORTION,179,27,23,4,107,8
LOS ANGELES,9000176A,3081,57,N,1166,TOTAL,319,70,50,6,156,14
LOS ANGELES,9000180A,3084,54,N,1305,POLLING PLACE,64,19,3,5,31,3
LOS ANGELES,9000180A,3084,54,N,0,VBM PORTION,96,15,5,5,61,5
LOS ANGELES,9000180A,3084,54,N,1305,TOTAL,160,34,8,10,92,8
LOS ANGELES,9000181A,3085,54,N,1212,POLLING PLACE,79,12,5,3,54,3
LOS ANGELES,9000181A,3085,54,N,0,VBM PORTION,85,12,8,2,48,5
LOS ANGELES,9000181A,3085,54,N,1212,TOTAL,164,24,13,5,102,8
LOS ANGELES,9000182A,3086,54,N,1375,POLLING PLACE,79,7,7,5,44,5
LOS ANGELES,9000182A,3086,54,N,0,VBM PORTION,119,19,13,7,68,3
LOS ANGELES,9000182A,3086,54,N,1375,TOTAL,198,26,20,12,112,8
LOS ANGELES,9000185C,3088,14,N,1566,POLLING PLACE,89,17,12,2,45,2
LOS ANGELES,9000185C,3088,14,N,0,VBM PORTION,153,22,21,4,85,7
LOS ANGELES,9000185C,3088,14,N,1566,TOTAL,242,39,33,6,130,9
LOS ANGELES,9000187A,3089,56,N,1366,POLLING PLACE,138,15,8,3,92,3
LOS ANGELES,9000187A,3089,56,N,0,VBM PORTION,189,23,20,5,121,12
LOS ANGELES,9000187A,3089,56,N,1366,TOTAL,327,38,28,8,213,15
LOS ANGELES,9000189C,3090,56,N,1066,POLLING PLACE,97,22,13,6,44,7
LOS ANGELES,9000189C,3090,56,N,0,VBM PORTION,122,11,13,4,74,12
LOS ANGELES,9000189C,3090,56,N,1066,TOTAL,219,33,26,10,118,19
LOS ANGELES,9000191A,3091,57,N,997,POLLING PLACE,83,27,11,3,33,6
LOS ANGELES,9000191A,3091,57,N,0,VBM PORTION,96,24,12,10,41,3
LOS ANGELES,9000191A,3091,57,N,997,TOTAL,179,51,23,13,74,9
LOS ANGELES,9000192A,3092,64,N,1161,POLLING PLACE,99,11,14,3,51,9
LOS ANGELES,9000192A,3092,64,N,0,VBM PORTION,82,10,18,0,43,6
LOS ANGELES,9000192A,3092,64,N,1161,TOTAL,181,21,32,3,94,15
LOS ANGELES,9000203A,3096,56,N,1204,POLLING PLACE,115,22,12,3,72,4
LOS ANGELES,9000203A,3096,56,N,0,VBM PORTION,110,9,22,2,67,6
LOS ANGELES,9000203A,3096,56,N,1204,TOTAL,225,31,34,5,139,10
LOS ANGELES,9000204A,3097,56,N,1148,POLLING PLACE,93,20,11,2,45,5
LOS ANGELES,9000204A,3097,56,N,0,VBM PORTION,118,28,14,4,64,3
LOS ANGELES,9000204A,3097,56,N,1148,TOTAL,211,48,25,6,109,8
LOS ANGELES,9000206A,3099,56,N,1461,POLLING PLACE,99,18,10,3,55,5
LOS ANGELES,9000206A,3099,56,N,0,VBM PORTION,93,19,6,5,56,3
LOS ANGELES,9000206A,3099,56,N,1461,TOTAL,192,37,16,8,111,8
LOS ANGELES,9000207B,3100,56,N,840,POLLING PLACE,83,15,15,1,45,1
LOS ANGELES,9000207B,3100,56,N,0,VBM PORTION,92,16,9,5,45,5
LOS ANGELES,9000207B,3100,56,N,840,TOTAL,175,31,24,6,90,6
LOS ANGELES,9000212B,3101,56,N,1043,POLLING PLACE,128,35,21,5,53,10
LOS ANGELES,9000212B,3101,56,N,0,VBM PORTION,73,14,8,2,41,4
LOS ANGELES,9000212B,3101,56,N,1043,TOTAL,201,49,29,7,94,14
LOS ANGELES,9000213B,3102,56,N,1300,POLLING PLACE,117,29,21,2,58,4
LOS ANGELES,9000213B,3102,56,N,0,VBM PORTION,141,24,11,2,87,11
LOS ANGELES,9000213B,3102,56,N,1300,TOTAL,258,53,32,4,145,15
LOS ANGELES,9000215B,3105,63,N,1415,POLLING PLACE,125,10,14,3,82,5
LOS ANGELES,9000215B,3105,63,N,0,VBM PORTION,161,22,14,10,90,12
LOS ANGELES,9000215B,3105,63,N,1415,TOTAL,286,32,28,13,172,17
LOS ANGELES,9000224A,3109,9,N,1535,POLLING PLACE,105,24,5,5,57,4
LOS ANGELES,9000224A,3109,9,N,0,VBM PORTION,102,8,12,8,60,7
LOS ANGELES,9000224A,3109,9,N,1535,TOTAL,207,32,17,13,117,11
LOS ANGELES,9000225A,3110,56,N,1015,POLLING PLACE,87,14,13,1,46,6
LOS ANGELES,9000225A,3110,56,N,0,VBM PORTION,68,12,4,2,41,5
LOS ANGELES,9000225A,3110,56,N,1015,TOTAL,155,26,17,3,87,11
LOS ANGELES,9000228A,3111,56,N,1317,POLLING PLACE,76,11,6,2,49,2
LOS ANGELES,9000228A,3111,56,N,0,VBM PORTION,125,24,8,4,78,6
LOS ANGELES,9000228A,3111,56,N,1317,TOTAL,201,35,14,6,127,8
LOS ANGELES,9000229A,3112,56,N,1165,POLLING PLACE,167,31,23,4,94,4
LOS ANGELES,9000229A,3112,56,N,0,VBM PORTION,139,19,22,3,79,7
LOS ANGELES,9000229A,3112,56,N,1165,TOTAL,306,50,45,7,173,11
LOS ANGELES,9000230A,3113,56,N,1044,POLLING PLACE,124,20,18,5,67,5
LOS ANGELES,9000230A,3113,56,N,0,VBM PORTION,130,17,20,7,69,11
LOS ANGELES,9000230A,3113,56,N,1044,TOTAL,254,37,38,12,136,16
LOS ANGELES,9000231A,3114,63,N,1294,POLLING PLACE,162,18,13,11,102,8
LOS ANGELES,9000231A,3114,63,N,0,VBM PORTION,134,11,11,8,90,7
LOS ANGELES,9000231A,3114,63,N,1294,TOTAL,296,29,24,19,192,15
LOS ANGELES,9000234A,3116,56,N,1164,POLLING PLACE,137,17,19,7,82,8
LOS ANGELES,9000234A,3116,56,N,0,VBM PORTION,94,29,11,3,36,8
LOS ANGELES,9000234A,3116,56,N,1164,TOTAL,231,46,30,10,118,16
LOS ANGELES,9000246A,3120,56,N,1095,POLLING PLACE,111,27,14,4,55,1
LOS ANGELES,9000246A,3120,56,N,0,VBM PORTION,104,33,13,0,41,9
LOS ANGELES,9000246A,3120,56,N,1095,TOTAL,215,60,27,4,96,10
LOS ANGELES,9000250B,3123,56,N,1332,POLLING PLACE,84,19,7,2,43,5
LOS ANGELES,9000250B,3123,56,N,0,VBM PORTION,103,19,11,2,62,4
LOS ANGELES,9000250B,3123,56,N,1332,TOTAL,187,38,18,4,105,9
LOS ANGELES,9000251A,3124,63,N,824,POLLING PLACE,129,20,12,3,80,8
LOS ANGELES,9000251A,3124,63,N,0,VBM PORTION,73,13,9,3,33,10
LOS ANGELES,9000251A,3124,63,N,824,TOTAL,202,33,21,6,113,18
LOS ANGELES,9000254A,3126,56,N,1093,POLLING PLACE,107,17,9,5,62,8
LOS ANGELES,9000254A,3126,56,N,0,VBM PORTION,90,10,7,5,51,9
LOS ANGELES,9000254A,3126,56,N,1093,TOTAL,197,27,16,10,113,17
LOS ANGELES,9000255A,3127,56,N,1457,POLLING PLACE,94,15,14,6,46,4
LOS ANGELES,9000255A,3127,56,N,0,VBM PORTION,126,11,13,4,86,7
LOS ANGELES,9000255A,3127,56,N,1457,TOTAL,220,26,27,10,132,11
LOS ANGELES,9000257B,3128,56,N,1198,POLLING PLACE,85,18,6,6,45,7
LOS ANGELES,9000257B,3128,56,N,0,VBM PORTION,95,22,4,0,55,6
LOS ANGELES,9000257B,3128,56,N,1198,TOTAL,180,40,10,6,100,13
LOS ANGELES,9000259A,3129,56,N,1273,POLLING PLACE,86,6,12,3,51,7
LOS ANGELES,9000259A,3129,56,N,0,VBM PORTION,130,18,15,3,82,6
LOS ANGELES,9000259A,3129,56,N,1273,TOTAL,216,24,27,6,133,13
LOS ANGELES,9000260A,3130,63,N,966,POLLING PLACE,89,18,10,4,46,4
LOS ANGELES,9000260A,3130,63,N,0,VBM PORTION,176,13,21,9,97,17
LOS ANGELES,9000260A,3130,63,N,966,TOTAL,265,31,31,13,143,21
LOS ANGELES,9000261C,3131,63,N,935,POLLING PLACE,65,6,3,4,40,7
LOS ANGELES,9000261C,3131,63,N,0,VBM PORTION,65,11,6,4,37,2
LOS ANGELES,9000261C,3131,63,N,935,TOTAL,130,17,9,8,77,9
LOS ANGELES,9000268A,3136,63,N,1383,POLLING PLACE,146,13,8,4,104,11
LOS ANGELES,9000268A,3136,63,N,0,VBM PORTION,163,20,10,3,102,13
LOS ANGELES,9000268A,3136,63,N,1383,TOTAL,309,33,18,7,206,24
LOS ANGELES,9000270A,3138,57,N,1298,POLLING PLACE,105,23,21,1,46,9
LOS ANGELES,9000270A,3138,57,N,0,VBM PORTION,106,12,18,7,56,10
LOS ANGELES,9000270A,3138,57,N,1298,TOTAL,211,35,39,8,102,19
LOS ANGELES,9000304A,3159,14,N,1261,POLLING PLACE,92,24,19,1,41,5
LOS ANGELES,9000304A,3159,14,N,0,VBM PORTION,118,23,22,9,47,7
LOS ANGELES,9000304A,3159,14,N,1261,TOTAL,210,47,41,10,88,12
LOS ANGELES,9000307A,3161,63,N,1085,POLLING PLACE,99,16,5,3,64,8
LOS ANGELES,9000307A,3161,63,N,0,VBM PORTION,86,12,8,4,55,4
LOS ANGELES,9000307A,3161,63,N,1085,TOTAL,185,28,13,7,119,12
LOS ANGELES,9000315C,3167,14,N,968,POLLING PLACE,142,44,16,2,69,4
LOS ANGELES,9000315C,3167,14,N,0,VBM PORTION,108,25,32,4,40,4
LOS ANGELES,9000315C,3167,14,N,968,TOTAL,250,69,48,6,109,8
LOS ANGELES,9000318B,3170,56,N,987,POLLING PLACE,88,23,14,2,39,6
LOS ANGELES,9000318B,3170,56,N,0,VBM PORTION,82,19,12,1,42,1
LOS ANGELES,9000318B,3170,56,N,987,TOTAL,170,42,26,3,81,7
LOS ANGELES,9000333A,3180,9,N,911,POLLING PLACE,90,22,7,2,51,2
LOS ANGELES,9000333A,3180,9,N,0,VBM PORTION,59,16,7,3,27,2
LOS ANGELES,9000333A,3180,9,N,911,TOTAL,149,38,14,5,78,4
LOS ANGELES,9000334A,3181,18,N,890,POLLING PLACE,57,14,7,1,32,2
LOS ANGELES,9000334A,3181,18,N,0,VBM PORTION,81,9,17,3,46,4
LOS ANGELES,9000334A,3181,18,N,890,TOTAL,138,23,24,4,78,6
LOS ANGELES,9000343A,3184,9,N,654,POLLING PLACE,71,14,5,2,38,4
LOS ANGELES,9000343A,3184,9,N,0,VBM PORTION,36,9,1,3,20,1
LOS ANGELES,9000343A,3184,9,N,654,TOTAL,107,23,6,5,58,5
LOS ANGELES,9000347A,3188,63,N,1206,POLLING PLACE,80,10,7,5,45,8
LOS ANGELES,9000347A,3188,63,N,0,VBM PORTION,84,14,5,3,46,9
LOS ANGELES,9000347A,3188,63,N,1206,TOTAL,164,24,12,8,91,17
LOS ANGELES,9000348C,3189,63,N,1002,POLLING PLACE,77,4,3,4,49,12
LOS ANGELES,9000348C,3189,63,N,0,VBM PORTION,86,4,6,2,52,14
LOS ANGELES,9000348C,3189,63,N,1002,TOTAL,163,8,9,6,101,26
LOS ANGELES,9000349D,6180,17,Y,0,POLLING PLACE,0,0,0,0,0,0
LOS ANGELES,9000349D,6180,17,Y,0,VBM PORTION,0,0,0,0,0,0
LOS ANGELES,9000349D,6180,17,Y,0,TOTAL,0,0,0,0,0,0
LOS ANGELES,9000359B,3195,56,N,1213,POLLING PLACE,49,14,3,2,26,0
LOS ANGELES,9000359B,3195,56,N,0,VBM PORTION,89,18,8,2,50,5
LOS ANGELES,9000359B,3195,56,N,1213,TOTAL,138,32,11,4,76,5
LOS ANGELES,9000393A,3217,57,N,1369,POLLING PLACE,70,21,5,3,32,5
LOS ANGELES,9000393A,3217,57,N,0,VBM PORTION,90,16,10,2,50,4
LOS ANGELES,9000393A,3217,57,N,1369,TOTAL,160,37,15,5,82,9
LOS ANGELES,9000401A,3223,57,N,793,POLLING PLACE,81,26,13,0,38,2
LOS ANGELES,9000401A,3223,57,N,0,VBM PORTION,101,23,21,4,45,3
LOS ANGELES,9000401A,3223,57,N,793,TOTAL,182,49,34,4,83,5
LOS ANGELES,9000402A,3224,63,N,1370,POLLING PLACE,144,18,5,6,92,8
LOS ANGELES,9000402A,3224,63,N,0,VBM PORTION,127,10,12,4,79,13
LOS ANGELES,9000402A,3224,63,N,1370,TOTAL,271,28,17,10,171,21
LOS ANGELES,9000410A,3231,63,N,1071,POLLING PLACE,81,11,5,3,46,8
LOS ANGELES,9000410A,3231,63,N,0,VBM PORTION,86,6,8,3,56,7
LOS ANGELES,9000410A,3231,63,N,1071,TOTAL,167,17,13,6,102,15
LOS ANGELES,9000414A,3233,56,N,1454,POLLING PLACE,75,16,3,3,45,4
LOS ANGELES,9000414A,3233,56,N,0,VBM PORTION,96,9,9,5,57,7
LOS ANGELES,9000414A,3233,56,N,1454,TOTAL,171,25,12,8,102,11
LOS ANGELES,9000414B,3234,56,N,1267,POLLING PLACE,98,17,11,5,51,8
LOS ANGELES,9000414B,3234,56,N,0,VBM PORTION,99,22,6,4,53,10
LOS ANGELES,9000414B,3234,56,N,1267,TOTAL,197,39,17,9,104,18
LOS ANGELES,9000419A,3238,54,N,1458,POLLING PLACE,79,19,2,7,42,1
LOS ANGELES,9000419A,3238,54,N,0,VBM PORTION,82,20,12,2,43,1
LOS ANGELES,9000419A,3238,54,N,1458,TOTAL,161,39,14,9,85,2
LOS ANGELES,9000422A,3239,63,N,1234,POLLING PLACE,132,21,9,6,78,12
LOS ANGELES,9000422A,3239,63,N,0,VBM PORTION,90,10,10,5,44,10
LOS ANGELES,9000422A,3239,63,N,1234,TOTAL,222,31,19,11,122,22
LOS ANGELES,9000423B,3240,56,N,1250,POLLING PLACE,110,24,9,6,63,1
LOS ANGELES,9000423B,3240,56,N,0,VBM PORTION,103,17,9,2,62,4
LOS ANGELES,9000423B,3240,56,N,1250,TOTAL,213,41,18,8,125,5
LOS ANGELES,9000425A,3241,64,N,1291,POLLING PLACE,147,42,13,6,64,6
LOS ANGELES,9000425A,3241,64,N,0,VBM PORTION,90,24,8,3,49,4
LOS ANGELES,9000425A,3241,64,N,1291,TOTAL,237,66,21,9,113,10
LOS ANGELES,9000428A,3243,63,N,844,POLLING PLACE,118,27,12,1,60,13
LOS ANGELES,9000428A,3243,63,N,0,VBM PORTION,75,20,9,1,29,7
LOS ANGELES,9000428A,3243,63,N,844,TOTAL,193,47,21,2,89,20
LOS ANGELES,9000436A,3244,64,N,1095,POLLING PLACE,90,18,11,3,46,2
LOS ANGELES,9000436A,3244,64,N,0,VBM PORTION,94,13,11,4,52,9
LOS ANGELES,9000436A,3244,64,N,1095,TOTAL,184,31,22,7,98,11
LOS ANGELES,9000492C,3273,63,N,887,POLLING PLACE,77,29,6,3,29,3
LOS ANGELES,9000492C,3273,63,N,0,VBM PORTION,81,21,11,3,31,11
LOS ANGELES,9000492C,3273,63,N,887,TOTAL,158,50,17,6,60,14
LOS ANGELES,9000511A,3289,63,N,1308,POLLING PLACE,84,18,2,3,44,8
LOS ANGELES,9000511A,3289,63,N,0,VBM PORTION,103,18,9,9,52,6
LOS ANGELES,9000511A,3289,63,N,1308,TOTAL,187,36,11,12,96,14
LOS ANGELES,9000525A,3299,56,N,1208,POLLING PLACE,84,13,7,0,51,5
LOS ANGELES,9000525A,3299,56,N,0,VBM PORTION,71,7,6,0,46,6
LOS ANGELES,9000525A,3299,56,N,1208,TOTAL,155,20,13,0,97,11
LOS ANGELES,9000548B,3310,56,N,1527,POLLING PLACE,77,14,5,5,48,3
LOS ANGELES,9000548B,3310,56,N,0,VBM PORTION,75,11,4,5,45,5
LOS ANGELES,9000548B,3310,56,N,1527,TOTAL,152,25,9,10,93,8
LOS ANGELES,9000557A,3318,56,N,1216,POLLING PLACE,68,18,8,1,34,5
LOS ANGELES,9000557A,3318,56,N,0,VBM PORTION,97,15,7,4,63,5
LOS ANGELES,9000557A,3318,56,N,1216,TOTAL,165,33,15,5,97,10
LOS ANGELES,9000559A,3320,50,N,1130,POLLING PLACE,55,16,2,4,27,1
LOS ANGELES,9000559A,3320,50,N,0,VBM PORTION,81,32,3,3,35,5
LOS ANGELES,9000559A,3320,50,N,1130,TOTAL,136,48,5,7,62,6
LOS ANGELES,9000596A,3340,63,N,1057,POLLING PLACE,122,17,6,5,75,11
LOS ANGELES,9000596A,3340,63,N,0,VBM PORTION,124,9,14,2,77,8
LOS ANGELES,9000596A,3340,63,N,1057,TOTAL,246,26,20,7,152,19
LOS ANGELES,9000611B,3351,63,N,1314,POLLING PLACE,101,15,28,3,47,6
LOS ANGELES,9000611B,3351,63,N,0,VBM PORTION,136,21,23,2,73,7
LOS ANGELES,9000611B,3351,63,N,1314,TOTAL,237,36,51,5,120,13
LOS ANGELES,9000612A,3352,14,N,1179,POLLING PLACE,115,31,21,4,48,6
LOS ANGELES,9000612A,3352,14,N,0,VBM PORTION,138,24,32,1,64,3
LOS ANGELES,9000612A,3352,14,N,1179,TOTAL,253,55,53,5,112,9
LOS ANGELES,9000624A,3356,57,N,1193,POLLING PLACE,134,37,19,2,58,9
LOS ANGELES,9000624A,3356,57,N,0,VBM PORTION,120,27,21,0,62,3
LOS ANGELES,9000624A,3356,57,N,1193,TOTAL,254,64,40,2,120,12
LOS ANGELES,9000689A,3382,56,N,1303,POLLING PLACE,98,19,10,3,58,1
LOS ANGELES,9000689A,3382,56,N,0,VBM PORTION,90,15,6,1,57,6
LOS ANGELES,9000689A,3382,56,N,1303,TOTAL,188,34,16,4,115,7
LOS ANGELES,9000711A,3391,54,N,1467,POLLING PLACE,90,16,4,3,53,4
LOS ANGELES,9000711A,3391,54,N,0,VBM PORTION,95,15,14,3,52,4
LOS ANGELES,9000711A,3391,54,N,1467,TOTAL,185,31,18,6,105,8
LOS ANGELES,9000713C,3393,56,N,1199,POLLING PLACE,67,9,10,1,42,2
LOS ANGELES,9000713C,3393,56,N,0,VBM PORTION,50,9,4,1,31,3
LOS ANGELES,9000713C,3393,56,N,1199,TOTAL,117,18,14,2,73,5
LOS ANGELES,9000742A,3404,56,N,1280,POLLING PLACE,124,9,14,3,81,8
LOS ANGELES,9000742A,3404,56,N,0,VBM PORTION,169,16,14,2,110,10
LOS ANGELES,9000742A,3404,56,N,1280,TOTAL,293,25,28,5,191,18
LOS ANGELES,9000745A,3405,63,N,1432,POLLING PLACE,128,16,11,0,76,14
LOS ANGELES,9000745A,3405,63,N,0,VBM PORTION,141,16,12,1,92,13
LOS ANGELES,9000745A,3405,63,N,1432,TOTAL,269,32,23,1,168,27
LOS ANGELES,9000755A,3410,56,N,1048,POLLING PLACE,56,19,9,6,16,4
LOS ANGELES,9000755A,3410,56,N,0,VBM PORTION,63,21,5,2,29,3
LOS ANGELES,9000755A,3410,56,N,1048,TOTAL,119,40,14,8,45,7
LOS ANGELES,9000777B,3416,64,N,1129,POLLING PLACE,128,19,12,3,67,18
LOS ANGELES,9000777B,3416,64,N,0,VBM PORTION,110,16,13,6,67,4
LOS ANGELES,9000777B,3416,64,N,1129,TOTAL,238,35,25,9,134,22
LOS ANGELES,9000780C,3418,54,N,1475,POLLING PLACE,104,10,10,5,69,4
LOS ANGELES,9000780C,3418,54,N,0,VBM PORTION,120,20,11,7,70,8
LOS ANGELES,9000780C,3418,54,N,1475,TOTAL,224,30,21,12,139,12
LOS ANGELES,9000799A,3425,63,N,1342,POLLING PLACE,133,13,15,4,80,15
LOS ANGELES,9000799A,3425,63,N,0,VBM PORTION,176,22,22,5,103,19
LOS ANGELES,9000799A,3425,63,N,1342,TOTAL,309,35,37,9,183,34
LOS ANGELES,9000801C,3427,56,N,476,POLLING PLACE,36,2,4,1,26,2
LOS ANGELES,9000801C,3427,56,N,0,VBM PORTION,46,3,0,0,37,5
LOS ANGELES,9000801C,3427,56,N,476,TOTAL,82,5,4,1,63,7
LOS ANGELES,9000804A,3430,56,N,1345,POLLING PLACE,104,11,9,5,63,6
LOS ANGELES,9000804A,3430,56,N,0,VBM PORTION,81,13,6,3,49,6
LOS ANGELES,9000804A,3430,56,N,1345,TOTAL,185,24,15,8,112,12
LOS ANGELES,9000831B,3440,56,N,572,POLLING PLACE,55,9,10,0,25,3
LOS ANGELES,9000831B,3440,56,N,0,VBM PORTION,39,10,5,3,19,1
LOS ANGELES,9000831B,3440,56,N,572,TOTAL,94,19,15,3,44,4
LOS ANGELES,9000837B,3444,50,N,1136,POLLING PLACE,56,13,3,1,31,5
LOS ANGELES,9000837B,3444,50,N,0,VBM PORTION,87,20,9,1,44,6
LOS ANGELES,9000837B,3444,50,N,1136,TOTAL,143,33,12,2,75,11
LOS ANGELES,9000841A,3446,63,N,734,POLLING PLACE,105,14,10,5,54,10
LOS ANGELES,9000841A,3446,63,N,0,VBM PORTION,69,10,4,5,31,13
LOS ANGELES,9000841A,3446,63,N,734,TOTAL,174,24,14,10,85,23
LOS ANGELES,9000912C,3471,57,N,1157,POLLING PLACE,58,11,4,4,34,0
LOS ANGELES,9000912C,3471,57,N,0,VBM PORTION,79,22,9,4,34,6
LOS ANGELES,9000912C,3471,57,N,1157,TOTAL,137,33,13,8,68,6
LOS ANGELES,9000920A,3475,50,N,1173,POLLING PLACE,100,20,14,3,51,6
LOS ANGELES,9000920A,3475,50,N,0,VBM PORTION,84,14,13,0,45,10
LOS ANGELES,9000920A,3475,50,N,1173,TOTAL,184,34,27,3,96,16
LOS ANGELES,9000987A,3500,63,N,626,POLLING PLACE,70,5,15,4,31,12
LOS ANGELES,9000987A,3500,63,N,0,VBM PORTION,74,12,11,1,36,6
LOS ANGELES,9000987A,3500,63,N,626,TOTAL,144,17,26,5,67,18
LOS ANGELES,9000988B,3501,63,N,829,POLLING PLACE,38,2,5,3,23,3
LOS ANGELES,9000988B,3501,63,N,0,VBM PORTION,65,5,7,6,33,5
LOS ANGELES,9000988B,3501,63,N,829,TOTAL,103,7,12,9,56,8
LOS ANGELES,9000990A,3503,63,N,1145,POLLING PLACE,104,9,2,8,57,14
LOS ANGELES,9000990A,3503,63,N,0,VBM PORTION,71,5,4,6,41,7
LOS ANGELES,9000990A,3503,63,N,1145,TOTAL,175,14,6,14,98,21
LOS ANGELES,9001002B,3511,63,N,1221,POLLING PLACE,107,9,11,1,66,8
LOS ANGELES,9001002B,3511,63,N,0,VBM PORTION,128,16,18,4,67,14
LOS ANGELES,9001002B,3511,63,N,1221,TOTAL,235,25,29,5,133,22
LOS ANGELES,9001015D,3516,63,N,1193,POLLING PLACE,103,19,6,1,64,10
LOS ANGELES,9001015D,3516,63,N,0,VBM PORTION,97,10,10,5,60,7
LOS ANGELES,9001015D,3516,63,N,1193,TOTAL,200,29,16,6,124,17
LOS ANGELES,9001016A,3517,63,N,1141,POLLING PLACE,97,14,9,5,61,2
LOS ANGELES,9001016A,3517,63,N,0,VBM PORTION,85,13,9,5,43,12
LOS ANGELES,9001016A,3517,63,N,1141,TOTAL,182,27,18,10,104,14
LOS ANGELES,9001019A,3518,56,N,773,POLLING PLACE,62,16,6,1,30,6
LOS ANGELES,9001019A,3518,56,N,0,VBM PORTION,87,13,6,1,56,5
LOS ANGELES,9001019A,3518,56,N,773,TOTAL,149,29,12,2,86,11
LOS ANGELES,9001019B,3519,56,N,668,POLLING PLACE,83,18,10,0,46,4
LOS ANGELES,9001019B,3519,56,N,0,VBM PORTION,92,10,16,2,57,4
LOS ANGELES,9001019B,3519,56,N,668,TOTAL,175,28,26,2,103,8
LOS ANGELES,9001021A,3520,56,N,877,POLLING PLACE,92,17,14,5,41,6
LOS ANGELES,9001021A,3520,56,N,0,VBM PORTION,83,16,19,0,40,7
LOS ANGELES,9001021A,3520,56,N,877,TOTAL,175,33,33,5,81,13
LOS ANGELES,9001021B,3521,56,N,553,POLLING PLACE,56,10,15,1,24,3
LOS ANGELES,9001021B,3521,56,N,0,VBM PORTION,69,5,10,1,45,7
LOS ANGELES,9001021B,3521,56,N,553,TOTAL,125,15,25,2,69,10
LOS ANGELES,9001027A,3525,56,N,574,POLLING PLACE,62,12,3,2,36,2
LOS ANGELES,9001027A,3525,56,N,0,VBM PORTION,84,17,11,4,45,1
LOS ANGELES,9001027A,3525,56,N,574,TOTAL,146,29,14,6,81,3
LOS ANGELES,9001036B,3528,56,N,989,POLLING PLACE,125,18,27,2,68,3
LOS ANGELES,9001036B,3528,56,N,0,VBM PORTION,140,21,38,1,66,2
LOS ANGELES,9001036B,3528,56,N,989,TOTAL,265,39,65,3,134,5
LOS ANGELES,9001037A,3529,56,N,776,POLLING PLACE,108,25,8,4,55,4
LOS ANGELES,9001037A,3529,56,N,0,VBM PORTION,89,21,10,3,47,4
LOS ANGELES,9001037A,3529,56,N,776,TOTAL,197,46,18,7,102,8
LOS ANGELES,9001037B,3530,56,N,912,POLLING PLACE,117,25,21,4,56,6
LOS ANGELES,9001037B,3530,56,N,0,VBM PORTION,122,31,14,4,54,2
LOS ANGELES,9001037B,3530,56,N,912,TOTAL,239,56,35,8,110,8
LOS ANGELES,9001039A,3531,56,N,1301,POLLING PLACE,164,27,17,8,93,5
LOS ANGELES,9001039A,3531,56,N,0,VBM PORTION,158,31,21,1,92,8
LOS ANGELES,9001039A,3531,56,N,1301,TOTAL,322,58,38,9,185,13
LOS ANGELES,9001041A,3532,56,N,765,POLLING PLACE,115,17,12,4,75,2
LOS ANGELES,9001041A,3532,56,N,0,VBM PORTION,88,19,2,2,56,2
LOS ANGELES,9001041A,3532,56,N,765,TOTAL,203,36,14,6,131,4
LOS ANGELES,9001044A,3534,56,N,1240,POLLING PLACE,152,33,25,0,88,2
LOS ANGELES,9001044A,3534,56,N,0,VBM PORTION,159,31,29,1,84,3
LOS ANGELES,9001044A,3534,56,N,1240,TOTAL,311,64,54,1,172,5
LOS ANGELES,9001049A,3538,56,N,907,POLLING PLACE,81,13,14,0,48,5
LOS ANGELES,9001049A,3538,56,N,0,VBM PORTION,109,8,28,2,62,4
LOS ANGELES,9001049A,3538,56,N,907,TOTAL,190,21,42,2,110,9
LOS ANGELES,9001052C,3540,63,N,1216,POLLING PLACE,163,19,17,6,103,8
LOS ANGELES,9001052C,3540,63,N,0,VBM PORTION,103,19,8,5,60,6
LOS ANGELES,9001052C,3540,63,N,1216,TOTAL,266,38,25,11,163,14
LOS ANGELES,9001060A,3542,56,N,869,POLLING PLACE,107,11,14,2,60,12
LOS ANGELES,9001060A,3542,56,N,0,VBM PORTION,101,17,11,3,58,3
LOS ANGELES,9001060A,3542,56,N,869,TOTAL,208,28,25,5,118,15
LOS ANGELES,9001063A,3544,63,N,1220,POLLING PLACE,102,10,7,4,70,4
LOS ANGELES,9001063A,3544,63,N,0,VBM PORTION,104,16,10,3,62,6
LOS ANGELES,9001063A,3544,63,N,1220,TOTAL,206,26,17,7,132,10
LOS ANGELES,9001070A,3548,56,N,839,POLLING PLACE,68,17,4,6,34,0
LOS ANGELES,9001070A,3548,56,N,0,VBM PORTION,109,22,14,3,56,7
LOS ANGELES,9001070A,3548,56,N,839,TOTAL,177,39,18,9,90,7
LOS ANGELES,9001073A,3549,56,N,527,POLLING PLACE,56,2,6,0,41,3
LOS ANGELES,9001073A,3549,56,N,0,VBM PORTION,90,18,19,0,45,3
LOS ANGELES,9001073A,3549,56,N,527,TOTAL,146,20,25,0,86,6
LOS ANGELES,9001073B,3550,56,N,1075,POLLING PLACE,114,14,11,0,69,7
LOS ANGELES,9001073B,3550,56,N,0,VBM PORTION,184,24,34,5,101,9
LOS ANGELES,9001073B,3550,56,N,1075,TOTAL,298,38,45,5,170,16
LOS ANGELES,9001074A,3551,56,N,1025,POLLING PLACE,99,14,13,2,60,3
LOS ANGELES,9001074A,3551,56,N,0,VBM PORTION,156,21,20,3,94,9
LOS ANGELES,9001074A,3551,56,N,1025,TOTAL,255,35,33,5,154,12
LOS ANGELES,9001080A,3553,63,N,1262,POLLING PLACE,171,25,15,3,97,19
LOS ANGELES,9001080A,3553,63,N,0,VBM PORTION,162,17,16,2,101,13
LOS ANGELES,9001080A,3553,63,N,1262,TOTAL,333,42,31,5,198,32
LOS ANGELES,9001083A,3555,63,N,868,POLLING PLACE,99,19,6,6,54,5
LOS ANGELES,9001083A,3555,63,N,0,VBM PORTION,75,6,8,6,49,4
LOS ANGELES,9001083A,3555,63,N,868,TOTAL,174,25,14,12,103,9
LOS ANGELES,9001084A,3556,63,N,1189,POLLING PLACE,73,9,2,4,47,7
LOS ANGELES,9001084A,3556,63,N,0,VBM PORTION,96,21,1,5,60,9
LOS ANGELES,9001084A,3556,63,N,1189,TOTAL,169,30,3,9,107,16
LOS ANGELES,9001085B,3557,63,N,1091,POLLING PLACE,89,16,5,4,52,4
LOS ANGELES,9001085B,3557,63,N,0,VBM PORTION,84,10,8,3,50,8
LOS ANGELES,9001085B,3557,63,N,1091,TOTAL,173,26,13,7,102,12
LOS ANGELES,9001090A,3558,56,N,1136,POLLING PLACE,92,12,10,2,56,7
LOS ANGELES,9001090A,3558,56,N,0,VBM PORTION,103,8,13,2,65,2
LOS ANGELES,9001090A,3558,56,N,1136,TOTAL,195,20,23,4,121,9
LOS ANGELES,9001091B,3559,56,N,1131,POLLING PLACE,110,16,17,1,63,8
LOS ANGELES,9001091B,3559,56,N,0,VBM PORTION,125,16,12,2,80,11
LOS ANGELES,9001091B,3559,56,N,1131,TOTAL,235,32,29,3,143,19
LOS ANGELES,9001092A,3560,63,N,1171,POLLING PLACE,104,13,9,3,68,6
LOS ANGELES,9001092A,3560,63,N,0,VBM PORTION,65,10,3,2,41,5
LOS ANGELES,9001092A,3560,63,N,1171,TOTAL,169,23,12,5,109,11
LOS ANGELES,9001094C,3561,63,N,1179,POLLING PLACE,124,9,11,4,80,10
LOS ANGELES,9001094C,3561,63,N,0,VBM PORTION,104,7,13,6,65,4
LOS ANGELES,9001094C,3561,63,N,1179,TOTAL,228,16,24,10,145,14
LOS ANGELES,9001095A,3562,63,N,1280,POLLING PLACE,124,18,10,13,68,9
LOS ANGELES,9001095A,3562,63,N,0,VBM PORTION,120,11,8,0,81,10
LOS ANGELES,9001095A,3562,63,N,1280,TOTAL,244,29,18,13,149,19
LOS ANGELES,9001099A,3564,63,N,581,POLLING PLACE,44,8,5,3,23,3
LOS ANGELES,9001099A,3564,63,N,0,VBM PORTION,85,10,17,2,44,3
LOS ANGELES,9001099A,3564,63,N,581,TOTAL,129,18,22,5,67,6
LOS ANGELES,9001103A,3566,63,N,1106,POLLING PLACE,149,22,12,5,87,14
LOS ANGELES,9001103A,3566,63,N,0,VBM PORTION,187,27,13,4,116,10
LOS ANGELES,9001103A,3566,63,N,1106,TOTAL,336,49,25,9,203,24
LOS ANGELES,9001109A,3568,63,N,1157,POLLING PLACE,129,19,6,7,81,9
LOS ANGELES,9001109A,3568,63,N,0,VBM PORTION,118,10,12,1,77,11
LOS ANGELES,9001109A,3568,63,N,1157,TOTAL,247,29,18,8,158,20
LOS ANGELES,9001113A,3570,63,N,1109,POLLING PLACE,126,14,5,6,80,10
LOS ANGELES,9001113A,3570,63,N,0,VBM PORTION,109,10,8,2,75,8
LOS ANGELES,9001113A,3570,63,N,1109,TOTAL,235,24,13,8,155,18
LOS ANGELES,9001120A,3572,63,N,1312,POLLING PLACE,91,13,4,4,55,14
LOS ANGELES,9001120A,3572,63,N,0,VBM PORTION,107,6,9,11,65,12
LOS ANGELES,9001120A,3572,63,N,1312,TOTAL,198,19,13,15,120,26
LOS ANGELES,9001121A,3573,63,N,1148,POLLING PLACE,88,12,4,3,58,8
LOS ANGELES,9001121A,3573,63,N,0,VBM PORTION,54,11,4,5,26,4
LOS ANGELES,9001121A,3573,63,N,1148,TOTAL,142,23,8,8,84,12
LOS ANGELES,9001122A,3574,63,N,896,POLLING PLACE,122,16,7,4,78,12
LOS ANGELES,9001122A,3574,63,N,0,VBM PORTION,99,11,4,2,63,14
LOS ANGELES,9001122A,3574,63,N,896,TOTAL,221,27,11,6,141,26
LOS ANGELES,9001126A,3575,63,N,1225,POLLING PLACE,90,12,6,7,53,7
LOS ANGELES,9001126A,3575,63,N,0,VBM PORTION,90,13,3,4,56,10
LOS ANGELES,9001126A,3575,63,N,1225,TOTAL,180,25,9,11,109,17
LOS ANGELES,9001131A,3578,63,N,965,POLLING PLACE,150,11,8,2,109,13
LOS ANGELES,9001131A,3578,63,N,0,VBM PORTION,95,13,5,1,59,13
LOS ANGELES,9001131A,3578,63,N,965,TOTAL,245,24,13,3,168,26
LOS ANGELES,9001133A,3579,63,N,964,POLLING PLACE,139,17,8,2,87,15
LOS ANGELES,9001133A,3579,63,N,0,VBM PORTION,100,14,12,3,55,12
LOS ANGELES,9001133A,3579,63,N,964,TOTAL,239,31,20,5,142,27
LOS ANGELES,9001134A,3580,63,N,1138,POLLING PLACE,195,24,15,6,123,11
LOS ANGELES,9001134A,3580,63,N,0,VBM PORTION,158,18,12,4,102,12
LOS ANGELES,9001134A,3580,63,N,1138,TOTAL,353,42,27,10,225,23
LOS ANGELES,9001152A,3583,63,N,1004,POLLING PLACE,71,11,4,4,41,8
LOS ANGELES,9001152A,3583,63,N,0,VBM PORTION,50,10,7,2,26,3
LOS ANGELES,9001152A,3583,63,N,1004,TOTAL,121,21,11,6,67,11
LOS ANGELES,9001157A,3584,63,N,1004,POLLING PLACE,128,27,11,7,54,20
LOS ANGELES,9001157A,3584,63,N,0,VBM PORTION,90,15,5,5,46,16
LOS ANGELES,9001157A,3584,63,N,1004,TOTAL,218,42,16,12,100,36
LOS ANGELES,9001158A,3585,63,N,1141,POLLING PLACE,70,10,2,3,40,9
LOS ANGELES,9001158A,3585,63,N,0,VBM PORTION,83,21,13,3,32,8
LOS ANGELES,9001158A,3585,63,N,1141,TOTAL,153,31,15,6,72,17
LOS ANGELES,9001164A,3587,63,N,945,POLLING PLACE,164,21,13,8,91,22
LOS ANGELES,9001164A,3587,63,N,0,VBM PORTION,82,8,7,1,52,9
LOS ANGELES,9001164A,3587,63,N,945,TOTAL,246,29,20,9,143,31
LOS ANGELES,9001167A,3589,63,N,1275,POLLING PLACE,78,9,12,5,41,5
LOS ANGELES,9001167A,3589,63,N,0,VBM PORTION,68,6,7,3,37,10
LOS ANGELES,9001167A,3589,63,N,1275,TOTAL,146,15,19,8,78,15
LOS ANGELES,9001173A,3590,63,N,1342,POLLING PLACE,108,19,7,6,63,11
LOS ANGELES,9001173A,3590,63,N,0,VBM PORTION,112,15,11,11,57,9
LOS ANGELES,9001173A,3590,63,N,1342,TOTAL,220,34,18,17,120,20
LOS ANGELES,9001174A,3591,63,N,762,POLLING PLACE,85,14,3,0,51,12
LOS ANGELES,9001174A,3591,63,N,0,VBM PORTION,140,17,15,1,80,15
LOS ANGELES,9001174A,3591,63,N,762,TOTAL,225,31,18,1,131,27
LOS ANGELES,9001176B,3593,63,N,487,POLLING PLACE,87,13,4,4,53,10
LOS ANGELES,9001176B,3593,63,N,0,VBM PORTION,62,8,3,3,38,8
LOS ANGELES,9001176B,3593,63,N,487,TOTAL,149,21,7,7,91,18
LOS ANGELES,9001177D,3594,63,N,666,POLLING PLACE,73,8,3,4,43,10
LOS ANGELES,9001177D,3594,63,N,0,VBM PORTION,104,19,13,1,55,12
LOS ANGELES,9001177D,3594,63,N,666,TOTAL,177,27,16,5,98,22
LOS ANGELES,9001178A,3595,63,N,543,POLLING PLACE,56,5,1,2,37,6
LOS ANGELES,9001178A,3595,63,N,0,VBM PORTION,52,9,4,2,25,4
LOS ANGELES,9001178A,3595,63,N,543,TOTAL,108,14,5,4,62,10
LOS ANGELES,9001187A,3599,63,N,1212,POLLING PLACE,134,17,19,0,70,12
LOS ANGELES,9001187A,3599,63,N,0,VBM PORTION,139,12,10,5,100,5
LOS ANGELES,9001187A,3599,63,N,1212,TOTAL,273,29,29,5,170,17
LOS ANGELES,9001666A,3805,63,N,1335,POLLING PLACE,93,12,2,4,65,7
LOS ANGELES,9001666A,3805,63,N,0,VBM PORTION,112,19,7,4,69,5
LOS ANGELES,9001666A,3805,63,N,1335,TOTAL,205,31,9,8,134,12
LOS ANGELES,9001690B,3812,56,N,969,POLLING PLACE,83,17,8,4,48,4
LOS ANGELES,9001690B,3812,56,N,0,VBM PORTION,67,9,15,3,31,3
LOS ANGELES,9001690B,3812,56,N,969,TOTAL,150,26,23,7,79,7
LOS ANGELES,9001695A,3814,56,N,1055,POLLING PLACE,93,18,10,5,52,1
LOS ANGELES,9001695A,3814,56,N,0,VBM PORTION,91,16,13,2,54,2
LOS ANGELES,9001695A,3814,56,N,1055,TOTAL,184,34,23,7,106,3
LOS ANGELES,9001713B,6188,56,Y,0,POLLING PLACE,0,0,0,0,0,0
LOS ANGELES,9001713B,6188,56,Y,0,VBM PORTION,0,0,0,0,0,0
LOS ANGELES,9001713B,6188,56,Y,0,TOTAL,0,0,0,0,0,0
LOS ANGELES,9001754A,3838,9,N,1375,POLLING PLACE,124,37,15,5,63,1
LOS ANGELES,9001754A,3838,9,N,0,VBM PORTION,129,25,18,3,70,3
LOS ANGELES,9001754A,3838,9,N,1375,TOTAL,253,62,33,8,133,4
LOS ANGELES,9001758A,3841,54,N,1480,POLLING PLACE,113,23,8,4,60,8
LOS ANGELES,9001758A,3841,54,N,0,VBM PORTION,99,14,17,0,57,5
LOS ANGELES,9001758A,3841,54,N,1480,TOTAL,212,37,25,4,117,13
LOS ANGELES,9001805A,3869,9,N,1320,POLLING PLACE,138,43,13,1,62,6
LOS ANGELES,9001805A,3869,9,N,0,VBM PORTION,93,14,20,2,47,5
LOS ANGELES,9001805A,3869,9,N,1320,TOTAL,231,57,33,3,109,11
LOS ANGELES,9001808A,3870,56,N,1269,POLLING PLACE,115,36,17,6,47,6
LOS ANGELES,9001808A,3870,56,N,0,VBM PORTION,132,29,28,4,61,4
LOS ANGELES,9001808A,3870,56,N,1269,TOTAL,247,65,45,10,108,10
LOS ANGELES,9001825B,3874,56,N,1322,POLLING PLACE,135,32,12,4,71,7
LOS ANGELES,9001825B,3874,56,N,0,VBM PORTION,129,18,11,1,75,5
LOS ANGELES,9001825B,3874,56,N,1322,TOTAL,264,50,23,5,146,12
LOS ANGELES,9001877B,3891,56,N,1386,POLLING PLACE,90,10,5,3,54,7
LOS ANGELES,9001877B,3891,56,N,0,VBM PORTION,76,13,9,4,46,1
LOS ANGELES,9001877B,3891,56,N,1386,TOTAL,166,23,14,7,100,8
LOS ANGELES,9001892B,3896,56,N,1340,POLLING PLACE,99,10,9,4,66,4
LOS ANGELES,9001892B,3896,56,N,0,VBM PORTION,116,21,7,2,71,6
LOS ANGELES,9001892B,3896,56,N,1340,TOTAL,215,31,16,6,137,10
LOS ANGELES,9001893A,3897,56,N,1344,POLLING PLACE,79,13,10,3,47,0
LOS ANGELES,9001893A,3897,56,N,0,VBM PORTION,134,7,10,1,95,11
LOS ANGELES,9001893A,3897,56,N,1344,TOTAL,213,20,20,4,142,11
LOS ANGELES,9001926C,3907,63,N,1393,POLLING PLACE,163,23,18,6,98,12
LOS ANGELES,9001926C,3907,63,N,0,VBM PORTION,161,29,16,3,89,11
LOS ANGELES,9001926C,3907,63,N,1393,TOTAL,324,52,34,9,187,23
LOS ANGELES,9001928B,3909,63,N,1219,POLLING PLACE,142,20,12,7,82,14
LOS ANGELES,9001928B,3909,63,N,0,VBM PORTION,85,18,2,2,50,8
LOS ANGELES,9001928B,3909,63,N,1219,TOTAL,227,38,14,9,132,22
LOS ANGELES,9001931A,3912,63,N,1253,POLLING PLACE,152,24,14,2,92,14
LOS ANGELES,9001931A,3912,63,N,0,VBM PORTION,120,13,14,2,68,8
LOS ANGELES,9001931A,3912,63,N,1253,TOTAL,272,37,28,4,160,22
LOS ANGELES,9001934A,3914,63,N,1226,POLLING PLACE,133,19,5,8,78,18
LOS ANGELES,9001934A,3914,63,N,0,VBM PORTION,114,14,9,9,63,12
LOS ANGELES,9001934A,3914,63,N,1226,TOTAL,247,33,14,17,141,30
LOS ANGELES,9001934C,3915,63,N,852,POLLING PLACE,76,7,6,3,47,8
LOS ANGELES,9001934C,3915,63,N,0,VBM PORTION,73,9,6,3,45,5
LOS ANGELES,9001934C,3915,63,N,852,TOTAL,149,16,12,6,92,13
LOS ANGELES,9001999A,3937,56,N,632,POLLING PLACE,61,13,8,2,29,5
LOS ANGELES,9001999A,3937,56,N,0,VBM PORTION,67,10,19,5,25,3
LOS ANGELES,9001999A,3937,56,N,632,TOTAL,128,23,27,7,54,8
LOS ANGELES,9002123A,4000,56,N,1269,POLLING PLACE,89,19,7,2,47,9
LOS ANGELES,9002123A,4000,56,N,0,VBM PORTION,142,19,17,8,83,5
LOS ANGELES,9002123A,4000,56,N,1269,TOTAL,231,38,24,10,130,14
LOS ANGELES,9002125B,4002,54,N,1307,POLLING PLACE,86,16,13,3,42,5
LOS ANGELES,9002125B,4002,54,N,0,VBM PORTION,105,19,8,3,66,5
LOS ANGELES,9002125B,4002,54,N,1307,TOTAL,191,35,21,6,108,10
LOS ANGELES,9002267A,4063,64,N,1315,POLLING PLACE,104,19,9,2,58,7
LOS ANGELES,9002267A,4063,64,N,0,VBM PORTION,124,11,9,1,91,4
LOS ANGELES,9002267A,4063,64,N,1315,TOTAL,228,30,18,3,149,11
LOS ANGELES,9002307B,4082,56,N,1552,POLLING PLACE,89,15,8,3,53,4
LOS ANGELES,9002307B,4082,56,N,0,VBM PORTION,107,18,8,4,63,4
LOS ANGELES,9002307B,4082,56,N,1552,TOTAL,196,33,16,7,116,8
LOS ANGELES,9002315A,4084,54,N,1038,POLLING PLACE,67,6,4,3,40,3
LOS ANGELES,9002315A,4084,54,N,0,VBM PORTION,71,18,10,0,35,6
LOS ANGELES,9002315A,4084,54,N,1038,TOTAL,138,24,14,3,75,9
LOS ANGELES,9002509A,4172,9,N,849,POLLING PLACE,73,23,6,1,33,3
LOS ANGELES,9002509A,4172,9,N,0,VBM PORTION,75,12,10,3,45,2
LOS ANGELES,9002509A,4172,9,N,849,TOTAL,148,35,16,4,78,5
LOS ANGELES,9002536A,6197,8,Y,0,POLLING PLACE,0,0,0,0,0,0
LOS ANGELES,9002536A,6197,8,Y,0,VBM PORTION,0,0,0,0,0,0
LOS ANGELES,9002536A,6197,8,Y,0,TOTAL,0,0,0,0,0,0
LOS ANGELES,9002679A,6212,61,Y,64,POLLING PLACE,0,0,0,0,0,0
LOS ANGELES,9002679A,6212,61,Y,0,VBM PORTION,10,7,2,0,1,0
LOS ANGELES,9002679A,6212,61,Y,64,TOTAL,10,7,2,0,1,0
LOS ANGELES,9002828E,4251,14,N,1041,POLLING PLACE,128,25,21,2,63,8
LOS ANGELES,9002828E,4251,14,N,0,VBM PORTION,119,25,18,1,60,4
LOS ANGELES,9002828E,4251,14,N,1041,TOTAL,247,50,39,3,123,12
LOS ANGELES,9002873B,4256,63,N,1181,POLLING PLACE,118,12,11,7,65,15
LOS ANGELES,9002873B,4256,63,N,0,VBM PORTION,69,6,4,1,44,8
LOS ANGELES,9002873B,4256,63,N,1181,TOTAL,187,18,15,8,109,23
LOS ANGELES,9002875C,4257,63,N,538,POLLING PLACE,43,8,3,0,25,6
LOS ANGELES,9002875C,4257,63,N,0,VBM PORTION,83,6,11,1,47,7
LOS ANGELES,9002875C,4257,63,N,538,TOTAL,126,14,14,1,72,13
LOS ANGELES,9002892A,4261,9,N,1110,POLLING PLACE,102,28,13,5,44,7
LOS ANGELES,9002892A,4261,9,N,0,VBM PORTION,75,16,8,0,38,6
LOS ANGELES,9002892A,4261,9,N,1110,TOTAL,177,44,21,5,82,13
LOS ANGELES,9002968A,4277,14,N,1181,POLLING PLACE,141,40,17,5,65,5
LOS ANGELES,9002968A,4277,14,N,0,VBM PORTION,132,54,16,1,45,4
LOS ANGELES,9002968A,4277,14,N,1181,TOTAL,273,94,33,6,110,9
LOS ANGELES,9003055A,4283,14,N,1402,POLLING PLACE,235,68,28,3,111,8
LOS ANGELES,9003055A,4283,14,N,0,VBM PORTION,143,41,22,5,58,7
LOS ANGELES,9003055A,4283,14,N,1402,TOTAL,378,109,50,8,169,15
LOS ANGELES,9003088A,4287,14,N,816,POLLING PLACE,88,23,16,3,34,4
LOS ANGELES,9003088A,4287,14,N,0,VBM PORTION,86,24,9,4,37,5
LOS ANGELES,9003088A,4287,14,N,816,TOTAL,174,47,25,7,71,9
LOS ANGELES,9003122A,4288,56,N,1159,POLLING PLACE,148,19,25,3,87,10
LOS ANGELES,9003122A,4288,56,N,0,VBM PORTION,156,11,26,2,108,5
LOS ANGELES,9003122A,4288,56,N,1159,TOTAL,304,30,51,5,195,15
LOS ANGELES,9003128A,4289,57,N,934,POLLING PLACE,101,30,16,1,41,8
LOS ANGELES,9003128A,4289,57,N,0,VBM PORTION,131,40,30,6,40,3
LOS ANGELES,9003128A,4289,57,N,934,TOTAL,232,70,46,7,81,11
LOS ANGELES,9003129A,4290,57,N,1118,POLLING PLACE,134,36,18,3,60,9
LOS ANGELES,9003129A,4290,57,N,0,VBM PORTION,112,28,20,0,53,4
LOS ANGELES,9003129A,4290,57,N,1118,TOTAL,246,64,38,3,113,13
LOS ANGELES,9003218B,4301,56,N,1243,POLLING PLACE,121,29,22,4,51,5
LOS ANGELES,9003218B,4301,56,N,0,VBM PORTION,147,21,17,2,93,6
LOS ANGELES,9003218B,4301,56,N,1243,TOTAL,268,50,39,6,144,11
LOS ANGELES,9003228A,4303,63,N,1285,POLLING PLACE,86,6,9,4,50,11
LOS ANGELES,9003228A,4303,63,N,0,VBM PORTION,82,9,9,3,50,6
LOS ANGELES,9003228A,4303,63,N,1285,TOTAL,168,15,18,7,100,17
LOS ANGELES,9003238A,4306,63,N,767,POLLING PLACE,62,6,3,1,36,12
LOS ANGELES,9003238A,4306,63,N,0,VBM PORTION,63,4,7,4,41,6
LOS ANGELES,9003238A,4306,63,N,767,TOTAL,125,10,10,5,77,18
LOS ANGELES,9003465A,4320,56,N,449,POLLING PLACE,42,8,6,0,20,5
LOS ANGELES,9003465A,4320,56,N,0,VBM PORTION,79,16,9,2,41,5
LOS ANGELES,9003465A,4320,56,N,449,TOTAL,121,24,15,2,61,10
LOS ANGELES,9003466A,4321,14,N,587,POLLING PLACE,65,18,5,2,34,1
LOS ANGELES,9003466A,4321,14,N,0,VBM PORTION,95,25,12,1,45,2
LOS ANGELES,9003466A,4321,14,N,587,TOTAL,160,43,17,3,79,3
LOS ANGELES,9003600A,4326,56,N,1165,POLLING PLACE,141,33,17,5,66,7
LOS ANGELES,9003600A,4326,56,N,0,VBM PORTION,128,23,22,4,60,13
LOS ANGELES,9003600A,4326,56,N,1165,TOTAL,269,56,39,9,126,20
LOS ANGELES,9003613A,4328,18,N,962,POLLING PLACE,97,21,20,0,44,3
LOS ANGELES,9003613A,4328,18,N,0,VBM PORTION,123,41,30,0,42,3
LOS ANGELES,9003613A,4328,18,N,962,TOTAL,220,62,50,0,86,6
LOS ANGELES,9003614A,4329,18,N,1233,POLLING PLACE,161,43,20,7,72,7
LOS ANGELES,9003614A,4329,18,N,0,VBM PORTION,118,29,22,3,57,5
LOS ANGELES,9003614A,4329,18,N,1233,TOTAL,279,72,42,10,129,12
LOS ANGELES,9003626A,4330,50,N,1393,POLLING PLACE,154,36,16,4,89,6
LOS ANGELES,9003626A,4330,50,N,0,VBM PORTION,158,24,26,9,89,5
LOS ANGELES,9003626A,4330,50,N,1393,TOTAL,312,60,42,13,178,11
LOS ANGELES,9003681A,4333,56,N,1274,POLLING PLACE,81,7,8,3,50,6
LOS ANGELES,9003681A,4333,56,N,0,VBM PORTION,145,14,10,3,101,6
LOS ANGELES,9003681A,4333,56,N,1274,TOTAL,226,21,18,6,151,12
LOS ANGELES,9003683A,4334,56,N,1412,POLLING PLACE,120,9,15,8,77,5
LOS ANGELES,9003683A,4334,56,N,0,VBM PORTION,157,13,23,2,98,10
LOS ANGELES,9003683A,4334,56,N,1412,TOTAL,277,22,38,10,175,15
LOS ANGELES,9004210A,4357,53,N,975,POLLING PLACE,117,15,12,7,71,3
LOS ANGELES,9004210A,4357,53,N,0,VBM PORTION,88,12,8,6,52,3
LOS ANGELES,9004210A,4357,53,N,975,TOTAL,205,27,20,13,123,6
LOS ANGELES,9004217A,4361,57,N,1159,POLLING PLACE,181,55,40,3,71,5
LOS ANGELES,9004217A,4361,57,N,0,VBM PORTION,133,33,20,1,67,8
LOS ANGELES,9004217A,4361,57,N,1159,TOTAL,314,88,60,4,138,13
LOS ANGELES,9004234A,4368,14,N,1263,POLLING PLACE,100,15,12,5,52,4
LOS ANGELES,9004234A,4368,14,N,0,VBM PORTION,142,41,19,3,62,9
LOS ANGELES,9004234A,4368,14,N,1263,TOTAL,242,56,31,8,114,13
LOS ANGELES,9004240A,4371,56,N,1507,POLLING PLACE,60,11,2,0,35,4
LOS ANGELES,9004240A,4371,56,N,0,VBM PORTION,146,28,17,4,78,7
LOS ANGELES,9004240A,4371,56,N,1507,TOTAL,206,39,19,4,113,11
LOS ANGELES,9005136A,4384,63,N,867,POLLING PLACE,81,16,3,5,37,14
LOS ANGELES,9005136A,4384,63,N,0,VBM PORTION,72,5,7,1,39,8
LOS ANGELES,9005136A,4384,63,N,867,TOTAL,153,21,10,6,76,22
LOS ANGELES,9005139A,4385,63,N,1312,POLLING PLACE,110,7,12,7,65,16
LOS ANGELES,9005139A,4385,63,N,0,VBM PORTION,79,14,7,3,43,10
LOS ANGELES,9005139A,4385,63,N,1312,TOTAL,189,21,19,10,108,26
LOS ANGELES,9005142A,4387,63,N,1238,POLLING PLACE,145,20,15,4,81,17
LOS ANGELES,9005142A,4387,63,N,0,VBM PORTION,101,17,15,2,52,13
LOS ANGELES,9005142A,4387,63,N,1238,TOTAL,246,37,30,6,133,30
LOS ANGELES,9005145A,4388,63,N,1159,POLLING PLACE,98,14,3,6,63,10
LOS ANGELES,9005145A,4388,63,N,0,VBM PORTION,116,13,14,8,60,12
LOS ANGELES,9005145A,4388,63,N,1159,TOTAL,214,27,17,14,123,22
LOS ANGELES,9005152A,4391,63,N,1190,POLLING PLACE,126,11,10,7,77,16
LOS ANGELES,9005152A,4391,63,N,0,VBM PORTION,96,14,13,3,54,10
LOS ANGELES,9005152A,4391,63,N,1190,TOTAL,222,25,23,10,131,26
LOS ANGELES,9005155A,4392,63,N,1337,POLLING PLACE,131,19,7,11,65,16
LOS ANGELES,9005155A,4392,63,N,0,VBM PORTION,88,12,8,7,50,7
LOS ANGELES,9005155A,4392,63,N,1337,TOTAL,219,31,15,18,115,23
LOS ANGELES,9005159A,4393,63,N,1290,POLLING PLACE,131,25,12,3,77,7
LOS ANGELES,9005159A,4393,63,N,0,VBM PORTION,133,15,17,3,83,6
LOS ANGELES,9005159A,4393,63,N,1290,TOTAL,264,40,29,6,160,13
LOS ANGELES,9005196A,4397,63,N,1109,POLLING PLACE,122,15,6,6,75,9
LOS ANGELES,9005196A,4397,63,N,0,VBM PORTION,106,10,4,4,66,14
LOS ANGELES,9005196A,4397,63,N,1109,TOTAL,228,25,10,10,141,23
LOS ANGELES,9005199A,4398,63,N,950,POLLING PLACE,114,24,5,3,76,3
LOS ANGELES,9005199A,4398,63,N,0,VBM PORTION,101,19,9,1,57,8
LOS ANGELES,9005199A,4398,63,N,950,TOTAL,215,43,14,4,133,11
LOS ANGELES,9005520A,4429,56,N,1002,POLLING PLACE,109,20,16,3,63,2
LOS ANGELES,9005520A,4429,56,N,0,VBM PORTION,111,19,18,4,55,6
LOS ANGELES,9005520A,4429,56,N,1002,TOTAL,220,39,34,7,118,8
LOS ANGELES,9005549B,4435,63,N,1387,POLLING PLACE,107,17,7,2,63,10
LOS ANGELES,9005549B,4435,63,N,0,VBM PORTION,100,6,6,2,64,10
LOS ANGELES,9005549B,4435,63,N,1387,TOTAL,207,23,13,4,127,20
LOS ANGELES,9006219A,4476,18,N,1178,POLLING PLACE,148,35,23,5,68,3
LOS ANGELES,9006219A,4476,18,N,0,VBM PORTION,151,46,33,3,52,2
LOS ANGELES,9006219A,4476,18,N,1178,TOTAL,299,81,56,8,120,5
LOS ANGELES,9006232A,4478,9,N,823,POLLING PLACE,70,16,12,1,37,3
LOS ANGELES,9006232A,4478,9,N,0,VBM PORTION,90,20,4,1,56,4
LOS ANGELES,9006232A,4478,9,N,823,TOTAL,160,36,16,2,93,7
LOS ANGELES,9006233A,4479,9,N,800,POLLING PLACE,93,24,15,2,45,3
LOS ANGELES,9006233A,4479,9,N,0,VBM PORTION,86,18,12,2,45,4
LOS ANGELES,9006233A,4479,9,N,800,TOTAL,179,42,27,4,90,7
LOS ANGELES,9006237A,4480,9,N,1105,POLLING PLACE,114,27,15,8,58,2
LOS ANGELES,9006237A,4480,9,N,0,VBM PORTION,93,29,17,5,29,7
LOS ANGELES,9006237A,4480,9,N,1105,TOTAL,207,56,32,13,87,9
LOS ANGELES,9006239A,4481,9,N,952,POLLING PLACE,80,32,2,3,37,3
LOS ANGELES,9006239A,4481,9,N,0,VBM PORTION,77,12,8,2,46,4
LOS ANGELES,9006239A,4481,9,N,952,TOTAL,157,44,10,5,83,7
LOS ANGELES,9006242B,4482,9,N,1335,POLLING PLACE,126,41,9,2,65,4
LOS ANGELES,9006242B,4482,9,N,0,VBM PORTION,143,45,22,3,59,2
LOS ANGELES,9006242B,4482,9,N,1335,TOTAL,269,86,31,5,124,6
LOS ANGELES,9006253A,4489,9,N,1389,POLLING PLACE,153,44,22,1,65,6
LOS ANGELES,9006253A,4489,9,N,0,VBM PORTION,154,51,27,2,58,4
LOS ANGELES,9006253A,4489,9,N,1389,TOTAL,307,95,49,3,123,10
LOS ANGELES,9006256A,4490,12,N,928,POLLING PLACE,116,18,12,3,66,4
LOS ANGELES,9006256A,4490,12,N,0,VBM PORTION,115,33,12,4,55,3
LOS ANGELES,9006256A,4490,12,N,928,TOTAL,231,51,24,7,121,7
LOS ANGELES,9006257A,4491,9,N,1189,POLLING PLACE,101,27,4,4,48,10
LOS ANGELES,9006257A,4491,9,N,0,VBM PORTION,109,14,14,3,66,4
LOS ANGELES,9006257A,4491,9,N,1189,TOTAL,210,41,18,7,114,14
LOS ANGELES,9006258A,4492,9,N,1181,POLLING PLACE,146,30,15,5,84,5
LOS ANGELES,9006258A,4492,9,N,0,VBM PORTION,97,16,19,4,52,2
LOS ANGELES,9006258A,4492,9,N,1181,TOTAL,243,46,34,9,136,7
LOS ANGELES,9006260A,4493,50,N,1219,POLLING PLACE,105,23,9,1,59,6
LOS ANGELES,9006260A,4493,50,N,0,VBM PORTION,127,32,11,8,64,6
LOS ANGELES,9006260A,4493,50,N,1219,TOTAL,232,55,20,9,123,12
LOS ANGELES,9006267A,4494,50,N,1229,POLLING PLACE,133,34,16,0,72,3
LOS ANGELES,9006267A,4494,50,N,0,VBM PORTION,158,32,27,3,86,4
LOS ANGELES,9006267A,4494,50,N,1229,TOTAL,291,66,43,3,158,7
LOS ANGELES,9006268A,4495,57,N,968,POLLING PLACE,53,22,10,1,16,2
LOS ANGELES,9006268A,4495,57,N,0,VBM PORTION,111,34,9,5,50,8
LOS ANGELES,9006268A,4495,57,N,968,TOTAL,164,56,19,6,66,10
LOS ANGELES,9006274A,4496,51,N,1230,POLLING PLACE,176,50,25,12,80,2
LOS ANGELES,9006274A,4496,51,N,0,VBM PORTION,125,22,17,1,73,5
LOS ANGELES,9006274A,4496,51,N,1230,TOTAL,301,72,42,13,153,7
LOS ANGELES,9006276B,4497,50,N,1106,POLLING PLACE,4,0,0,2,1,0
LOS ANGELES,9006276B,4497,50,N,0,VBM PORTION,3,0,0,0,3,0
LOS ANGELES,9006276B,4497,50,N,1106,TOTAL,7,0,0,2,4,0
LOS ANGELES,9006279A,4498,57,N,877,POLLING PLACE,106,21,15,5,53,7
LOS ANGELES,9006279A,4498,57,N,0,VBM PORTION,98,24,24,2,38,3
LOS ANGELES,9006279A,4498,57,N,877,TOTAL,204,45,39,7,91,10
LOS ANGELES,9006288A,4499,50,N,1243,POLLING PLACE,192,52,31,8,91,5
LOS ANGELES,9006288A,4499,50,N,0,VBM PORTION,157,37,20,2,87,4
LOS ANGELES,9006288A,4499,50,N,1243,TOTAL,349,89,51,10,178,9
LOS ANGELES,9006293A,4500,50,N,1254,POLLING PLACE,98,25,11,3,48,3
LOS ANGELES,9006293A,4500,50,N,0,VBM PORTION,81,20,11,6,38,2
LOS ANGELES,9006293A,4500,50,N,1254,TOTAL,179,45,22,9,86,5
LOS ANGELES,9006297A,4501,56,N,1364,POLLING PLACE,124,26,17,1,67,6
LOS ANGELES,9006297A,4501,56,N,0,VBM PORTION,118,31,12,4,59,8
LOS ANGELES,9006297A,4501,56,N,1364,TOTAL,242,57,29,5,126,14
LOS ANGELES,9006405A,4533,56,N,1130,POLLING PLACE,76,17,8,4,40,0
LOS ANGELES,9006405A,4533,56,N,0,VBM PORTION,57,20,6,2,22,4
LOS ANGELES,9006405A,4533,56,N,1130,TOTAL,133,37,14,6,62,4
LOS ANGELES,9006405C,4534,56,N,1221,POLLING PLACE,70,9,6,2,46,3
LOS ANGELES,9006405C,4534,56,N,0,VBM PORTION,79,11,10,1,47,5
LOS ANGELES,9006405C,4534,56,N,1221,TOTAL,149,20,16,3,93,8
LOS ANGELES,9006410A,4535,57,N,1130,POLLING PLACE,65,7,10,0,32,6
LOS ANGELES,9006410A,4535,57,N,0,VBM PORTION,89,20,11,4,45,2
LOS ANGELES,9006410A,4535,57,N,1130,TOTAL,154,27,21,4,77,8
LOS ANGELES,9006416B,6221,57,Y,302,POLLING PLACE,0,0,0,0,0,0
LOS ANGELES,9006416B,6221,57,Y,0,VBM PORTION,78,25,8,4,36,3
LOS ANGELES,9006416B,6221,57,Y,302,TOTAL,78,25,8,4,36,3
LOS ANGELES,9006419A,4536,57,N,1105,POLLING PLACE,173,35,42,4,73,7
LOS ANGELES,9006419A,4536,57,N,0,VBM PORTION,118,40,14,1,46,6
LOS ANGELES,9006419A,4536,57,N,1105,TOTAL,291,75,56,5,119,13
LOS ANGELES,9006421A,4537,57,N,905,POLLING PLACE,138,29,26,3,67,4
LOS ANGELES,9006421A,4537,57,N,0,VBM PORTION,85,21,9,1,45,3
LOS ANGELES,9006421A,4537,57,N,905,TOTAL,223,50,35,4,112,7
LOS ANGELES,9006427A,4538,56,N,1337,POLLING PLACE,122,18,8,4,77,6
LOS ANGELES,9006427A,4538,56,N,0,VBM PORTION,112,19,9,2,67,5
LOS ANGELES,9006427A,4538,56,N,1337,TOTAL,234,37,17,6,144,11
LOS ANGELES,9006428A,4539,56,N,1214,POLLING PLACE,69,14,4,2,36,0
LOS ANGELES,9006428A,4539,56,N,0,VBM PORTION,104,15,6,3,70,2
LOS ANGELES,9006428A,4539,56,N,1214,TOTAL,173,29,10,5,106,2
LOS ANGELES,9006429B,4540,56,N,1293,POLLING PLACE,99,22,6,5,58,3
LOS ANGELES,9006429B,4540,56,N,0,VBM PORTION,99,22,15,3,54,0
LOS ANGELES,9006429B,4540,56,N,1293,TOTAL,198,44,21,8,112,3
LOS ANGELES,9006432B,4541,56,N,1283,POLLING PLACE,131,23,20,2,73,4
LOS ANGELES,9006432B,4541,56,N,0,VBM PORTION,122,29,18,2,56,5
LOS ANGELES,9006432B,4541,56,N,1283,TOTAL,253,52,38,4,129,9
LOS ANGELES,9006438A,4542,56,N,1300,POLLING PLACE,78,11,5,3,50,8
LOS ANGELES,9006438A,4542,56,N,0,VBM PORTION,61,13,5,4,33,4
LOS ANGELES,9006438A,4542,56,N,1300,TOTAL,139,24,10,7,83,12
LOS ANGELES,9006440A,4543,56,N,1420,POLLING PLACE,123,21,10,5,79,2
LOS ANGELES,9006440A,4543,56,N,0,VBM PORTION,88,14,9,2,54,5
LOS ANGELES,9006440A,4543,56,N,1420,TOTAL,211,35,19,7,133,7
LOS ANGELES,9006441B,4544,56,N,1489,POLLING PLACE,87,22,8,1,46,3
LOS ANGELES,9006441B,4544,56,N,0,VBM PORTION,94,13,10,5,57,4
LOS ANGELES,9006441B,4544,56,N,1489,TOTAL,181,35,18,6,103,7
LOS ANGELES,9006444A,4545,56,N,1475,POLLING PLACE,117,20,17,4,63,6
LOS ANGELES,9006444A,4545,56,N,0,VBM PORTION,125,11,19,5,79,6
LOS ANGELES,9006444A,4545,56,N,1475,TOTAL,242,31,36,9,142,12
LOS ANGELES,9006447A,4546,57,N,1215,POLLING PLACE,127,39,16,4,53,8
LOS ANGELES,9006447A,4546,57,N,0,VBM PORTION,128,37,14,2,60,4
LOS ANGELES,9006447A,4546,57,N,1215,TOTAL,255,76,30,6,113,12
LOS ANGELES,9006450A,4547,56,N,1211,POLLING PLACE,89,22,17,2,34,3
LOS ANGELES,9006450A,4547,56,N,0,VBM PORTION,108,23,18,6,53,3
LOS ANGELES,9006450A,4547,56,N,1211,TOTAL,197,45,35,8,87,6
LOS ANGELES,9006452A,4548,56,N,989,POLLING PLACE,113,25,18,3,53,5
LOS ANGELES,9006452A,4548,56,N,0,VBM PORTION,119,39,19,2,53,1
LOS ANGELES,9006452A,4548,56,N,989,TOTAL,232,64,37,5,106,6
LOS ANGELES,9006453A,4549,56,N,1167,POLLING PLACE,138,35,13,5,75,3
LOS ANGELES,9006453A,4549,56,N,0,VBM PORTION,145,34,25,6,73,1
LOS ANGELES,9006453A,4549,56,N,1167,TOTAL,283,69,38,11,148,4
LOS ANGELES,9006462A,4550,56,N,1066,POLLING PLACE,66,7,6,0,47,4
LOS ANGELES,9006462A,4550,56,N,0,VBM PORTION,66,7,1,4,47,3
LOS ANGELES,9006462A,4550,56,N,1066,TOTAL,132,14,7,4,94,7
LOS ANGELES,9006463B,4551,56,N,1165,POLLING PLACE,111,28,9,4,57,7
LOS ANGELES,9006463B,4551,56,N,0,VBM PORTION,111,16,12,10,60,6
LOS ANGELES,9006463B,4551,56,N,1165,TOTAL,222,44,21,14,117,13
LOS ANGELES,9006468C,4552,56,N,1068,POLLING PLACE,114,22,14,3,62,7
LOS ANGELES,9006468C,4552,56,N,0,VBM PORTION,115,18,14,8,54,10
LOS ANGELES,9006468C,4552,56,N,1068,TOTAL,229,40,28,11,116,17
LOS ANGELES,9006471A,4553,56,N,869,POLLING PLACE,70,18,12,2,27,2
LOS ANGELES,9006471A,4553,56,N,0,VBM PORTION,109,16,19,7,56,6
LOS ANGELES,9006471A,4553,56,N,869,TOTAL,179,34,31,9,83,8
LOS ANGELES,9006473A,4554,56,N,1333,POLLING PLACE,85,15,13,1,47,4
LOS ANGELES,9006473A,4554,56,N,0,VBM PORTION,153,29,21,2,88,8
LOS ANGELES,9006473A,4554,56,N,1333,TOTAL,238,44,34,3,135,12
LOS ANGELES,9006482A,4555,56,N,1126,POLLING PLACE,139,40,21,5,52,15
LOS ANGELES,9006482A,4555,56,N,0,VBM PORTION,130,34,10,1,70,7
LOS ANGELES,9006482A,4555,56,N,1126,TOTAL,269,74,31,6,122,22
LOS ANGELES,9006483A,4556,56,N,1155,POLLING PLACE,142,39,23,8,63,3
LOS ANGELES,9006483A,4556,56,N,0,VBM PORTION,130,28,22,5,61,6
LOS ANGELES,9006483A,4556,56,N,1155,TOTAL,272,67,45,13,124,9
LOS ANGELES,9006487B,4557,56,N,1170,POLLING PLACE,167,42,20,4,88,4
LOS ANGELES,9006487B,4557,56,N,0,VBM PORTION,132,31,19,2,62,6
LOS ANGELES,9006487B,4557,56,N,1170,TOTAL,299,73,39,6,150,10
LOS ANGELES,9006490A,4558,56,N,1354,POLLING PLACE,127,37,16,7,58,4
LOS ANGELES,9006490A,4558,56,N,0,VBM PORTION,137,31,17,9,69,2
LOS ANGELES,9006490A,4558,56,N,1354,TOTAL,264,68,33,16,127,6
LOS ANGELES,9006492A,4559,56,N,1033,POLLING PLACE,131,41,18,8,50,5
LOS ANGELES,9006492A,4559,56,N,0,VBM PORTION,115,21,18,1,62,3
LOS ANGELES,9006492A,4559,56,N,1033,TOTAL,246,62,36,9,112,8
LOS ANGELES,9006495A,4560,56,N,1371,POLLING PLACE,157,32,29,3,85,0
LOS ANGELES,9006495A,4560,56,N,0,VBM PORTION,186,37,32,7,88,6
LOS ANGELES,9006495A,4560,56,N,1371,TOTAL,343,69,61,10,173,6
LOS ANGELES,9006500A,4561,56,N,1337,POLLING PLACE,123,23,17,1,73,3
LOS ANGELES,9006500A,4561,56,N,0,VBM PORTION,193,30,22,8,122,7
LOS ANGELES,9006500A,4561,56,N,1337,TOTAL,316,53,39,9,195,10
LOS ANGELES,9006602A,4562,56,N,894,POLLING PLACE,110,26,20,3,52,5
LOS ANGELES,9006602A,4562,56,N,0,VBM PORTION,94,25,14,1,34,8
LOS ANGELES,9006602A,4562,56,N,894,TOTAL,204,51,34,4,86,13
LOS ANGELES,9006606C,4563,56,N,956,POLLING PLACE,112,26,18,3,55,3
LOS ANGELES,9006606C,4563,56,N,0,VBM PORTION,122,29,16,7,60,5
LOS ANGELES,9006606C,4563,56,N,956,TOTAL,234,55,34,10,115,8
LOS ANGELES,9006611A,4564,56,N,1206,POLLING PLACE,91,22,10,0,46,6
LOS ANGELES,9006611A,4564,56,N,0,VBM PORTION,116,16,15,2,59,18
LOS ANGELES,9006611A,4564,56,N,1206,TOTAL,207,38,25,2,105,24
LOS ANGELES,9006614A,4565,56,N,1334,POLLING PLACE,113,25,14,6,56,11
LOS ANGELES,9006614A,4565,56,N,0,VBM PORTION,114,18,9,0,72,9
LOS ANGELES,9006614A,4565,56,N,1334,TOTAL,227,43,23,6,128,20
LOS ANGELES,9006615A,4566,56,N,862,POLLING PLACE,74,10,5,1,51,2
LOS ANGELES,9006615A,4566,56,N,0,VBM PORTION,103,13,14,5,65,3
LOS ANGELES,9006615A,4566,56,N,862,TOTAL,177,23,19,6,116,5
LOS ANGELES,9006618B,4567,56,N,1228,POLLING PLACE,199,37,18,8,122,6
LOS ANGELES,9006618B,4567,56,N,0,VBM PORTION,145,19,32,5,77,5
LOS ANGELES,9006618B,4567,56,N,1228,TOTAL,344,56,50,13,199,11
LOS ANGELES,9006620A,4568,56,N,1189,POLLING PLACE,114,28,12,3,63,2
LOS ANGELES,9006620A,4568,56,N,0,VBM PORTION,119,15,12,5,76,4
LOS ANGELES,9006620A,4568,56,N,1189,TOTAL,233,43,24,8,139,6
LOS ANGELES,9006623C,4569,56,N,1276,POLLING PLACE,101,21,14,1,47,4
LOS ANGELES,9006623C,4569,56,N,0,VBM PORTION,124,15,24,3,68,9
LOS ANGELES,9006623C,4569,56,N,1276,TOTAL,225,36,38,4,115,13
LOS ANGELES,9006624A,4570,56,N,1252,POLLING PLACE,149,33,7,8,81,13
LOS ANGELES,9006624A,4570,56,N,0,VBM PORTION,123,12,24,4,73,5
LOS ANGELES,9006624A,4570,56,N,1252,TOTAL,272,45,31,12,154,18
LOS ANGELES,9006626A,4571,56,N,986,POLLING PLACE,79,17,10,0,44,5
LOS ANGELES,9006626A,4571,56,N,0,VBM PORTION,85,13,8,3,54,0
LOS ANGELES,9006626A,4571,56,N,986,TOTAL,164,30,18,3,98,5
LOS ANGELES,9006627B,4572,56,N,626,POLLING PLACE,59,8,10,0,34,3
LOS ANGELES,9006627B,4572,56,N,0,VBM PORTION,61,15,9,1,32,2
LOS ANGELES,9006627B,4572,56,N,626,TOTAL,120,23,19,1,66,5
LOS ANGELES,9006632C,4573,56,N,1166,POLLING PLACE,84,7,14,4,46,8
LOS ANGELES,9006632C,4573,56,N,0,VBM PORTION,134,28,20,6,69,2
LOS ANGELES,9006632C,4573,56,N,1166,TOTAL,218,35,34,10,115,10
LOS ANGELES,9006651A,4574,56,N,1375,POLLING PLACE,137,23,17,4,76,9
LOS ANGELES,9006651A,4574,56,N,0,VBM PORTION,145,34,18,1,80,4
LOS ANGELES,9006651A,4574,56,N,1375,TOTAL,282,57,35,5,156,13
LOS ANGELES,9006652A,4575,56,N,1206,POLLING PLACE,116,13,12,1,73,8
LOS ANGELES,9006652A,4575,56,N,0,VBM PORTION,158,17,30,3,96,6
LOS ANGELES,9006652A,4575,56,N,1206,TOTAL,274,30,42,4,169,14
LOS ANGELES,9006656A,4576,56,N,1351,POLLING PLACE,168,22,12,2,110,7
LOS ANGELES,9006656A,4576,56,N,0,VBM PORTION,196,15,27,0,119,14
LOS ANGELES,9006656A,4576,56,N,1351,TOTAL,364,37,39,2,229,21
LOS ANGELES,9006660B,4577,56,N,1005,POLLING PLACE,112,17,15,1,68,4
LOS ANGELES,9006660B,4577,56,N,0,VBM PORTION,168,24,16,5,93,16
LOS ANGELES,9006660B,4577,56,N,1005,TOTAL,280,41,31,6,161,20
LOS ANGELES,9006666A,4578,56,N,1202,POLLING PLACE,140,15,19,3,90,8
LOS ANGELES,9006666A,4578,56,N,0,VBM PORTION,151,18,12,4,103,6
LOS ANGELES,9006666A,4578,56,N,1202,TOTAL,291,33,31,7,193,14
LOS ANGELES,9006667A,4579,56,N,1115,POLLING PLACE,94,8,9,1,69,2
LOS ANGELES,9006667A,4579,56,N,0,VBM PORTION,181,22,19,2,120,4
LOS ANGELES,9006667A,4579,56,N,1115,TOTAL,275,30,28,3,189,6
LOS ANGELES,9007131A,4584,63,N,1266,POLLING PLACE,150,15,6,4,101,14
LOS ANGELES,9007131A,4584,63,N,0,VBM PORTION,132,19,8,5,84,8
LOS ANGELES,9007131A,4584,63,N,1266,TOTAL,282,34,14,9,185,22
LOS ANGELES,9007674A,4608,56,N,1033,POLLING PLACE,125,13,16,2,84,2
LOS ANGELES,9007674A,4608,56,N,0,VBM PORTION,168,21,29,1,109,3
LOS ANGELES,9007674A,4608,56,N,1033,TOTAL,293,34,45,3,193,5
LOS ANGELES,9007774A,4617,9,N,1004,POLLING PLACE,134,52,13,3,60,1
LOS ANGELES,9007774A,4617,9,N,0,VBM PORTION,116,29,13,2,65,0
LOS ANGELES,9007774A,4617,9,N,1004,TOTAL,250,81,26,5,125,1
LOS ANGELES,9007781A,4618,9,N,968,POLLING PLACE,111,36,8,3,55,4
LOS ANGELES,9007781A,4618,9,N,0,VBM PORTION,107,21,23,2,49,6
LOS ANGELES,9007781A,4618,9,N,968,TOTAL,218,57,31,5,104,10
LOS ANGELES,9007782A,4619,14,N,1271,POLLING PLACE,65,13,6,3,29,3
LOS ANGELES,9007782A,4619,14,N,0,VBM PORTION,97,19,20,2,43,4
LOS ANGELES,9007782A,4619,14,N,1271,TOTAL,162,32,26,5,72,7
LOS ANGELES,9007790B,4621,9,N,1377,POLLING PLACE,122,40,9,2,60,7
LOS ANGELES,9007790B,4621,9,N,0,VBM PORTION,121,37,11,3,56,6
LOS ANGELES,9007790B,4621,9,N,1377,TOTAL,243,77,20,5,116,13
LOS ANGELES,9007794A,4622,9,N,1218,POLLING PLACE,85,23,5,1,48,3
LOS ANGELES,9007794A,4622,9,N,0,VBM PORTION,47,15,0,0,27,2
LOS ANGELES,9007794A,4622,9,N,1218,TOTAL,132,38,5,1,75,5
LOS ANGELES,9007807A,4624,52,N,1268,POLLING PLACE,121,31,11,5,62,5
LOS ANGELES,9007807A,4624,52,N,0,VBM PORTION,99,16,5,3,58,9
LOS ANGELES,9007807A,4624,52,N,1268,TOTAL,220,47,16,8,120,14
LOS ANGELES,9007825B,4625,50,N,1298,POLLING PLACE,184,28,18,0,117,9
LOS ANGELES,9007825B,4625,50,N,0,VBM PORTION,196,42,36,1,102,7
LOS ANGELES,9007825B,4625,50,N,1298,TOTAL,380,70,54,1,219,16
LOS ANGELES,9007833A,4626,12,N,878,POLLING PLACE,118,33,12,1,58,4
LOS ANGELES,9007833A,4626,12,N,0,VBM PORTION,105,29,8,2,50,4
LOS ANGELES,9007833A,4626,12,N,878,TOTAL,223,62,20,3,108,8
LOS ANGELES,9007838A,4627,12,N,1097,POLLING PLACE,146,32,20,4,69,5
LOS ANGELES,9007838A,4627,12,N,0,VBM PORTION,128,19,28,7,59,1
LOS ANGELES,9007838A,4627,12,N,1097,TOTAL,274,51,48,11,128,6
LOS ANGELES,9007843A,4628,56,N,1267,POLLING PLACE,162,24,18,4,101,7
LOS ANGELES,9007843A,4628,56,N,0,VBM PORTION,102,28,16,1,51,2
LOS ANGELES,9007843A,4628,56,N,1267,TOTAL,264,52,34,5,152,9
LOS ANGELES,9007847A,4629,52,N,1375,POLLING PLACE,94,19,6,2,60,1
LOS ANGELES,9007847A,4629,52,N,0,VBM PORTION,100,18,13,4,57,3
LOS ANGELES,9007847A,4629,52,N,1375,TOTAL,194,37,19,6,117,4
LOS ANGELES,9007852A,4630,50,N,1246,POLLING PLACE,98,22,13,5,50,4
LOS ANGELES,9007852A,4630,50,N,0,VBM PORTION,115,21,19,1,61,6
LOS ANGELES,9007852A,4630,50,N,1246,TOTAL,213,43,32,6,111,10
LOS ANGELES,9007857B,4631,56,N,519,POLLING PLACE,50,10,6,3,29,0
LOS ANGELES,9007857B,4631,56,N,0,VBM PORTION,40,5,5,2,25,1
LOS ANGELES,9007857B,4631,56,N,519,TOTAL,90,15,11,5,54,1
LOS ANGELES,9007864A,4632,56,N,1521,POLLING PLACE,70,8,7,3,45,1
LOS ANGELES,9007864A,4632,56,N,0,VBM PORTION,80,13,2,5,50,5
LOS ANGELES,9007864A,4632,56,N,1521,TOTAL,150,21,9,8,95,6
LOS ANGELES,9007883A,4633,56,N,1082,POLLING PLACE,83,24,11,0,36,2
LOS ANGELES,9007883A,4633,56,N,0,VBM PORTION,81,14,13,5,42,3
LOS ANGELES,9007883A,4633,56,N,1082,TOTAL,164,38,24,5,78,5
LOS ANGELES,9007886A,4634,56,N,1334,POLLING PLACE,93,16,10,2,58,2
LOS ANGELES,9007886A,4634,56,N,0,VBM PORTION,85,10,13,7,44,8
LOS ANGELES,9007886A,4634,56,N,1334,TOTAL,178,26,23,9,102,10
LOS ANGELES,9007888A,4635,56,N,1064,POLLING PLACE,79,20,6,4,39,1
LOS ANGELES,9007888A,4635,56,N,0,VBM PORTION,47,12,7,1,21,2
LOS ANGELES,9007888A,4635,56,N,1064,TOTAL,126,32,13,5,60,3
LOS ANGELES,9007900A,4636,56,N,1158,POLLING PLACE,70,18,12,1,34,2
LOS ANGELES,9007900A,4636,56,N,0,VBM PORTION,97,14,15,0,58,8
LOS ANGELES,9007900A,4636,56,N,1158,TOTAL,167,32,27,1,92,10
LOS ANGELES,9007902A,4637,56,N,1232,POLLING PLACE,94,14,8,5,52,2
LOS ANGELES,9007902A,4637,56,N,0,VBM PORTION,121,20,22,4,62,9
LOS ANGELES,9007902A,4637,56,N,1232,TOTAL,215,34,30,9,114,11
LOS ANGELES,9007913A,4638,56,N,1301,POLLING PLACE,101,24,10,1,59,3
LOS ANGELES,9007913A,4638,56,N,0,VBM PORTION,160,37,23,5,78,3
LOS ANGELES,9007913A,4638,56,N,1301,TOTAL,261,61,33,6,137,6
LOS ANGELES,9007927A,4639,56,N,853,POLLING PLACE,104,25,15,1,50,5
LOS ANGELES,9007927A,4639,56,N,0,VBM PORTION,109,13,16,2,59,8
LOS ANGELES,9007927A,4639,56,N,853,TOTAL,213,38,31,3,109,13
LOS ANGELES,9007928A,4640,56,N,1349,POLLING PLACE,130,23,26,0,66,5
LOS ANGELES,9007928A,4640,56,N,0,VBM PORTION,173,33,33,2,93,3
LOS ANGELES,9007928A,4640,56,N,1349,TOTAL,303,56,59,2,159,8
LOS ANGELES,9007935A,4641,56,N,1173,POLLING PLACE,114,27,27,0,54,4
LOS ANGELES,9007935A,4641,56,N,0,VBM PORTION,178,36,24,3,93,12
LOS ANGELES,9007935A,4641,56,N,1173,TOTAL,292,63,51,3,147,16
LOS ANGELES,9007939A,4642,56,N,1008,POLLING PLACE,70,18,11,0,35,1
LOS ANGELES,9007939A,4642,56,N,0,VBM PORTION,164,24,25,3,97,5
LOS ANGELES,9007939A,4642,56,N,1008,TOTAL,234,42,36,3,132,6
LOS ANGELES,9007947B,4643,56,N,1079,POLLING PLACE,91,19,14,2,46,4
LOS ANGELES,9007947B,4643,56,N,0,VBM PORTION,81,21,10,2,41,2
LOS ANGELES,9007947B,4643,56,N,1079,TOTAL,172,40,24,4,87,6
LOS ANGELES,9007954B,4644,56,N,891,POLLING PLACE,100,14,7,3,60,7
LOS ANGELES,9007954B,4644,56,N,0,VBM PORTION,113,18,18,1,66,8
LOS ANGELES,9007954B,4644,56,N,891,TOTAL,213,32,25,4,126,15
LOS ANGELES,9007971A,4645,56,N,1385,POLLING PLACE,142,17,12,1,94,11
LOS ANGELES,9007971A,4645,56,N,0,VBM PORTION,235,34,31,1,136,17
LOS ANGELES,9007971A,4645,56,N,1385,TOTAL,377,51,43,2,230,28
LOS ANGELES,9007975B,4646,56,N,963,POLLING PLACE,87,20,12,0,47,2
LOS ANGELES,9007975B,4646,56,N,0,VBM PORTION,135,26,22,2,71,6
LOS ANGELES,9007975B,4646,56,N,963,TOTAL,222,46,34,2,118,8
LOS ANGELES,9007985A,4647,56,N,1053,POLLING PLACE,95,7,20,3,52,10
LOS ANGELES,9007985A,4647,56,N,0,VBM PORTION,150,16,21,3,88,8
LOS ANGELES,9007985A,4647,56,N,1053,TOTAL,245,23,41,6,140,18
BALLOT GROUP 8,9990008A,8008,8,N,0,POLLING PLACE,0,0,0,0,0,0
BALLOT GROUP 8,9990008A,8008,8,N,0,VBM PORTION,0,0,0,0,0,0
BALLOT GROUP 8,9990008A,8008,8,N,0,TOTAL,0,0,0,0,0,0
BALLOT GROUP 9,9990009A,8009,9,N,0,POLLING PLACE,0,0,0,0,0,0
BALLOT GROUP 9,9990009A,8009,9,N,0,VBM PORTION,6,1,0,0,1,0
BALLOT GROUP 9,9990009A,8009,9,N,0,TOTAL,3,1,0,0,1,0
BALLOT GROUP 12,9990012A,8012,12,N,0,POLLING PLACE,0,0,0,0,0,0
BALLOT GROUP 12,9990012A,8012,12,N,0,VBM PORTION,0,0,0,0,0,0
BALLOT GROUP 12,9990012A,8012,12,N,0,TOTAL,0,0,0,0,0,0
BALLOT GROUP 14,9990014A,8014,14,N,0,POLLING PLACE,0,0,0,0,0,0
BALLOT GROUP 14,9990014A,8014,14,N,0,VBM PORTION,4,1,0,0,1,0
BALLOT GROUP 14,9990014A,8014,14,N,0,TOTAL,2,1,0,0,1,0
BALLOT GROUP 17,9990017A,8017,17,N,0,POLLING PLACE,0,0,0,0,0,0
BALLOT GROUP 17,9990017A,8017,17,N,0,VBM PORTION,0,0,0,0,0,0
BALLOT GROUP 17,9990017A,8017,17,N,0,TOTAL,0,0,0,0,0,0
BALLOT GROUP 18,9990018A,8018,18,N,0,POLLING PLACE,0,0,0,0,0,0
BALLOT GROUP 18,9990018A,8018,18,N,0,VBM PORTION,2,0,0,0,0,0
BALLOT GROUP 18,9990018A,8018,18,N,0,TOTAL,1,0,0,0,0,0
BALLOT GROUP 37,9990037A,8037,37,N,0,POLLING PLACE,0,0,0,0,0,0
BALLOT GROUP 37,9990037A,8037,37,N,0,VBM PORTION,2,0,0,0,1,0
BALLOT GROUP 37,9990037A,8037,37,N,0,TOTAL,1,0,0,0,1,0
BALLOT GROUP 48,9990048A,8048,48,N,0,POLLING PLACE,0,0,0,0,0,0
BALLOT GROUP 48,9990048A,8048,48,N,0,VBM PORTION,0,0,0,0,0,0
BALLOT GROUP 48,9990048A,8048,48,N,0,TOTAL,0,0,0,0,0,0
BALLOT GROUP 50,9990050A,8050,50,N,0,POLLING PLACE,0,0,0,0,0,0
BALLOT GROUP 50,9990050A,8050,50,N,0,VBM PORTION,0,0,0,0,0,0
BALLOT GROUP 50,9990050A,8050,50,N,0,TOTAL,0,0,0,0,0,0
BALLOT GROUP 51,9990051A,8051,51,N,0,POLLING PLACE,0,0,0,0,0,0
BALLOT GROUP 51,9990051A,8051,51,N,0,VBM PORTION,0,0,0,0,0,0
BALLOT GROUP 51,9990051A,8051,51,N,0,TOTAL,0,0,0,0,0,0
BALLOT GROUP 52,9990052A,8052,52,N,0,POLLING PLACE,0,0,0,0,0,0
BALLOT GROUP 52,9990052A,8052,52,N,0,VBM PORTION,0,0,0,0,0,0
BALLOT GROUP 52,9990052A,8052,52,N,0,TOTAL,0,0,0,0,0,0
BALLOT GROUP 53,9990053A,8053,53,N,0,POLLING PLACE,0,0,0,0,0,0
BALLOT GROUP 53,9990053A,8053,53,N,0,VBM PORTION,0,0,0,0,0,0
BALLOT GROUP 53,9990053A,8053,53,N,0,TOTAL,0,0,0,0,0,0
BALLOT GROUP 54,9990054A,8054,54,N,0,POLLING PLACE,0,0,0,0,0,0
BALLOT GROUP 54,9990054A,8054,54,N,0,VBM PORTION,0,0,0,0,0,0
BALLOT GROUP 54,9990054A,8054,54,N,0,TOTAL,0,0,0,0,0,0
BALLOT GROUP 56,9990056A,8056,56,N,0,POLLING PLACE,0,0,0,0,0,0
BALLOT GROUP 56,9990056A,8056,56,N,0,VBM PORTION,6,1,0,0,1,1
BALLOT GROUP 56,9990056A,8056,56,N,0,TOTAL,3,1,0,0,1,1
BALLOT GROUP 57,9990057A,8057,57,N,0,POLLING PLACE,0,0,0,0,0,0
BALLOT GROUP 57,9990057A,8057,57,N,0,VBM PORTION,4,0,0,0,2,0
BALLOT GROUP 57,9990057A,8057,57,N,0,TOTAL,2,0,0,0,2,0
BALLOT GROUP 61,9990061A,8061,61,N,0,POLLING PLACE,0,0,0,0,0,0
BALLOT GROUP 61,9990061A,8061,61,N,0,VBM PORTION,0,0,0,0,0,0
BALLOT GROUP 61,9990061A,8061,61,N,0,TOTAL,0,0,0,0,0,0
BALLOT GROUP 63,9990063A,8063,63,N,0,POLLING PLACE,0,0,0,0,0,0
BALLOT GROUP 63,9990063A,8063,63,N,0,VBM PORTION,0,0,0,0,0,0
BALLOT GROUP 63,9990063A,8063,63,N,0,TOTAL,0,0,0,0,0,0
BALLOT GROUP 64,9990064A,8064,64,N,0,POLLING PLACE,0,0,0,0,0,0
BALLOT GROUP 64,9990064A,8064,64,N,0,VBM PORTION,0,0,0,0,0,0
BALLOT GROUP 64,9990064A,8064,64,N,0,TOTAL,0,0,0,0,0,0
