INCIDENT NUMBER,INCIDENT TYPE,INCIDENT DATE,INCIDENT LOCATION,CITY,STATE,ZIP,REPORTING DISTRICT,GEO_LOCATION,PERSON AGE,PERSON RACE,MENTAL HEALTH CONCERNS,CRIMINAL HISTORY,WOUNDED,DECEASED,ON PROBATION,ON PAROLE,UNDER THE INFLUENCE,SUBSTANCE NAME,# OF INVOLVED DEPUTIES,WEAPON INVOLVED CATEGORY,WEAPON INVOLVED CATEGORY DESC,APPROX_LATITUDE,APPROX_LONGITUDE
1000472,NON-HIT SHOOTING INCIDENT,12/04/2013 07:35:00 AM,1700 NORTH GRAMERCY PLACE,LOS ANGELES,CA,90028,0973,"1700 NORTH GRAMERCY PLACE
LOS ANGELES, CA 90028
(34.101714, -118.312239)",46,WHITE,N,Y,N,N,Y,N,N,,1,A-4,"FIREARM:  Perception shooting, Suspect actions and/or other info suggest suspect was armed, Firearm not seen/not recovered",34.101714,-118.312239
1000380,NON-HIT SHOOTING INCIDENT,02/03/2012 07:10:00 PM,100 EAST CEDAR STREET,COMPTON,CA,90220,2822,"100 EAST CEDAR STREET
COMPTON, CA 90220
(33.901344, -118.224241)",35,HISPANIC,N,Y,N,N,Y,Y,Y,ALCOHOL,1,A-3,"FIREARM:  Suspect may have been armed,  Deputy saw firearm but not recovered",33.901344,-118.224241
1000467,HIT SHOOTING INCIDENT,10/29/2013 12:01:00 AM,3900 WEST CENTURY BLVD,INGLEWOOD,CA,90303,0399,"3900 WEST CENTURY BLVD
INGLEWOOD, CA 90303
(33.945462, -118.342009)",49,BLACK,N,Y,N,Y,Y,Y,N,,2,A-2,"FIREARM:  Suspect armed,  Suspect fired at deputy",33.945462,-118.342009
1000332,NON-HIT SHOOTING INCIDENT,12/01/2010 07:22:00 PM,1700 WILMINGTON BLVD,WILMINGTON,CA,90744,1628,"1700 WILMINGTON BLVD
WILMINGTON, CA 90744
(33.796885, -118.275242)",25,HISPANIC,N,Y,N,N,Y,Y,N,,1,A-4,"FIREARM:  Perception shooting, Suspect actions and/or other info suggest suspect was armed, Firearm not seen/not recovered",33.796885,-118.275242
1000654,HIT SHOOTING INCIDENT,10/19/2015 11:48:00 PM,400 W. 111TH ST.,LOS ANGELES,CA,90061,0372,"400 W. 111TH ST.
LOS ANGELES, CA 90061
(33.934825, -118.283113)",53,BLACK,N,N,N,Y,,,,,1,B-2,"WEAPON - OTHER:  Suspect armed, Suspect used weapon to assault deputy",33.934825,-118.283113
1000324,NON-HIT SHOOTING INCIDENT,07/27/2010 09:24:00 PM,11100 BROADWAY,LOS ANGELES,CA,90061,2199,"11100 BROADWAY
LOS ANGELES, CA 90061
(33.934773, -118.278108)",30,HISPANIC,N,Y,N,N,N,N,N,,1,B-4,"WEAPON - OTHER:  Perception shooting, Suspect actions and/or info suggest suspect was armed, Weapon not seen/not recovered",33.934773,-118.278108
1000299,NON-HIT SHOOTING INCIDENT,05/06/2010 01:30:00 AM,257TH AND WESTERN,LOS ANGELES,CA,90710,1712,"257TH AND WESTERN
LOS ANGELES, CA 90710
(33.79047887620166668746, -118.30756511042138228339)",29,HISPANIC,N,Y,N,N,N,N,N,,1,A-2,"FIREARM:  Suspect armed,  Suspect fired at deputy",33.790478876201667,-118.307565110421382
1000379,HIT SHOOTING INCIDENT,01/21/2012 11:03:00 PM,44200 W. 10TH STREET,LANCASTER,CA,93534,1126,"44200 W. 10TH STREET
LANCASTER, CA 93534
(34.685839, -118.147972)",26,HISPANIC,Y,Y,N,Y,Y,Y,Y,ALCOHOL,2,A-4,"FIREARM:  Perception shooting, Suspect actions and/or other info suggest suspect was armed, Firearm not seen/not recovered",34.685839,-118.147972
1000365,NON-HIT SHOOTING INCIDENT,11/26/2011 11:30:00 PM,600 LE SEDA ROAD,LA PUENTE,CA,91744,1443,"600 LE SEDA ROAD
LA PUENTE, CA 91744
(34.007268, -117.898065)",32,HISPANIC,N,Y,N,N,Y,N,N,,1,A-1,"FIREARM:  Suspect armed,  Firearm recovered",34.007268,-117.898065
1000449,HIT SHOOTING INCIDENT,06/27/2013 07:05:00 AM,6600 117TH STREET EAST,LITTLE ROCK,CA,93543,2664,"6600 117TH STREET EAST
LITTLE ROCK, CA 93543
(34.557516, -117.919886)",80,WHITE,N,N,N,Y,N,N,N,,1,A-1,"FIREARM:  Suspect armed,  Firearm recovered",34.557516,-117.919886
1000352,HIT SHOOTING INCIDENT,05/24/2011 06:44:00 AM,2000 EAST 76TH STREET,LOS ANGELES,CA,90001,2173,"2000 EAST 76TH STREET
LOS ANGELES, CA 90001
(33.971921, -118.236815)",21,HISPANIC,N,Y,Y,N,Y,Y,Y,HALLUCINOGEN,2,A-1,"FIREARM:  Suspect armed,  Firearm recovered",33.971921,-118.236815
1000304,HIT SHOOTING INCIDENT,06/09/2010 01:59:00 AM,1800 MORNINGSIDE COURT,AZUSA,CA,91702,3199,"1800 MORNINGSIDE COURT
AZUSA, CA 91702
(34.15647, -117.910953)",25,HISPANIC,N,Y,N,Y,Y,N,N,,1,D-1,NO SUSPECT FIREAM/OTHER WEAPON involved in the Incident,34.15647,-117.910953
1000497,HIT SHOOTING INCIDENT,08/26/2014 01:04:00 PM,12200 SANTA FE AVENUE,COMPTON,CA,90222,2116,"12200 SANTA FE AVENUE
COMPTON, CA 90222
(33.916817, -118.217536)",45,BLACK,N,Y,N,Y,N,N,N,,3,A-2,"FIREARM:  Suspect armed,  Suspect fired at deputy",33.916817,-118.217536
1000445,HIT SHOOTING INCIDENT,05/11/2013 10:02:00 PM,4100 WALNUT STREET,CUDAHY,CA,90201,0261,"4100 WALNUT STREET
CUDAHY, CA 90201
(33.969949, -118.195354)",34,HISPANIC,N,N,N,Y,Y,N,Y,OTHER/UNKNOWN,1,A-1,"FIREARM:  Suspect armed,  Firearm recovered",33.969949,-118.195354
1000336,HIT SHOOTING INCIDENT,01/08/2011 12:47:00 AM,8000 WADSWORTH AVENUE,LOS ANGELES,CA,90001,2199,"8000 WADSWORTH AVENUE
LOS ANGELES, CA 90001
(33.966244, -118.25858)",20,BLACK,N,Y,N,Y,Y,N,N,,1,A-1,"FIREARM:  Suspect armed,  Firearm recovered",33.966244,-118.25858
1000400,HIT SHOOTING INCIDENT,05/12/2012 01:25:00 PM,HUDSON AVENUE AND STAFFORD AVENUE,CITY OF INDUSTRY,CA,91744,1462,"HUDSON AVENUE AND STAFFORD AVENUE
CITY OF INDUSTRY, CA 91744
(34.02503598860171436153, -117.95933102562561901379)",30,HISPANIC,N,N,N,Y,N,N,Y,MARIJUANA,4,A-2,"FIREARM:  Suspect armed,  Suspect fired at deputy",34.025035988601714,-117.959331025625619
1000513,NON-HIT SHOOTING INCIDENT,02/05/2015 05:29:00 PM,1600 E. GLADWICK STREET,CARSON,CA,90746,1616,"1600 E. GLADWICK STREET
CARSON, CA 90746
(33.85268, -118.2417)",26,BLACK,N,Y,N,N,N,N,N,,1,A-1,"FIREARM:  Suspect armed,  Firearm recovered",33.85268,-118.2417
1000427,HIT SHOOTING INCIDENT,11/23/2012 11:08:00 AM,1600 E 118TH PLACE,LOS ANGELES,CA,90059,2131,"1600 E 118TH PLACE
LOS ANGELES, CA 90059
(33.925162, -118.246416)",31,BLACK,N,Y,Y,N,Y,Y,N,,1,A-1,"FIREARM:  Suspect armed,  Firearm recovered",33.925162,-118.246416
1000312,NON-HIT SHOOTING INCIDENT,08/25/2010 08:40:00 PM,800 E. 88TH STREET,LOS ANGELES,CA,90002,2199,"800 E. 88TH STREET
LOS ANGELES, CA 90002
(33.957423, -118.260254)",29,BLACK,N,Y,N,N,N,N,N,,1,A-1,"FIREARM:  Suspect armed,  Firearm recovered",33.957423,-118.260254
1000482,HIT SHOOTING INCIDENT,04/13/2014 04:05:00 PM,3400 MARTIN LUTHER KING JR. BOULEVARD,LYNWOOD,CA,90262,2112,"3400 MARTIN LUTHER KING JR. BOULEVARD
LYNWOOD, CA 90262
(33.936467, -118.209777)",44,HISPANIC,N,N,Y,N,N,N,Y,ALCOHOL,2,A-1,"FIREARM:  Suspect armed,  Firearm recovered",33.936467,-118.209777
1000325,HIT SHOOTING INCIDENT,10/27/2010 09:37:00 AM,4500 ABBOTT ROAD,LYNWOOD,CA,90262,2113,"4500 ABBOTT ROAD
LYNWOOD, CA 90262
(33.934969, -118.193581)",17,HISPANIC,N,N,Y,N,N,N,N,,1,A-4,"FIREARM:  Perception shooting, Suspect actions and/or other info suggest suspect was armed, Firearm not seen/not recovered",33.934969,-118.193581
1000342,HIT SHOOTING INCIDENT,02/26/2011 03:53:00 AM,4500 EAST THIRD STREET,LOS ANGELES,CA,90063,0283,"4500 EAST THIRD STREET
LOS ANGELES, CA 90063
(34.03324, -118.169147)",24,HISPANIC,N,N,Y,N,Y,N,N,,1,B-2,"WEAPON - OTHER:  Suspect armed, Suspect used weapon to assault deputy",34.03324,-118.169147
1000477,HIT SHOOTING INCIDENT,01/26/2014 11:11:00 PM,2400 EAST 126TH STREET,COMPTON,CA,90222,2138,"2400 EAST 126TH STREET
COMPTON, CA 90222
(33.91802, -118.229482)",43,HISPANIC,N,Y,Y,N,N,N,Y,ALCOHOL,4,A-2,"FIREARM:  Suspect armed,  Suspect fired at deputy",33.91802,-118.229482
1000447,HIT SHOOTING INCIDENT,06/22/2013 09:44:00 PM,15600 LOUKELTON STREET,LA PUENTE,CA,91744,1432,"15600 LOUKELTON STREET
LA PUENTE, CA 91744
(34.034448, -117.94669)",24,HISPANIC,N,Y,N,Y,Y,N,Y,MARIJUANA,1,A-1,"FIREARM:  Suspect armed,  Firearm recovered",34.034448,-117.94669
1000302,NON-HIT SHOOTING INCIDENT,06/10/2010 09:28:00 PM,2800 SANTA ROSA AVENUE,ALTADENA,CA,91001,0773,"2800 SANTA ROSA AVENUE
ALTADENA, CA 91001
(34.193135, -118.134092)",61,HISPANIC,Y,N,N,Y,N,N,N,,1,A-1,"FIREARM:  Suspect armed,  Firearm recovered",34.193135,-118.134092
1000433,NON-HIT SHOOTING INCIDENT,03/14/2013 12:10:00 PM,1100 ORANGE GROVE BLVD,PASADENA,CA,91105,3199,"1100 ORANGE GROVE BLVD
PASADENA, CA 91105
(34.126946, -118.158199)",,BLACK,N,N,N,N,,,N,,1,A-2,"FIREARM:  Suspect armed,  Suspect fired at deputy",34.126946,-118.158199
1000433,NON-HIT SHOOTING INCIDENT,03/14/2013 12:10:00 PM,1100 ORANGE GROVE BLVD,PASADENA,CA,91105,3199,"1100 ORANGE GROVE BLVD
PASADENA, CA 91105
(34.126946, -118.158199)",,BLACK,N,N,N,N,,,N,,1,A-2,"FIREARM:  Suspect armed,  Suspect fired at deputy",34.126946,-118.158199
1000495,HIT SHOOTING INCIDENT,08/10/2014 03:46:00 AM,11800 MAIN STREET,LOS ANGELES,CA,90061,2199,"11800 MAIN STREET
LOS ANGELES, CA 90061
(33.926472, -118.273893)",19,HISPANIC,N,N,Y,N,N,N,N,,1,A-1,"FIREARM:  Suspect armed,  Firearm recovered",33.926472,-118.273893
1000648,HIT SHOOTING INCIDENT,09/10/2015 08:52:00 PM,9200 LAKEWOOD BLVD.,DOWNEY,CA,90240,3199,"9200 LAKEWOOD BLVD.
DOWNEY, CA 90240
(33.954779, -118.113381)",41,HISPANIC,N,Y,N,Y,N,Y,Y,,4,A-1,"FIREARM:  Suspect armed,  Firearm recovered",33.954779,-118.113381
1000496,HIT SHOOTING INCIDENT,08/18/2014 11:30:00 AM,8800 ARTESIA BOULEVARD,BELLFLOWER,CA,90706,1335,"8800 ARTESIA BOULEVARD
BELLFLOWER, CA 90706
(33.874752, -118.14454)",38,BLACK,Y,Y,N,Y,Y,N,Y,CNS STIMULANT,1,A-4,"FIREARM:  Perception shooting, Suspect actions and/or other info suggest suspect was armed, Firearm not seen/not recovered",33.874752,-118.14454
1000479,HIT SHOOTING INCIDENT,02/14/2014 12:20:00 PM,1100 E. PACIFIC COAST HIGHWAY,LONG BEACH,CA,90806,1399,"1100 E. PACIFIC COAST HIGHWAY
LONG BEACH, CA 90806
(33.78985, -118.178393)",37,HISPANIC,N,Y,Y,N,Y,N,N,,2,B-2,"WEAPON - OTHER:  Suspect armed, Suspect used weapon to assault deputy",33.78985,-118.178393
1000350,NON-HIT SHOOTING INCIDENT,04/11/2011 11:20:00 PM,1100 DOHENY DRIVE,WEST HOLLYWOOD,CA,90069,0978,"1100 DOHENY DRIVE
WEST HOLLYWOOD, CA 90069
(34.090586, -118.38975)",21,HISPANIC,N,N,N,N,Y,N,Y,ALCOHOL,1,A-4,"FIREARM:  Perception shooting, Suspect actions and/or other info suggest suspect was armed, Firearm not seen/not recovered",34.090586,-118.38975
1000459,NON-HIT SHOOTING INCIDENT,09/22/2013 04:25:00 PM,7300 ALONDRA BLVD,PARAMOUNT,CA,90723,1367,"7300 ALONDRA BLVD
PARAMOUNT, CA 90723
(33.889076, -118.171578)",25,HISPANIC,Y,N,N,N,N,Y,Y,OTHER/UNKNOWN,1,D-1,NO SUSPECT FIREAM/OTHER WEAPON involved in the Incident,33.889076,-118.171578
1000381,HIT SHOOTING INCIDENT,02/01/2012 09:02:00 PM,44900 SPEARMAN AVENUE,LANCASTER,CA,93534,1132,"44900 SPEARMAN AVENUE
LANCASTER, CA 93534
(34.698743, -118.132932)",68,WHITE,N,Y,N,Y,Y,Y,Y,HALLUCINOGEN,1,B-1,"WEAPON - OTHER:  Suspect armed, Weapon recovered",34.698743,-118.132932
1000341,HIT SHOOTING INCIDENT,02/18/2011 11:27:00 PM,900 E NEW YORK DRIVE,ALTADENA,CA,91001,0774,"900 E NEW YORK DRIVE
ALTADENA, CA 91001
(34.178443, -118.131826)",33,BLACK,N,Y,N,Y,Y,N,Y,ALCOHOL,1,A-1,"FIREARM:  Suspect armed,  Firearm recovered",34.178443,-118.131826
1000458,HIT SHOOTING INCIDENT,09/17/2013 04:27:00 PM,3RD STREET AND  HUMPHREYS AVENUE,EAST LOS ANGELES,CA,90063,0283,"3RD STREET AND HUMPHREYS AVENUE
EAST LOS ANGELES, CA 90063
(34.033221, -118.171927)",25,HISPANIC,N,Y,Y,N,Y,N,Y,CNS DEPRESSANT,2,A-1,"FIREARM:  Suspect armed,  Firearm recovered",34.033221,-118.171927
1000361,HIT SHOOTING INCIDENT,09/09/2011 09:19:00 PM,2400 CYPRESS STREET,COMPTON,CA,90220,2830,"2400 CYPRESS STREET
COMPTON, CA 90220
(33.887564, -118.254348)",22,BLACK,N,Y,Y,N,Y,N,N,,1,A-3,"FIREARM:  Suspect may have been armed,  Deputy saw firearm but not recovered",33.887564,-118.254348
1000493,HIT SHOOTING INCIDENT,08/01/2014 04:49:00 AM,9000 ROSEHEDGE DRIVE,PICO RIVERA,CA,90660,1514,"9000 ROSEHEDGE DRIVE
PICO RIVERA, CA 90660
(33.993633, -118.087458)",54,HISPANIC,N,N,N,Y,N,N,N,,5,A-2,"FIREARM:  Suspect armed,  Suspect fired at deputy",33.993633,-118.087458
1000456,HIT SHOOTING INCIDENT,09/10/2013 01:30:00 AM,4000 ALMANZA LANE AND MILLER AVENUE,EAST LOS ANGELES,CA,90063,0272,"4000 ALMANZA LANE AND MILLER AVENUE
EAST LOS ANGELES, CA 90063
(34.05272684942028420774, -118.17838558142339697124)",23,HISPANIC,N,N,N,Y,Y,N,Y,MARIJUANA,2,A-1,"FIREARM:  Suspect armed,  Firearm recovered",34.052726849420284,-118.178385581423397
1000419,HIT SHOOTING INCIDENT,09/28/2012 10:12:00 PM,4900 1ST STREET,EAST LOS ANGELES,CA,90022,0282,"4900 1ST STREET
EAST LOS ANGELES, CA 90022
(34.03694347384902778288, -118.16027149723664319205)",19,HISPANIC,N,N,Y,N,N,N,N,,2,A-1,"FIREARM:  Suspect armed,  Firearm recovered",34.036943473849028,-118.160271497236643
1000437,NON-HIT SHOOTING INCIDENT,05/01/2013 03:10:00 PM,109TH STREET AND WILMINGTON AVENUE,LOS ANGELES,CA,90059,2199,"109TH STREET AND WILMINGTON AVENUE
LOS ANGELES, CA 90059
(33.93709699699830668175, -118.2390260105214329152)",18,HISPANIC,N,Y,N,N,N,N,Y,HALLUCINOGEN,1,B-2,"WEAPON - OTHER:  Suspect armed, Suspect used weapon to assault deputy",33.937096996998307,-118.239026010521433
1000310,HIT SHOOTING INCIDENT,07/09/2010 02:50:00 AM,20400 SOLEDAD CANYON ROAD,CANYON COUNTRY,CA,91351,0610,"20400 SOLEDAD CANYON ROAD
CANYON COUNTRY, CA 91351
(34.421681, -118.491432)",41,HISPANIC,Y,N,Y,N,N,N,N,,2,A-4,"FIREARM:  Perception shooting, Suspect actions and/or other info suggest suspect was armed, Firearm not seen/not recovered",34.421681,-118.491432
1000457,HIT SHOOTING INCIDENT,09/14/2013 10:14:00 PM,"1400 
EAST GAGE AVENUE",LOS ANGELES,CA,90001,2170,"1400 EAST GAGE AVENUE
LOS ANGELES, CA 90001
(33.982041, -118.249885)",22,HISPANIC,N,Y,Y,N,Y,N,N,,1,A-1,"FIREARM:  Suspect armed,  Firearm recovered",33.982041,-118.249885
1000307,HIT SHOOTING INCIDENT,06/16/2010 09:43:00 PM,16100 EUCALYPTUS AVENUE,BELLFLOWER,CA,90706,1337,"16100 EUCALYPTUS AVENUE
BELLFLOWER, CA 90706
(33.888315, -118.122013)",23,BLACK,N,N,N,Y,Y,N,N,,1,A-4,"FIREARM:  Perception shooting, Suspect actions and/or other info suggest suspect was armed, Firearm not seen/not recovered",33.888315,-118.122013
1000500,HIT SHOOTING INCIDENT,10/08/2014 12:58:00 AM,OLYMPIC BLVD AND  FRASER AVENUE,EAST LOS ANGELES,CA,90022,0284,"OLYMPIC BLVD AND FRASER AVENUE
EAST LOS ANGELES, CA 90022
(34.01721798307304797605, -118.16292001415274344634)",19,HISPANIC,N,N,Y,N,N,N,N,,2,A-1,"FIREARM:  Suspect armed,  Firearm recovered",34.017217983073048,-118.162920014152743
1000370,HIT SHOOTING INCIDENT,12/17/2011 04:57:00 AM,400 SOLANO AVENUE,LOS ANGELES,CA,90012,6891,"400 SOLANO AVENUE
LOS ANGELES, CA 90012
(34.070999, -118.230158)",32,HISPANIC,N,N,N,Y,N,N,Y,HALLUCINOGEN,1,A-1,"FIREARM:  Suspect armed,  Firearm recovered",34.070999,-118.230158
1000686,HIT SHOOTING INCIDENT,02/20/2016 09:25:00 PM,15100 GUNDRY AVENUE,PARAMOUNT,CA,90723,1366,"15100 GUNDRY AVENUE
PARAMOUNT, CA 90723
(33.894729, -118.175544)",32,BLACK,N,N,Y,N,,,,,2,A-3,"FIREARM:  Suspect may have been armed,  Deputy saw firearm but not recovered",33.894729,-118.175544
1000486,HIT SHOOTING INCIDENT,05/26/2014 09:45:00 AM,6900 LONG BEACH BLVD,LONG BEACH,CA,90805,2899,"6900 LONG BEACH BLVD
LONG BEACH, CA 90805
(33.879473, -118.204286)",23,HISPANIC,N,Y,N,Y,Y,N,Y,HALLUCINOGEN,2,A-1,"FIREARM:  Suspect armed,  Firearm recovered",33.879473,-118.204286
1000296,HIT SHOOTING INCIDENT,04/18/2010 12:42:00 AM,11700 WILLOWBROOK AVENUE,LOS ANGELES,CA,90059,6851,"11700 WILLOWBROOK AVENUE
LOS ANGELES, CA 90059
(33.926853, -118.236724)",24,HISPANIC,N,Y,Y,N,N,N,N,,1,A-1,"FIREARM:  Suspect armed,  Firearm recovered",33.926853,-118.236724
1000298,NON-HIT SHOOTING INCIDENT,05/10/2010 04:42:00 AM,5800 LAKEWOOD BOULEVARD,LAKEWOOD,CA,90712,1322,"5800 LAKEWOOD BOULEVARD
LAKEWOOD, CA 90712
(33.860311, -118.142409)",,BLACK,N,N,N,N,,,N,,1,A-3,"FIREARM:  Suspect may have been armed,  Deputy saw firearm but not recovered",33.860311,-118.142409
1000291,HIT SHOOTING INCIDENT,02/26/2010 04:29:00 AM,NORWALK BOULEVARD AND CAMBRIAN STREET,ARTESIA,CA,90701,1349,"NORWALK BOULEVARD AND CAMBRIAN STREET
ARTESIA, CA 90701
(33.85705101617263071594, -118.072289006107218075)",35,BLACK,N,N,Y,N,Y,N,N,,1,B-2,"WEAPON - OTHER:  Suspect armed, Suspect used weapon to assault deputy",33.857051016172631,-118.072289006107218
1000519,NON-HIT SHOOTING INCIDENT,03/20/2015 12:44:00 PM,106TH STREET AND VERMONT AVENUE,LOS ANGELES,CA,90044,0375,"106TH STREET AND VERMONT AVENUE
LOS ANGELES, CA 90044
(33.94000699925598385067, -118.29183402516511975283)",31,BLACK,N,Y,N,N,N,N,N,,1,A-1,"FIREARM:  Suspect armed,  Firearm recovered",33.940006999255984,-118.29183402516512
1000448,HIT SHOOTING INCIDENT,06/27/2013 05:44:00 AM,1100 WEST ARBUTUS STREET,COMPTON,CA,90220,2811,"1100 WEST ARBUTUS STREET
COMPTON, CA 90220
(33.899185, -118.243131)",22,BLACK,N,Y,N,Y,Y,N,N,,1,A-1,"FIREARM:  Suspect armed,  Firearm recovered",33.899185,-118.243131
1000309,NON-HIT SHOOTING INCIDENT,06/27/2010 03:20:00 AM,22400 PLATINO AVENUE,MISSION VIEJO,CA,92691,5199,"22400 PLATINO AVENUE
MISSION VIEJO, CA 92691
(33.637413, -117.664361)",21,WHITE,N,Y,N,N,Y,N,Y,ALCOHOL,1,B-2,"WEAPON - OTHER:  Suspect armed, Suspect used weapon to assault deputy",33.637413,-117.664361
1000530,HIT SHOOTING INCIDENT,07/03/2015 11:30:00 PM,3100 W. AVENUE K-4,LANCASTER,CA,93536,1192,"3100 W. AVENUE K-4
LANCASTER, CA 93536
(34.733112, -118.182423)",46,HISPANIC,N,N,N,Y,Y,N,N,,2,A-2,"FIREARM:  Suspect armed,  Suspect fired at deputy",34.733112,-118.182423
1000402,HIT SHOOTING INCIDENT,05/23/2012 10:48:00 AM,1000 W STOCKWELL STREET,COMPTON,CA,90222,2812,"1000 W STOCKWELL STREET
COMPTON, CA 90222
(33.909089, -118.243098)",19,HISPANIC,N,N,Y,N,Y,N,N,,1,A-1,"FIREARM:  Suspect armed,  Firearm recovered",33.909089,-118.243098
1000492,NON-HIT SHOOTING INCIDENT,08/15/2013 05:44:00 PM,4100 NAOMI AVENUE,LOS ANGELES,CA,90011,0399,"4100 NAOMI AVENUE
LOS ANGELES, CA 90011
(34.009238, -118.253793)",25,HISPANIC,N,Y,N,N,Y,N,N,,1,A-1,"FIREARM:  Suspect armed,  Firearm recovered",34.009238,-118.253793
1000481,NON-HIT SHOOTING INCIDENT,04/12/2014 09:50:00 PM,6000 6TH ST AND SCHOOL AVE,LOS ANGELES,CA,90022,0287,"6000 6TH ST AND SCHOOL AVE
LOS ANGELES, CA 90022
(34.02163033089235938466, -118.14077009956585543488)",28,HISPANIC,Y,Y,N,N,Y,Y,Y,OTHER/UNKNOWN,2,A-2,"FIREARM:  Suspect armed,  Suspect fired at deputy",34.021630330892359,-118.140770099565855
1000435,HIT SHOOTING INCIDENT,04/20/2013 08:30:00 PM,9600 ATLANTIC AVENUE,SOUTH GATE,CA,90280,2199,"9600 ATLANTIC AVENUE
SOUTH GATE, CA 90280
(33.944978, -118.180758)",37,HISPANIC,N,Y,Y,N,Y,Y,N,,1,A-4,"FIREARM:  Perception shooting, Suspect actions and/or other info suggest suspect was armed, Firearm not seen/not recovered",33.944978,-118.180758
1000678,HIT SHOOTING INCIDENT,01/12/2016 05:45:00 PM,1100 WEST AVENUE H-14,LANCASTER,CA,93534,1121,"1100 WEST AVENUE H-14
LANCASTER, CA 93534
(34.715187, -118.149901)",21,BLACK,N,N,Y,N,Y,N,N,,2,A-1,"FIREARM:  Suspect armed,  Firearm recovered",34.715187,-118.149901
1000337,HIT SHOOTING INCIDENT,01/10/2011 08:20:00 PM,5400 N. PECK ROAD,ARCADIA,CA,91006,8339,"5400 N. PECK ROAD
ARCADIA, CA 91006
(34.100974, -118.009518)",39,WHITE,N,Y,Y,N,N,N,Y,ALCOHOL,1,B-1,"WEAPON - OTHER:  Suspect armed, Weapon recovered",34.100974,-118.009518
1000411,HIT SHOOTING INCIDENT,08/03/2012 06:00:00 PM,38500 LARKIN AVENUE,PALMDALE,CA,93550,2611,"38500 LARKIN AVENUE
PALMDALE, CA 93550
(34.582596, -118.121879)",31,HISPANIC,N,Y,N,Y,Y,N,Y,HALLUCINOGEN,2,A-2,"FIREARM:  Suspect armed,  Suspect fired at deputy",34.582596,-118.121879
1000290,NON-HIT SHOOTING INCIDENT,02/10/2010 09:45:00 PM,1300 WEST 139TH STREET,COMPTON,CA,90222,2812,"1300 WEST 139TH STREET
COMPTON, CA 90222
(33.90574174912721183816, -118.25189214720193997677)",19,HISPANIC,N,N,Y,N,Y,N,Y,STIMULANT,3,A-2,"FIREARM:  Suspect armed,  Suspect fired at deputy",33.905741749127212,-118.25189214720194
1000436,HIT SHOOTING INCIDENT,04/26/2013 11:42:00 AM,11400 S VERMONT AVE,LOS ANGELES,CA,90044,0378,"11400 S VERMONT AVE
LOS ANGELES, CA 90044
(33.930622, -118.291581)",24,BLACK,N,Y,N,Y,Y,N,N,,1,B-2,"WEAPON - OTHER:  Suspect armed, Suspect used weapon to assault deputy",33.930622,-118.291581
1000388,HIT SHOOTING INCIDENT,03/07/2012 02:49:00 PM,10300 LOU DILLON AVENUE,LOS ANGELES,CA,90059,2199,"10300 LOU DILLON AVENUE
LOS ANGELES, CA 90059
(33.943123, -118.234839)",22,HISPANIC,N,Y,N,Y,N,N,Y,ALCOHOL,1,A-1,"FIREARM:  Suspect armed,  Firearm recovered",33.943123,-118.234839
1000340,HIT SHOOTING INCIDENT,02/14/2011 08:15:00 PM,SUNOL DRIVE AND BOSWELL PLACE,LOS ANGELES,CA,90063,0278,"SUNOL DRIVE AND BOSWELL PLACE
LOS ANGELES, CA 90063
(34.01766998786855915704, -118.17897601662108047213)",31,HISPANIC,N,Y,Y,N,Y,Y,N,,3,A-3,"FIREARM:  Suspect may have been armed,  Deputy saw firearm but not recovered",34.017669987868559,-118.17897601662108
1000292,HIT SHOOTING INCIDENT,03/09/2010 11:32:00 AM,6300 BEAR AVENUE,BELL GARDENS,CA,90201,3199,"6300 BEAR AVENUE
BELL GARDENS, CA 90201
(33.980614, -118.197058)",55,HISPANIC,Y,N,Y,N,Y,N,Y,STIMULANT,1,A-1,"FIREARM:  Suspect armed,  Firearm recovered",33.980614,-118.197058
1000516,HIT SHOOTING INCIDENT,03/03/2015 03:30:00 PM,12400 215TH STREET,LAKEWOOD,CA,90711,1328,"12400 215TH STREET
LAKEWOOD, CA 90711
(33.833696, -118.067747)",50,HISPANIC,N,N,Y,N,N,Y,N,,1,B-1,"WEAPON - OTHER:  Suspect armed, Weapon recovered",33.833696,-118.067747
1000684,HIT SHOOTING INCIDENT,02/14/2016 03:50:00 AM,4800 WHITTIER BOULEVARD,LOS ANGELES,CA,90022,0294,"4800 WHITTIER BOULEVARD
LOS ANGELES, CA 90022
(34.02154, -118.1636)",29,HISPANIC,N,N,N,Y,,,,,2,A-1,"FIREARM:  Suspect armed,  Firearm recovered",34.02154,-118.1636
1000512,HIT SHOOTING INCIDENT,01/24/2015 08:54:00 PM,3900 DENNION STREET,LOS ANGELES,CA,90022,0278,"3900 DENNION STREET
LOS ANGELES, CA 90022
(34.02061094023686153021, -118.19119472488842805974)",16,HISPANIC,N,N,Y,N,N,N,N,,1,A-1,"FIREARM:  Suspect armed,  Firearm recovered",34.020610940236862,-118.191194724888428
1000346,HIT SHOOTING INCIDENT,03/12/2011 02:52:00 AM,700 E. EL SEGUNDO BLVD.,LOS ANGELES,CA,90059,2142,"700 E. EL SEGUNDO BLVD.
LOS ANGELES, CA 90059
(33.916347, -118.262711)",24,BLACK,N,N,N,Y,N,N,Y,ALCOHOL,1,A-1,"FIREARM:  Suspect armed,  Firearm recovered",33.916347,-118.262711
1000418,HIT SHOOTING INCIDENT,09/17/2012 07:40:00 PM,16600 DOWNEY AVE.,PARAMOUNT,CA,90723,1369,"16600 DOWNEY AVE.
PARAMOUNT, CA 90723
(33.884018, -118.151345)",27,OTHER,N,N,N,Y,N,N,N,,1,C-1,STRUGGLE OVER DEPUTY WEAPON:  Suspect attempted to disarm deputy,33.884018,-118.151345
1000358,HIT SHOOTING INCIDENT,07/21/2011 12:33:00 PM,1000 WEST WASHINGTON BOULEVARD,LOS ANGELES,CA,90015,1499,"1000 WEST WASHINGTON BOULEVARD
LOS ANGELES, CA 90015
(34.03813, -118.280456)",39,HISPANIC,N,Y,Y,N,N,Y,N,,1,C-1,STRUGGLE OVER DEPUTY WEAPON:  Suspect attempted to disarm deputy,34.03813,-118.280456
1000318,HIT SHOOTING INCIDENT,10/10/2010 12:23:00 AM,LONG BEACH BLVD. AND JOSEPHINE STREET,LYNWOOD,CA,90262,2117,"LONG BEACH BLVD. AND JOSEPHINE STREET
LYNWOOD, CA 90262
(33.92126399268968097549, -118.20953801765011560508)",20,HISPANIC,N,N,N,Y,N,N,N,,1,A-1,"FIREARM:  Suspect armed,  Firearm recovered",33.921263992689681,-118.209538017650116
1000656,HIT SHOOTING INCIDENT,12/01/2015 06:35:00 PM,12600 PIONEER BOULEVARD,NORWALK,CA,90650,0453,"12600 PIONEER BOULEVARD
NORWALK, CA 90650
(33.916487, -118.081872)",18,HISPANIC,N,N,N,Y,,,,,2,A-1,"FIREARM:  Suspect armed,  Firearm recovered",33.916487,-118.081872
1000351,HIT SHOOTING INCIDENT,05/22/2011 06:30:00 AM,114TH STREET AND  COMPTON AVENUE,LOS ANGELES,CA,90059,2199,"114TH STREET AND COMPTON AVENUE
LOS ANGELES, CA 90059
(33.93113097976049179225, -118.24625802583880474168)",21,BLACK,N,Y,Y,N,Y,N,N,,1,A-3,"FIREARM:  Suspect may have been armed,  Deputy saw firearm but not recovered",33.931130979760492,-118.246258025838805
1000387,HIT SHOOTING INCIDENT,03/04/2012 12:27:00 AM,100 144TH STREET AND CENTRAL AVENUE,COMPTON,CA,90220,2199,"100 144TH STREET AND CENTRAL AVENUE
COMPTON, CA 90220
(33.901696, -118.253296)",23,BLACK,N,N,Y,N,N,N,N,,1,A-1,"FIREARM:  Suspect armed,  Firearm recovered",33.901696,-118.253296
1000460,HIT SHOOTING INCIDENT,09/25/2013 02:50:00 PM,1700 BURNSIDE AVENUE,LOS ANGELES,CA,90019,3499,"1700 BURNSIDE AVENUE
LOS ANGELES, CA 90019
(34.043173, -118.356797)",51,BLACK,N,Y,Y,N,Y,Y,N,,2,A-4,"FIREARM:  Perception shooting, Suspect actions and/or other info suggest suspect was armed, Firearm not seen/not recovered",34.043173,-118.356797
1000489,HIT SHOOTING INCIDENT,06/24/2014 09:51:00 PM,POINSETTIA AVENUE AND PALMER STREET,COMPTON,CA,90221,2824,"POINSETTIA AVENUE AND PALMER STREET
COMPTON, CA 90221
(33.89835897549747376099, -118.20950001564279911949)",24,BLACK,N,Y,N,Y,N,Y,Y,MARIJUANA,2,A-1,"FIREARM:  Suspect armed,  Firearm recovered",33.898358975497474,-118.209500015642799
1000355,HIT SHOOTING INCIDENT,06/23/2011 06:47:00 PM,12800 PRAIRIE AVENUE,HAWTHORNE,CA,90250,0399,"12800 PRAIRIE AVENUE
HAWTHORNE, CA 90250
(33.916427, -118.343873)",32,HISPANIC,N,Y,N,Y,Y,Y,Y,MARIJUANA,1,A-1,"FIREARM:  Suspect armed,  Firearm recovered",33.916427,-118.343873
1000349,HIT SHOOTING INCIDENT,04/05/2011 08:59:00 PM,800 E. 76TH PLACE,LOS ANGELES,CA,90001,2172,"800 E. 76TH PLACE
LOS ANGELES, CA 90001
(33.970271, -118.260616)",24,HISPANIC,N,Y,Y,N,Y,Y,N,,1,A-1,"FIREARM:  Suspect armed,  Firearm recovered",33.970271,-118.260616
1000522,HIT SHOOTING INCIDENT,04/10/2015 03:31:00 AM,8900 JUNIPER STREET,LOS ANGELES,CA,90002,2177,"8900 JUNIPER STREET
LOS ANGELES, CA 90002
(33.955608, -118.232838)",28,BLACK,N,N,Y,N,Y,N,N,,1,B-2,"WEAPON - OTHER:  Suspect armed, Suspect used weapon to assault deputy",33.955608,-118.232838
1000366,HIT SHOOTING INCIDENT,11/29/2011 03:36:00 AM,11700 ELMCROFT AVENUE,NORWALK,CA,90650,0451,"11700 ELMCROFT AVENUE
NORWALK, CA 90650
(33.925936, -118.095671)",39,HISPANIC,Y,Y,Y,N,Y,Y,Y,ALCOHOL,3,A-2,"FIREARM:  Suspect armed,  Suspect fired at deputy",33.925936,-118.095671
1000364,HIT SHOOTING INCIDENT,04/04/2011 09:00:00 AM,1300 92ND STREET AND ZAMORA AVENUE,LOS ANGELES,CA,90002,2176,"1300 92ND STREET AND ZAMORA AVENUE
LOS ANGELES, CA 90002
(33.95317990369353098323, -118.25156514081930052406)",31,BLACK,Y,Y,Y,N,Y,Y,N,,1,A-1,"FIREARM:  Suspect armed,  Firearm recovered",33.953179903693531,-118.251565140819301
1000371,HIT SHOOTING INCIDENT,12/28/2011 04:30:00 PM,8800 OAK STREET,BELLFLOWER,CA,90706,1335,"8800 OAK STREET
BELLFLOWER, CA 90706
(33.884696, -118.144659)",22,HISPANIC,N,Y,Y,N,Y,Y,Y,HALLUCINOGEN,2,A-2,"FIREARM:  Suspect armed,  Suspect fired at deputy",33.884696,-118.144659
1000300,NON-HIT SHOOTING INCIDENT,05/07/2010 09:20:00 AM,10000 PARK STREET,BELLFLOWER,CA,90706,1334,"10000 PARK STREET
BELLFLOWER, CA 90706
(33.878472, -118.1207)",21,BLACK,N,N,N,N,N,N,N,,1,A-4,"FIREARM:  Perception shooting, Suspect actions and/or other info suggest suspect was armed, Firearm not seen/not recovered",33.878472,-118.1207
1000533,HIT SHOOTING INCIDENT,07/10/2015 11:32:00 AM,3300 YORKSHIRE ROAD,PASADENA,CA,91107,0590,"3300 YORKSHIRE ROAD
PASADENA, CA 91107
(34.138695, -118.082945)",44,WHITE,Y,N,Y,N,,,N,,1,A-2,"FIREARM:  Suspect armed,  Suspect fired at deputy",34.138695,-118.082945
1000501,HIT SHOOTING INCIDENT,10/27/2014 04:10:00 PM,14400 DOWNEY AVE,PARAMOUNT,CA,90723,1365,"14400 DOWNEY AVE
PARAMOUNT, CA 90723
(33.902299, -118.151397)",28,HISPANIC,N,Y,N,Y,Y,N,N,,1,A-4,"FIREARM:  Perception shooting, Suspect actions and/or other info suggest suspect was armed, Firearm not seen/not recovered",33.902299,-118.151397
1000442,HIT SHOOTING INCIDENT,05/22/2013 11:40:00 AM,5800 ALOTT AVENUE,VAN NUYS,CA,91401,3199,"5800 ALOTT AVENUE
VAN NUYS, CA 91401
(34.175726, -118.427941)",28,WHITE,N,Y,Y,N,Y,Y,N,,1,A-4,"FIREARM:  Perception shooting, Suspect actions and/or other info suggest suspect was armed, Firearm not seen/not recovered",34.175726,-118.427941
1000524,HIT SHOOTING INCIDENT,05/07/2015 04:30:00 PM,13200 PALM PLACE,CERRITOS,CA,90703,2318,"13200 PALM PLACE
CERRITOS, CA 90703
(33.875823, -118.050441)",21,BLACK,N,Y,N,Y,Y,N,N,,1,B-2,"WEAPON - OTHER:  Suspect armed, Suspect used weapon to assault deputy",33.875823,-118.050441
1000357,NON-HIT SHOOTING INCIDENT,07/23/2011 01:58:00 AM,9200 WOODLEY AVENUE,LOS ANGELES,CA,91343,6885,"9200 WOODLEY AVENUE
LOS ANGELES, CA 91343
(34.237522, -118.485047)",27,WHITE,N,Y,N,N,Y,Y,Y,MARIJUANA,1,C-1,STRUGGLE OVER DEPUTY WEAPON:  Suspect attempted to disarm deputy,34.237522,-118.485047
1000403,NON-HIT SHOOTING INCIDENT,05/25/2012 04:50:00 AM,1200 RONAN AVENUE,WILMINGTON,CA,90744,3199,"1200 RONAN AVENUE
WILMINGTON, CA 90744
(33.786534, -118.272592)",27,HISPANIC,N,N,N,N,Y,N,N,,4,A-2,"FIREARM:  Suspect armed,  Suspect fired at deputy",33.786534,-118.272592
1000470,NON-HIT SHOOTING INCIDENT,11/01/2013 08:09:00 AM,8800 E SLAUSON AVENUE,PICO RIVERA,CA,90660,1516,"8800 E SLAUSON AVENUE
PICO RIVERA, CA 90660
(33.971916, -118.107992)",51,HISPANIC,Y,Y,N,N,Y,Y,N,,1,B-1,"WEAPON - OTHER:  Suspect armed, Weapon recovered",33.971916,-118.107992
1000484,HIT SHOOTING INCIDENT,04/29/2014 04:15:00 AM,100 NORTH GAGE AVENUE,EAST LOS ANGELES,CA,90063,0276,"100 NORTH GAGE AVENUE
EAST LOS ANGELES, CA 90063
(34.036036, -118.184622)",26,HISPANIC,N,Y,N,Y,N,N,Y,ALCOHOL,1,A-2,"FIREARM:  Suspect armed,  Suspect fired at deputy",34.036036,-118.184622
1000660,HIT SHOOTING INCIDENT,12/20/2015 02:58:00 AM,37900 47TH STREET EAST,PALMDALE,CA,93552,2607,"37900 47TH STREET EAST
PALMDALE, CA 93552
(34.570664, -118.045023)",30,BLACK,N,N,N,Y,,,,,1,C-1,STRUGGLE OVER DEPUTY WEAPON:  Suspect attempted to disarm deputy,34.570664,-118.045023
1000650,NON-HIT SHOOTING INCIDENT,09/24/2015 02:45:00 PM,10100 FOSTER ROAD,BELLFLOWER,CA,90706,1331,"10100 FOSTER ROAD
BELLFLOWER, CA 90706
(33.909787, -118.115353)",45,HISPANIC,N,Y,,,N,N,N,,1,A-2,"FIREARM:  Suspect armed,  Suspect fired at deputy",33.909787,-118.115353
1000443,HIT SHOOTING INCIDENT,04/09/2013 01:49:00 AM,4000 AGNES AVENUE,LYNWOOD,CA,90262,2117,"4000 AGNES AVENUE
LYNWOOD, CA 90262
(33.916646, -118.199703)",25,HISPANIC,N,Y,N,Y,Y,Y,N,,1,A-2,"FIREARM:  Suspect armed,  Suspect fired at deputy",33.916646,-118.199703
1000464,HIT SHOOTING INCIDENT,08/29/2012 05:33:00 PM,SANTA FE AVENUE AND ANAHEIM STREET,LONG BEACH,CA,90813,1699,"SANTA FE AVENUE AND ANAHEIM STREET
LONG BEACH, CA 90813
(33.78273600103987143088, -118.21548000742128050492)",28,HISPANIC,N,N,Y,N,Y,N,N,,2,D-1,NO SUSPECT FIREAM/OTHER WEAPON involved in the Incident,33.782736001039871,-118.215480007421281
1000489,HIT SHOOTING INCIDENT,06/24/2014 09:51:00 PM,POINSETTIA AVENUE AND PALMER STREET,COMPTON,CA,90221,2824,"POINSETTIA AVENUE AND PALMER STREET
COMPTON, CA 90221
(33.89835897549747376099, -118.20950001564279911949)",24,BLACK,N,Y,Y,N,N,Y,N,,2,A-1,"FIREARM:  Suspect armed,  Firearm recovered",33.898358975497474,-118.209500015642799
1000471,HIT SHOOTING INCIDENT,11/15/2013 06:41:00 PM,2400 EARLE AVENUE,ROSEMEAD,CA,91770,0533,"2400 EARLE AVENUE
ROSEMEAD, CA 91770
(34.055388, -118.08504)",21,HISPANIC,N,N,N,Y,N,N,Y,ALCOHOL,1,B-1,"WEAPON - OTHER:  Suspect armed, Weapon recovered",34.055388,-118.08504
1000444,HIT SHOOTING INCIDENT,05/23/2013 07:28:00 PM,1600 EAST PALMER STREET,COMPTON,CA,90221,2826,"1600 EAST PALMER STREET
COMPTON, CA 90221
(33.898527, -118.205139)",27,BLACK,N,N,N,Y,Y,N,Y,OTHER/UNKNOWN,2,A-1,"FIREARM:  Suspect armed,  Firearm recovered",33.898527,-118.205139
1000478,HIT SHOOTING INCIDENT,03/16/2014 04:19:00 PM,43200 16TH STREET WEST,LANCASTER,CA,93534,1126,"43200 16TH STREET WEST
LANCASTER, CA 93534
(34.669063, -118.158656)",28,BLACK,N,Y,Y,N,Y,N,Y,ALCOHOL,1,A-2,"FIREARM:  Suspect armed,  Suspect fired at deputy",34.669063,-118.158656
1000413,HIT SHOOTING INCIDENT,08/24/2012 02:11:00 PM,9400 FLORA VISTA,BELLFLOWER,CA,90706,1332,"9400 FLORA VISTA
BELLFLOWER, CA 90706
(33.89032111263729892779, -118.13380412748717733739)",22,BLACK,N,N,N,Y,N,N,N,,1,A-4,"FIREARM:  Perception shooting, Suspect actions and/or other info suggest suspect was armed, Firearm not seen/not recovered",33.890321112637299,-118.133804127487177
1000414,HIT SHOOTING INCIDENT,08/29/2012 05:57:00 PM,21200 SOUTH FIGUEROA STREET,CARSON,CA,90745,1617,"21200 SOUTH FIGUEROA STREET
CARSON, CA 90745
(33.836654, -118.285976)",34,HISPANIC,N,Y,N,Y,Y,Y,Y,HALLUCINOGEN,1,B-2,"WEAPON - OTHER:  Suspect armed, Suspect used weapon to assault deputy",33.836654,-118.285976
1000532,HIT SHOOTING INCIDENT,07/05/2015 09:41:00 PM,12200 216TH STREET,LAKEWOOD,CA,90716,1352,"12200 216TH STREET
LAKEWOOD, CA 90716
(33.833279, -118.071703)",33,HISPANIC,N,Y,N,Y,Y,Y,N,,1,D-1,NO SUSPECT FIREAM/OTHER WEAPON involved in the Incident,33.833279,-118.071703
1000480,NON-HIT SHOOTING INCIDENT,03/25/2014 09:12:00 PM,300 WEST REEVE STREET,COMPTON,CA,90220,2836,"300 WEST REEVE STREET
COMPTON, CA 90220
(33.886765, -118.225919)",24,BLACK,N,Y,N,N,N,N,N,,1,A-1,"FIREARM:  Suspect armed,  Firearm recovered",33.886765,-118.225919
1000499,HIT SHOOTING INCIDENT,10/04/2014 06:51:00 PM,1100 E. 57TH STREET,LOS ANGELES,CA,90011,2172,"1100 E. 57TH STREET
LOS ANGELES, CA 90011
(33.991116, -118.256328)",28,HISPANIC,Y,Y,N,Y,N,N,N,,4,B-1,"WEAPON - OTHER:  Suspect armed, Weapon recovered",33.991116,-118.256328
1000450,HIT SHOOTING INCIDENT,07/19/2013 11:43:00 AM,6800 DUCHESS DR,WHITTIER,CA,90606,1575,"6800 DUCHESS DR
WHITTIER, CA 90606
(33.982453, -118.062603)",29,WHITE,N,Y,N,Y,Y,Y,Y,MARIJUANA,1,A-1,"FIREARM:  Suspect armed,  Firearm recovered",33.982453,-118.062603
1000396,HIT SHOOTING INCIDENT,03/08/2012 03:30:00 PM,215TH STREET AND ELAINE AVENUE,HAWAIIAN GARDENS,CA,90716,3674,"215TH STREET AND ELAINE AVENUE
HAWAIIAN GARDENS, CA 90716
(33.83404302223222658427, -118.07651800736792045932)",24,HISPANIC,N,N,Y,N,Y,N,N,,2,B-2,"WEAPON - OTHER:  Suspect armed, Suspect used weapon to assault deputy",33.834043022232227,-118.07651800736792
1000295,HIT SHOOTING INCIDENT,04/13/2010 09:10:00 PM,900 S. KERN AVENUE,EAST LOS ANGELES,CA,90022,0284,"900 S. KERN AVENUE
EAST LOS ANGELES, CA 90022
(34.021752, -118.165857)",28,HISPANIC,N,Y,Y,N,Y,Y,N,,1,A-3,"FIREARM:  Suspect may have been armed,  Deputy saw firearm but not recovered",34.021752,-118.165857
1000383,NON-HIT SHOOTING INCIDENT,02/11/2012 04:30:00 AM,4100 MARIS AVENUE,PICO RIVERA,CA,90660,1510,"4100 MARIS AVENUE
PICO RIVERA, CA 90660
(34.014831, -118.080655)",37,HISPANIC,N,Y,N,N,Y,N,N,,1,A-3,"FIREARM:  Suspect may have been armed,  Deputy saw firearm but not recovered",34.014831,-118.080655
1000473,HIT SHOOTING INCIDENT,12/29/2013 01:20:00 AM,2500 EL TORO ROAD,MONROVIA,CA,91010,0583,"2500 EL TORO ROAD
MONROVIA, CA 91010
(34.119987, -117.992453)",36,HISPANIC,N,Y,Y,N,N,N,N,,4,A-1,"FIREARM:  Suspect armed,  Firearm recovered",34.119987,-117.992453
1000313,HIT SHOOTING INCIDENT,03/06/2010 03:30:00 AM,3800 FIRESTONE BLVD.,SOUTH GATE,CA,90280,2199,"3800 FIRESTONE BLVD.
SOUTH GATE, CA 90280
(33.953839, -118.202349)",29,HISPANIC,N,Y,Y,N,Y,N,N,,2,A-1,"FIREARM:  Suspect armed,  Firearm recovered",33.953839,-118.202349
1000345,HIT SHOOTING INCIDENT,03/10/2011 08:35:00 PM,3300 FAIRMAN ST,LAKEWOOD,CA,90723,1323,"3300 FAIRMAN ST
LAKEWOOD, CA 90723
(33.841764, -118.153149)",23,BLACK,N,Y,Y,N,Y,N,N,,2,A-4,"FIREARM:  Perception shooting, Suspect actions and/or other info suggest suspect was armed, Firearm not seen/not recovered",33.841764,-118.153149
1000439,HIT SHOOTING INCIDENT,04/29/2013 10:20:00 AM,500 FAIR VIEW AVENUE,LOS ANGELES,CA,90022,0286,"500 FAIR VIEW AVENUE
LOS ANGELES, CA 90022
(34.053313, -118.220551)",35,HISPANIC,N,Y,N,Y,Y,Y,Y,PCP OR KETAMINE,6,A-2,"FIREARM:  Suspect armed,  Suspect fired at deputy",34.053313,-118.220551
1000458,HIT SHOOTING INCIDENT,09/17/2013 04:27:00 PM,3RD STREET AND  HUMPHREYS AVENUE,EAST LOS ANGELES,CA,90063,0283,"3RD STREET AND HUMPHREYS AVENUE
EAST LOS ANGELES, CA 90063
(34.033221, -118.171927)",31,HISPANIC,N,Y,Y,N,N,N,Y,CNS STIMULANT,2,A-1,"FIREARM:  Suspect armed,  Firearm recovered",34.033221,-118.171927
1000375,NON-HIT SHOOTING INCIDENT,01/10/2012 03:11:00 AM,HOXIE AVENUE 105 FWY ENTRANCE,NORWALK,CA,90650,0453,"HOXIE AVENUE 105 FWY ENTRANCE
NORWALK, CA 90650
(33.914059, -118.102426)",18,HISPANIC,N,N,N,N,N,N,N,,1,A-3,"FIREARM:  Suspect may have been armed,  Deputy saw firearm but not recovered",33.914059,-118.102426
1000504,HIT SHOOTING INCIDENT,11/16/2014 02:39:00 AM,5300 EAST VERONA STREET,EAST LOS ANGELES,CA,90022,0286,"5300 EAST VERONA STREET
EAST LOS ANGELES, CA 90022
(34.018034, -118.156987)",26,HISPANIC,N,N,N,Y,N,N,Y,ALCOHOL,4,A-1,"FIREARM:  Suspect armed,  Firearm recovered",34.018034,-118.156987
1000372,NON-HIT SHOOTING INCIDENT,01/02/2012 04:30:00 PM,HALIFAX AVENUE  AND  LOWER AZUSA ROAD,EL MONTE,CA,91731,0524,"HALIFAX AVENUE AND LOWER AZUSA ROAD
EL MONTE, CA 91731
(34.09202, -118.039953)",35,HISPANIC,N,Y,N,N,Y,Y,N,,1,C-1,STRUGGLE OVER DEPUTY WEAPON:  Suspect attempted to disarm deputy,34.09202,-118.039953
1000505,HIT SHOOTING INCIDENT,11/07/2014 03:48:00 AM,44200 RANCHO VISTA BLVD,PALMDALE,CA,93551,2617,"44200 RANCHO VISTA BLVD
PALMDALE, CA 93551
(34.623568, -118.218742)",36,WHITE,Y,Y,N,Y,N,N,N,,3,A-2,"FIREARM:  Suspect armed,  Suspect fired at deputy",34.623568,-118.218742
1000432,HIT SHOOTING INCIDENT,02/19/2013 08:31:00 PM,400 EAST DARLAN STREET,GARDENA,CA,90248,2871,"400 EAST DARLAN STREET
GARDENA, CA 90248
(33.89015, -118.269814)",36,BLACK,N,Y,Y,N,Y,Y,N,,1,A-3,"FIREARM:  Suspect may have been armed,  Deputy saw firearm but not recovered",33.89015,-118.269814
1000689,HIT SHOOTING INCIDENT,03/05/2016 11:01:00 PM,800 120TH STREET,LOS ANGELES,CA,90044,0378,"800 120TH STREET
LOS ANGELES, CA 90044
(33.923549, -118.290076)",26,BLACK,N,Y,Y,N,,,,,1,B-1,"WEAPON - OTHER:  Suspect armed, Weapon recovered",33.923549,-118.290076
1000652,HIT SHOOTING INCIDENT,09/28/2015 03:53:00 PM,1100 S. ATLANTIC DRIVE,COMPTON,CA,90220,2847,"1100 S. ATLANTIC DRIVE
COMPTON, CA 90220
(33.886496, -118.19772)",37,HISPANIC,N,N,Y,N,,,,,2,A-1,"FIREARM:  Suspect armed,  Firearm recovered",33.886496,-118.19772
1000369,HIT SHOOTING INCIDENT,12/16/2011 03:34:00 AM,14500 EAST VALLEY BLVD,LA PUENTE,CA,91746,1463,"14500 EAST VALLEY BLVD
LA PUENTE, CA 91746
(34.03525053834556409175, -117.97699300116034737201)",29,HISPANIC,N,Y,Y,N,N,N,Y,HALLUCINOGEN,1,A-1,"FIREARM:  Suspect armed,  Firearm recovered",34.035250538345564,-117.976993001160347
1000446,HIT SHOOTING INCIDENT,06/21/2013 09:26:00 PM,1300 102ND STREET,LOS ANGELES,CA,90044,0372,"1300 102ND STREET
LOS ANGELES, CA 90044
(33.944089, -118.298492)",24,BLACK,N,Y,Y,N,Y,N,N,,2,A-1,"FIREARM:  Suspect armed,  Firearm recovered",33.944089,-118.298492
1000679,HIT SHOOTING INCIDENT,01/14/2016 07:45:00 PM,NATHAN HILL DRIVE AND SHANGRI-LA DRIVE,CANYON COUNTRY,CA,91351,0612,"NATHAN HILL DRIVE AND SHANGRI-LA DRIVE
CANYON COUNTRY, CA 91351
(34.419699, -118.46001)",39,HISPANIC,N,N,N,Y,,,,,1,A-4,"FIREARM:  Perception shooting, Suspect actions and/or other info suggest suspect was armed, Firearm not seen/not recovered",34.419699,-118.46001
1000523,HIT SHOOTING INCIDENT,05/05/2015 12:43:00 PM,10400 ENLOE STREET,EL MONTE,CA,91733,0560,"10400 ENLOE STREET
EL MONTE, CA 91733
(34.053666, -118.045247)",32,ASIAN-PACIFIC-ISL,N,N,N,Y,,N,N,,2,B-2,"WEAPON - OTHER:  Suspect armed, Suspect used weapon to assault deputy",34.053666,-118.045247
1000422,HIT SHOOTING INCIDENT,10/20/2012 03:00:00 PM,11900 162ND STREET,NORWALK,CA,90650,0458,"11900 162ND STREET
NORWALK, CA 90650
(33.884327, -118.07976)",18,HISPANIC,N,Y,Y,N,Y,N,N,,2,A-1,"FIREARM:  Suspect armed,  Firearm recovered",33.884327,-118.07976
1000314,HIT SHOOTING INCIDENT,10/01/2010 12:45:00 PM,43200 18TH STREET WEST,LANCASTER,CA,93534,1126,"43200 18TH STREET WEST
LANCASTER, CA 93534
(34.66809, -118.163453)",30,HISPANIC,N,N,Y,N,Y,N,N,,2,A-1,"FIREARM:  Suspect armed,  Firearm recovered",34.66809,-118.163453
1000690,HIT SHOOTING INCIDENT,03/04/2016 03:21:00 PM,10000 HAWTHORNE BLVD.,INGLEWOOD,CA,90304,0399,"10000 HAWTHORNE BLVD.
INGLEWOOD, CA 90304
(33.944667, -118.352524)",22,HISPANIC,N,N,Y,N,,,,,1,A-1,"FIREARM:  Suspect armed,  Firearm recovered",33.944667,-118.352524
1000407,HIT SHOOTING INCIDENT,06/24/2012 12:34:00 PM,2100 N. LONG BEACH BOULEVARD,COMPTON,CA,90221,2117,"2100 N. LONG BEACH BOULEVARD
COMPTON, CA 90221
(33.909965, -118.208887)",30,HISPANIC,N,Y,N,Y,Y,Y,Y,OTHER/UNKNOWN,1,A-2,"FIREARM:  Suspect armed,  Suspect fired at deputy",33.909965,-118.208887
1000498,HIT SHOOTING INCIDENT,09/17/2014 10:49:00 PM,COMPTON BOULEVARD AND PAULSON AVENUE,COMPTON,CA,90220,2814,"COMPTON BOULEVARD AND PAULSON AVENUE
COMPTON, CA 90220
(33.89590898200339473538, -118.23563101878301881298)",22,HISPANIC,N,N,Y,N,N,N,N,,1,A-1,"FIREARM:  Suspect armed,  Firearm recovered",33.895908982003395,-118.235631018783019
1000348,NON-HIT SHOOTING INCIDENT,03/29/2011 01:23:00 AM,11800 S FIGUEROA STREET,LOS ANGELES,CA,90061,2140,"11800 S FIGUEROA STREET
LOS ANGELES, CA 90061
(33.926323, -118.282588)",20,BLACK,N,Y,N,N,Y,N,N,,1,A-2,"FIREARM:  Suspect armed,  Suspect fired at deputy",33.926323,-118.282588
1000323,HIT SHOOTING INCIDENT,08/21/2010 10:48:00 PM,12000 CENTRAL AVENUE,LOS ANGELES,CA,90059,2140,"12000 CENTRAL AVENUE
LOS ANGELES, CA 90059
(33.923716, -118.254326)",24,BLACK,Y,N,Y,N,N,Y,N,,1,B-1,"WEAPON - OTHER:  Suspect armed, Weapon recovered",33.923716,-118.254326
1000649,HIT SHOOTING INCIDENT,07/29/2015 11:40:00 PM,12000 ROSE HEDGE DRIVE,PICO RIVERA,CA,90606,1577,"12000 ROSE HEDGE DRIVE
PICO RIVERA, CA 90606
(33.971424, -118.053384)",47,HISPANIC,N,N,N,Y,,,,,1,B-2,"WEAPON - OTHER:  Suspect armed, Suspect used weapon to assault deputy",33.971424,-118.053384
1000360,HIT SHOOTING INCIDENT,08/20/2011 08:30:00 PM,1400 SOUTH DOWNEY ROAD,LOS ANGELES,CA,90063,0278,"1400 SOUTH DOWNEY ROAD
LOS ANGELES, CA 90063
(34.014597, -118.180012)",19,HISPANIC,N,N,N,Y,Y,N,N,,2,A-1,"FIREARM:  Suspect armed,  Firearm recovered",34.014597,-118.180012
1000347,HIT SHOOTING INCIDENT,03/26/2011 01:55:00 AM,200 SOUTH ROSEMEAD BOULEVARD,PASADENA,CA,91107,0590,"200 SOUTH ROSEMEAD BOULEVARD
PASADENA, CA 91107
(34.142774, -118.073242)",24,WHITE,N,Y,Y,N,Y,N,Y,,1,D-1,NO SUSPECT FIREAM/OTHER WEAPON involved in the Incident,34.142774,-118.073242
1000798,HIT SHOOTING INCIDENT,06/11/2016 02:30:00 PM,5200 CORONA AVENUE,MAYWOOD,CA,90270,0250,"5200 CORONA AVENUE
MAYWOOD, CA 90270
(33.994163, -118.193314)",31,HISPANIC,Y,N,N,Y,N,N,,,1,B-1,"WEAPON - OTHER:  Suspect armed, Weapon recovered",33.994163,-118.193314
1000330,NON-HIT SHOOTING INCIDENT,11/17/2010 09:10:00 AM,1100 OAKS STREET,COMPTON,CA,90221,2823,"1100 OAKS STREET
COMPTON, CA 90221
(33.909204, -118.211543)",19,BLACK,N,N,N,N,,,N,,1,A-4,"FIREARM:  Perception shooting, Suspect actions and/or other info suggest suspect was armed, Firearm not seen/not recovered",33.909204,-118.211543
1000508,HIT SHOOTING INCIDENT,05/14/2013 09:15:00 PM,7200 RICHFIELD AVENUE,PARAMOUNT,CA,90723,1364,"7200 RICHFIELD AVENUE
PARAMOUNT, CA 90723
(33.901823, -118.173125)",37,HISPANIC,N,N,N,Y,Y,N,Y,MARIJUANA,1,C-1,STRUGGLE OVER DEPUTY WEAPON:  Suspect attempted to disarm deputy,33.901823,-118.173125
1000405,NON-HIT SHOOTING INCIDENT,05/30/2012 10:50:00 PM,1100 SOUTH DWIGHT AVENUE,COMPTON,CA,90220,2833,"1100 SOUTH DWIGHT AVENUE
COMPTON, CA 90220
(33.885734, -118.240825)",31,BLACK,N,Y,N,N,N,Y,N,,1,A-1,"FIREARM:  Suspect armed,  Firearm recovered",33.885734,-118.240825
1000697,HIT SHOOTING INCIDENT,03/16/2016 04:27:00 AM,6400 HOLMES AVENUE,LOS ANGELES,CA,90001,2171,"6400 HOLMES AVENUE
LOS ANGELES, CA 90001
(33.981125, -118.241486)",23,HISPANIC,N,N,N,Y,,,,,2,A-4,"FIREARM:  Perception shooting, Suspect actions and/or other info suggest suspect was armed, Firearm not seen/not recovered",33.981125,-118.241486
1000423,HIT SHOOTING INCIDENT,11/14/2012 07:43:00 PM,12800 COOKACRE AVENUE,COMPTON,CA,90221,2851,"12800 COOKACRE AVENUE
COMPTON, CA 90221
(33.906154, -118.194778)",35,HISPANIC,N,Y,N,Y,Y,Y,Y,COMBINATION,1,C-1,STRUGGLE OVER DEPUTY WEAPON:  Suspect attempted to disarm deputy,33.906154,-118.194778
1000502,HIT SHOOTING INCIDENT,10/29/2014 12:00:00 AM,4200 164TH STREET,LAWNDALE,CA,90260,0334,"4200 164TH STREET
LAWNDALE, CA 90260
(33.881847, -118.349682)",23,WHITE,N,N,Y,N,N,N,N,,3,A-2,"FIREARM:  Suspect armed,  Suspect fired at deputy",33.881847,-118.349682
1000328,HIT SHOOTING INCIDENT,11/08/2010 10:17:00 PM,1600 E. 123RD STREET,LOS ANGELES,CA,90059,2134,"1600 E. 123RD STREET
LOS ANGELES, CA 90059
(33.920875, -118.245665)",21,BLACK,N,N,N,Y,Y,N,N,,1,A-1,"FIREARM:  Suspect armed,  Firearm recovered",33.920875,-118.245665
1000455,HIT SHOOTING INCIDENT,02/01/2013 08:00:00 AM,300 N LEMON AVENUE,WALNUT,CA,91789,2914,"300 N LEMON AVENUE
WALNUT, CA 91789
(34.018718, -117.865087)",35,HISPANIC,N,Y,Y,N,Y,Y,N,,1,B-2,"WEAPON - OTHER:  Suspect armed, Suspect used weapon to assault deputy",34.018718,-117.865087
1000311,NON-HIT SHOOTING INCIDENT,07/27/2010 06:57:00 PM,15300 AVALON BOULEVARD,COMPTON,CA,90248,2199,"15300 AVALON BOULEVARD
COMPTON, CA 90248
(33.892958, -118.265233)",33,BLACK,N,Y,N,N,N,N,N,,1,A-4,"FIREARM:  Perception shooting, Suspect actions and/or other info suggest suspect was armed, Firearm not seen/not recovered",33.892958,-118.265233
1000408,HIT SHOOTING INCIDENT,07/01/2012 12:00:00 AM,500 SOUTH LONG BEACH BLVD,COMPTON,CA,90220,2846,"500 SOUTH LONG BEACH BLVD
COMPTON, CA 90220
(33.891935, -118.207681)",21,HISPANIC,N,N,Y,N,N,N,N,,1,A-1,"FIREARM:  Suspect armed,  Firearm recovered",33.891935,-118.207681
1000465,HIT SHOOTING INCIDENT,10/27/2013 01:27:00 AM,16400 WOODRUFF AVE.,BELLFLOWER,CA,90706,1337,"16400 WOODRUFF AVE.
BELLFLOWER, CA 90706
(33.88556, -118.117335)",57,BLACK,Y,N,N,Y,Y,N,Y,MARIJUANA,2,C-1,STRUGGLE OVER DEPUTY WEAPON:  Suspect attempted to disarm deputy,33.88556,-118.117335
1000429,HIT SHOOTING INCIDENT,12/23/2012 07:01:00 AM,7700 NORWALK BLVD,WHITTIER,CA,90606,1278,"7700 NORWALK BLVD
WHITTIER, CA 90606
(33.975299, -118.075184)",35,WHITE,N,N,N,Y,N,N,Y,OTHER/UNKNOWN,1,A-2,"FIREARM:  Suspect armed,  Suspect fired at deputy",33.975299,-118.075184
1000463,HIT SHOOTING INCIDENT,10/12/2013 04:06:00 PM,FOSTER ROAD AND FAIRFORD AVENUE,NORWALK,CA,90650,0453,"FOSTER ROAD AND FAIRFORD AVENUE
NORWALK, CA 90650
(33.909747, -118.09492)",23,HISPANIC,N,Y,Y,N,N,Y,Y,CNS STIMULANT,1,A-1,"FIREARM:  Suspect armed,  Firearm recovered",33.909747,-118.09492
1000313,HIT SHOOTING INCIDENT,03/06/2010 03:30:00 AM,3800 FIRESTONE BLVD.,SOUTH GATE,CA,90280,2199,"3800 FIRESTONE BLVD.
SOUTH GATE, CA 90280
(33.953839, -118.202349)",18,HISPANIC,N,Y,Y,N,N,Y,N,,2,A-1,"FIREARM:  Suspect armed,  Firearm recovered",33.953839,-118.202349
1000651,HIT SHOOTING INCIDENT,10/02/2015 11:30:00 PM,13400 CROSSROADS PARKWAY NORTH,CITY OF INDUSTRY,CA,91746,1410,"13400 CROSSROADS PARKWAY NORTH
CITY OF INDUSTRY, CA 91746
(34.030814, -118.006742)",41,HISPANIC,N,N,Y,N,,,,,6,A-2,"FIREARM:  Suspect armed,  Suspect fired at deputy",34.030814,-118.006742
1000378,NON-HIT SHOOTING INCIDENT,01/28/2012 08:26:00 AM,10800 DALEROSE AVENUE,LENNOX,CA,90304,0382,"10800 DALEROSE AVENUE
LENNOX, CA 90304
(33.937831, -118.360227)",18,HISPANIC,N,N,N,N,N,N,N,,1,A-1,"FIREARM:  Suspect armed,  Firearm recovered",33.937831,-118.360227
1000473,HIT SHOOTING INCIDENT,12/29/2013 01:20:00 AM,2500 EL TORO ROAD,MONROVIA,CA,91010,0583,"2500 EL TORO ROAD
MONROVIA, CA 91010
(34.119987, -117.992453)",24,HISPANIC,N,Y,Y,N,Y,N,N,,4,A-1,"FIREARM:  Suspect armed,  Firearm recovered",34.119987,-117.992453
1000356,HIT SHOOTING INCIDENT,07/21/2011 09:50:00 PM,7300 SALT LAKE AVENUE,BELL GARDENS,CA,90201,0261,"7300 SALT LAKE AVENUE
BELL GARDENS, CA 90201
(33.970632, -118.201978)",26,HISPANIC,N,Y,Y,N,Y,Y,N,,1,A-3,"FIREARM:  Suspect may have been armed,  Deputy saw firearm but not recovered",33.970632,-118.201978
1000331,HIT SHOOTING INCIDENT,11/26/2010 09:16:00 PM,18500 COLIMA ROAD,ROWLAND HEIGHTS,CA,91748,2931,"18500 COLIMA ROAD
ROWLAND HEIGHTS, CA 91748
(33.98808, -117.90122)",31,HISPANIC,N,Y,N,Y,Y,N,Y,PCP,1,A-1,"FIREARM:  Suspect armed,  Firearm recovered",33.98808,-117.90122
1000377,NON-HIT SHOOTING INCIDENT,01/25/2012 05:35:00 PM,400 WEST SPRUCE STREET,COMPTON,CA,90220,2814,"400 WEST SPRUCE STREET
COMPTON, CA 90220
(33.902653, -118.230139)",23,BLACK,N,N,N,N,Y,N,N,,1,A-1,"FIREARM:  Suspect armed,  Firearm recovered",33.902653,-118.230139
1000483,HIT SHOOTING INCIDENT,04/07/2014 09:29:00 PM,900 PALM AVENUE,WEST HOLLYWOOD,CA,90069,0977,"900 PALM AVENUE
WEST HOLLYWOOD, CA 90069
(34.087659, -118.382901)",28,WHITE,N,N,Y,N,N,N,N,,3,B-4,"WEAPON - OTHER:  Perception shooting, Suspect actions and/or info suggest suspect was armed, Weapon not seen/not recovered",34.087659,-118.382901
1000309,NON-HIT SHOOTING INCIDENT,06/27/2010 03:20:00 AM,22400 PLATINO AVENUE,MISSION VIEJO,CA,92691,5199,"22400 PLATINO AVENUE
MISSION VIEJO, CA 92691
(33.637413, -117.664361)",20,WHITE,N,Y,N,N,N,Y,Y,ALCOHOL,1,B-2,"WEAPON - OTHER:  Suspect armed, Suspect used weapon to assault deputy",33.637413,-117.664361
1000306,HIT SHOOTING INCIDENT,06/19/2010 05:31:00 PM,4200 DEEBOYAR AVENUE,LAKEWOOD,CA,90713,1323,"4200 DEEBOYAR AVENUE
LAKEWOOD, CA 90713
(33.833954, -118.163506)",40,BLACK,N,Y,Y,N,Y,Y,N,,1,B-1,"WEAPON - OTHER:  Suspect armed, Weapon recovered",33.833954,-118.163506
1000529,NON-HIT SHOOTING INCIDENT,06/27/2015 10:20:00 PM,800 TAJAUTA AVENUE,COMPTON,CA,90220,2811,"800 TAJAUTA AVENUE
COMPTON, CA 90220
(33.901577, -118.246729)",17,BLACK,N,Y,N,N,N,N,N,,1,A-1,"FIREARM:  Suspect armed,  Firearm recovered",33.901577,-118.246729
1000528,HIT SHOOTING INCIDENT,06/01/2015 12:00:00 AM,ORANGE LINE BUSWAY AND DENSMORE AVENUE,VAN NUYS,CA,91401,6713,"ORANGE LINE BUSWAY AND DENSMORE AVENUE
VAN NUYS, CA 91401
(34.186215, -118.477398)",52,WHITE,N,Y,Y,N,N,N,N,,1,A-1,"FIREARM:  Suspect armed,  Firearm recovered",34.186215,-118.477398
1000717,HIT SHOOTING INCIDENT,03/30/2016 03:25:00 PM,6400 NORTHSIDE DRIVE,EAST LOS ANGLES,CA,90022,0287,"6400 NORTHSIDE DRIVE
EAST LOS ANGLES, CA 90022
(34.01236766947182964733, -118.12693437315657699982)",33,HISPANIC,N,N,N,Y,,,,,1,A-1,"FIREARM:  Suspect armed,  Firearm recovered",34.01236766947183,-118.126934373156577
1000338,HIT SHOOTING INCIDENT,02/05/2011 09:56:00 PM,3200 THOMAS AVENUE,PALMDALE,CA,93550,2603,"3200 THOMAS AVENUE
PALMDALE, CA 93550
(34.550873, -118.071451)",43,BLACK,N,Y,Y,N,Y,N,N,,1,A-4,"FIREARM:  Perception shooting, Suspect actions and/or other info suggest suspect was armed, Firearm not seen/not recovered",34.550873,-118.071451
1000415,NON-HIT SHOOTING INCIDENT,09/02/2012 08:55:00 AM,1600 DURFEE AVENUE,SOUTH EL MONTE,CA,91733,0562,"1600 DURFEE AVENUE
SOUTH EL MONTE, CA 91733
(34.040611, -118.03605)",24,BLACK,N,Y,N,N,N,Y,N,,1,A-2,"FIREARM:  Suspect armed,  Suspect fired at deputy",34.040611,-118.03605
1000289,HIT SHOOTING INCIDENT,01/14/2010 03:41:00 PM,500 WEST GARDENA BOULEVARD,LOS ANGELES,CA,90248,1699,"500 WEST GARDENA BOULEVARD
LOS ANGELES, CA 90248
(33.881832, -118.282796)",43,HISPANIC,N,Y,Y,N,Y,Y,N,,1,A-4,"FIREARM:  Perception shooting, Suspect actions and/or other info suggest suspect was armed, Firearm not seen/not recovered",33.881832,-118.282796
1000309,NON-HIT SHOOTING INCIDENT,06/27/2010 03:20:00 AM,22400 PLATINO AVENUE,MISSION VIEJO,CA,92691,5199,"22400 PLATINO AVENUE
MISSION VIEJO, CA 92691
(33.637413, -117.664361)",25,WHITE,N,Y,N,N,Y,Y,Y,ALCOHOL,1,B-2,"WEAPON - OTHER:  Suspect armed, Suspect used weapon to assault deputy",33.637413,-117.664361
1000362,HIT SHOOTING INCIDENT,10/05/2011 10:50:00 PM,12900 GLENDA STREET,CERRITOS,CA,90703,2316,"12900 GLENDA STREET
CERRITOS, CA 90703
(33.872686, -118.057597)",24,BLACK,N,Y,Y,N,Y,Y,N,,1,C-1,STRUGGLE OVER DEPUTY WEAPON:  Suspect attempted to disarm deputy,33.872686,-118.057597
1000480,NON-HIT SHOOTING INCIDENT,03/25/2014 09:12:00 PM,300 WEST REEVE STREET,COMPTON,CA,90220,2836,"300 WEST REEVE STREET
COMPTON, CA 90220
(33.886765, -118.225919)",17,BLACK,N,Y,N,N,Y,N,N,,1,A-1,"FIREARM:  Suspect armed,  Firearm recovered",33.886765,-118.225919
1000367,HIT SHOOTING INCIDENT,12/01/2011 04:50:00 AM,11400 PIONEER BLVD,NORWALK,CA,90650,0451,"11400 PIONEER BLVD
NORWALK, CA 90650
(33.928331, -118.081753)",39,HISPANIC,N,Y,N,Y,Y,N,N,,2,A-1,"FIREARM:  Suspect armed,  Firearm recovered",33.928331,-118.081753
1000485,HIT SHOOTING INCIDENT,04/25/2014 11:06:00 PM,3800 56TH STREET,MAYWOOD,CA,90270,0250,"3800 56TH STREET
MAYWOOD, CA 90270
(33.991214, -118.196155)",42,HISPANIC,N,N,N,Y,N,N,Y,ALCOHOL,2,B-1,"WEAPON - OTHER:  Suspect armed, Weapon recovered",33.991214,-118.196155
1000655,NON-HIT SHOOTING INCIDENT,11/24/2015 01:40:00 PM,1000 SAN GABRIEL BLVD.,ROSEMEAD,CA,91770,0535,"1000 SAN GABRIEL BLVD.
ROSEMEAD, CA 91770
(34.04036, -118.082721)",28,HISPANIC,N,N,,,,,,,1,A-1,"FIREARM:  Suspect armed,  Firearm recovered",34.04036,-118.082721
1000373,HIT SHOOTING INCIDENT,01/04/2012 03:28:00 PM,9300 E. VALLEY BLVD,ROSEMEAD,CA,91770,0530,"9300 E. VALLEY BLVD
ROSEMEAD, CA 91770
(34.081073, -118.066791)",40,ASIAN-PACIFIC-ISL,Y,N,N,Y,,,N,,1,B-1,"WEAPON - OTHER:  Suspect armed, Weapon recovered",34.081073,-118.066791
1000521,HIT SHOOTING INCIDENT,03/25/2015 12:00:00 AM,102ND STREET AND S. VERMONT AVE,LOS ANGELES,CA,90044,0577,"102ND STREET AND S. VERMONT AVE
LOS ANGELES, CA 90044
(33.94408299312416425025, -118.29182501144271153503)",28,HISPANIC,N,N,N,Y,,,N,,9,A-2,"FIREARM:  Suspect armed,  Suspect fired at deputy",33.944082993124164,-118.291825011442712
1000401,HIT SHOOTING INCIDENT,05/13/2012 09:03:00 PM,GLENCOE STREET AND OLEANDER AVENUE,COMPTON,CA,90220,2836,"GLENCOE STREET AND OLEANDER AVENUE
COMPTON, CA 90220
(33.88148698554689992269, -118.22778000527531870975)",33,HISPANIC,N,Y,Y,N,Y,Y,N,,2,A-1,"FIREARM:  Suspect armed,  Firearm recovered",33.8814869855469,-118.227780005275319
1000534,NON-HIT SHOOTING INCIDENT,07/31/2015 09:15:00 PM,700 WEST LAUREL STREET,COMPTON,CA,90220,2835,"700 WEST LAUREL STREET
COMPTON, CA 90220
(33.892863, -118.236222)",18,HISPANIC,N,N,N,N,N,N,N,,1,A-2,"FIREARM:  Suspect armed,  Suspect fired at deputy",33.892863,-118.236222
1000438,HIT SHOOTING INCIDENT,05/01/2013 07:25:00 PM,ADON AVENUE EAST AND SIERRA HIGHWAY,CANYON COUNTRY,CA,91351,0631,"ADON AVENUE EAST AND SIERRA HIGHWAY
CANYON COUNTRY, CA 91351
(34.42545699791154845325, -118.44879297512091453225)",28,WHITE,N,N,Y,N,Y,N,Y,OTHER/UNKNOWN,1,A-1,"FIREARM:  Suspect armed,  Firearm recovered",34.425456997911548,-118.448792975120915
1000494,HIT SHOOTING INCIDENT,08/09/2014 04:12:00 AM,GRAND AVENUE AND PACIFIC BOULEVARD,WALNUT PARK,CA,90255,6835,"GRAND AVENUE AND PACIFIC BOULEVARD
WALNUT PARK, CA 90255
(33.969153, -118.225208)",41,HISPANIC,N,N,N,Y,Y,N,Y,CNS STIMULANT,2,A-2,"FIREARM:  Suspect armed,  Suspect fired at deputy",33.969153,-118.225208
1000334,HIT SHOOTING INCIDENT,12/21/2010 05:50:00 PM,6800 AGAVE STREET,LANCASTER,CA,93536,1181,"6800 AGAVE STREET
LANCASTER, CA 93536
(34.647256, -118.25124)",40,WHITE,Y,Y,N,Y,Y,Y,Y,STIMULANT,1,B-1,"WEAPON - OTHER:  Suspect armed, Weapon recovered",34.647256,-118.25124
1000359,HIT SHOOTING INCIDENT,04/08/2011 06:04:00 PM,100 EAST AVENUE R-4,PALMDALE,CA,93550,2611,"100 EAST AVENUE R-4
PALMDALE, CA 93550
(34.572503, -118.129322)",19,HISPANIC,N,Y,N,Y,Y,N,Y,ALCOHOL,2,A-1,"FIREARM:  Suspect armed,  Firearm recovered",34.572503,-118.129322
1000352,HIT SHOOTING INCIDENT,05/24/2011 06:44:00 AM,2000 EAST 76TH STREET,LOS ANGELES,CA,90001,2173,"2000 EAST 76TH STREET
LOS ANGELES, CA 90001
(33.971921, -118.236815)",18,HISPANIC,N,N,Y,N,Y,N,N,,2,A-1,"FIREARM:  Suspect armed,  Firearm recovered",33.971921,-118.236815
1000430,NON-HIT SHOOTING INCIDENT,01/29/2013 06:40:00 PM,1100 EAST 65TH STREET,LOS ANGELES,CA,90002,2170,"1100 EAST 65TH STREET
LOS ANGELES, CA 90002
(33.980835, -118.256358)",15,HISPANIC,N,N,N,N,N,N,Y,MARIJUANA,1,B-4,"WEAPON - OTHER:  Perception shooting, Suspect actions and/or info suggest suspect was armed, Weapon not seen/not recovered",33.980835,-118.256358
1000329,NON-HIT SHOOTING INCIDENT,11/11/2010 05:35:00 PM,300 CLAUDE STREET,COMPTON,CA,90220,2836,"300 CLAUDE STREET
COMPTON, CA 90220
(33.886113, -118.225869)",22,BLACK,N,N,N,N,N,N,N,,1,A-1,"FIREARM:  Suspect armed,  Firearm recovered",33.886113,-118.225869
1000509,NON-HIT SHOOTING INCIDENT,12/23/2014 06:16:00 PM,10800 WHITTIER BLVD,WHITTIER,CA,90606,1575,"10800 WHITTIER BLVD
WHITTIER, CA 90606
(33.989917, -118.064027)",17,HISPANIC,N,N,N,N,N,N,N,,1,A-4,"FIREARM:  Perception shooting, Suspect actions and/or other info suggest suspect was armed, Firearm not seen/not recovered",33.989917,-118.064027
1000683,HIT SHOOTING INCIDENT,02/11/2016 06:42:00 PM,2800 LA VIDA DRIVE,LANCASTER,CA,93535,1137,"2800 LA VIDA DRIVE
LANCASTER, CA 93535
(34.682284, -118.079249)",45,WHITE,N,N,N,Y,,,,,3,B-1,"WEAPON - OTHER:  Suspect armed, Weapon recovered",34.682284,-118.079249
1000363,HIT SHOOTING INCIDENT,10/13/2011 11:40:00 AM,3100 HEATHER AVENUE,PALMDALE,CA,93550,2608,"3100 HEATHER AVENUE
PALMDALE, CA 93550
(34.566778, -118.074555)",32,BLACK,N,Y,N,Y,Y,Y,N,,2,A-2,"FIREARM:  Suspect armed,  Suspect fired at deputy",34.566778,-118.074555
1000343,NON-HIT SHOOTING INCIDENT,03/01/2011 12:50:00 PM,CITRUS AVENUE AND VALLEY BLVD,FONTANA,CA,92335,3499,"CITRUS AVENUE AND VALLEY BLVD
FONTANA, CA 92335
(34.070328, -117.453668)",24,HISPANIC,N,Y,N,N,Y,Y,N,,1,A-4,"FIREARM:  Perception shooting, Suspect actions and/or other info suggest suspect was armed, Firearm not seen/not recovered",34.070328,-117.453668
1000426,HIT SHOOTING INCIDENT,11/10/2012 10:18:00 PM,1900 EAST 122ND STREET,LOS ANGELES,CA,90222,2137,"1900 EAST 122ND STREET
LOS ANGELES, CA 90222
(33.921702, -118.23899)",37,HISPANIC,N,Y,N,Y,N,Y,Y,MARIJUANA,2,A-4,"FIREARM:  Perception shooting, Suspect actions and/or other info suggest suspect was armed, Firearm not seen/not recovered",33.921702,-118.23899
1000490,HIT SHOOTING INCIDENT,06/25/2014 05:05:00 PM,BEAR VALLEY ROAD AND  CENTRAL ROAD,APPLE VALLEY,CA,92308,3199,"BEAR VALLEY ROAD AND CENTRAL ROAD
APPLE VALLEY, CA 92308
(34.471554, -117.172646)",29,HISPANIC,N,Y,N,Y,N,Y,N,,9,A-2,"FIREARM:  Suspect armed,  Suspect fired at deputy",34.471554,-117.172646
1000399,HIT SHOOTING INCIDENT,05/05/2012 11:37:00 PM,39600 167TH STREET,PALMDALE,CA,93591,1197,"39600 167TH STREET
PALMDALE, CA 93591
(34.601522, -117.832055)",29,WHITE,N,N,Y,N,Y,N,N,,2,A-1,"FIREARM:  Suspect armed,  Firearm recovered",34.601522,-117.832055
1000487,HIT SHOOTING INCIDENT,05/24/2014 01:50:00 AM,8400 SUNSET BLVD,WEST HOLLYWOOD,CA,90069,0987,"8400 SUNSET BLVD
WEST HOLLYWOOD, CA 90069
(34.095248, -118.372652)",34,BLACK,N,Y,Y,N,Y,N,Y,MARIJUANA,1,B-1,"WEAPON - OTHER:  Suspect armed, Weapon recovered",34.095248,-118.372652
1000296,HIT SHOOTING INCIDENT,04/18/2010 12:42:00 AM,11700 WILLOWBROOK AVENUE,LOS ANGELES,CA,90059,6851,"11700 WILLOWBROOK AVENUE
LOS ANGELES, CA 90059
(33.926853, -118.236724)",17,HISPANIC,,,Y,N,,,,,1,A-1,"FIREARM:  Suspect armed,  Firearm recovered",33.926853,-118.236724
1000452,HIT SHOOTING INCIDENT,08/04/2013 12:30:00 PM,ROSEMEAD BLVD AND SHENANDOAH AVE,PICO RIVERA,CA,90660,1513,"ROSEMEAD BLVD AND SHENANDOAH AVE
PICO RIVERA, CA 90660
(33.99861397860065710048, -118.08419000582316701903)",23,HISPANIC,N,Y,Y,N,Y,N,N,,1,B-2,"WEAPON - OTHER:  Suspect armed, Suspect used weapon to assault deputy",33.998613978600657,-118.084190005823167
1000403,NON-HIT SHOOTING INCIDENT,05/25/2012 04:50:00 AM,1200 RONAN AVENUE,WILMINGTON,CA,90744,3199,"1200 RONAN AVENUE
WILMINGTON, CA 90744
(33.786534, -118.272592)",28,BLACK,N,N,N,N,N,N,N,,4,A-2,"FIREARM:  Suspect armed,  Suspect fired at deputy",33.786534,-118.272592
1000317,HIT SHOOTING INCIDENT,10/09/2010 06:47:00 PM,1300 FRASER AVE,LOS ANGELES,CA,90022,0284,"1300 FRASER AVE
LOS ANGELES, CA 90022
(34.014957, -118.16362)",20,HISPANIC,N,Y,Y,N,Y,N,N,,1,A-1,"FIREARM:  Suspect armed,  Firearm recovered",34.014957,-118.16362
1000398,NON-HIT SHOOTING INCIDENT,04/17/2012 04:10:00 PM,CEDAR STREET WEST OF BELLFLOWER BLVD,BELLFLOWER,CA,90706,1334,"CEDAR STREET WEST OF BELLFLOWER BLVD
BELLFLOWER, CA 90706
(33.871191, -118.125184)",35,HISPANIC,N,N,N,N,Y,N,N,,1,E-1,"FLEEING SUSPECT:  Probable cause, Posed a threat of serious physical harm to deputy and/or others (Tennessee v Garner)",33.871191,-118.125184
1000321,NON-HIT SHOOTING INCIDENT,10/22/2010 09:02:00 AM,800 W. 136TH STREET,COMPTON,CA,90222,2812,"800 W. 136TH STREET
COMPTON, CA 90222
(33.907991, -118.239173)",47,BLACK,N,N,N,N,N,Y,Y,OPIATE,1,B-2,"WEAPON - OTHER:  Suspect armed, Suspect used weapon to assault deputy",33.907991,-118.239173
1000687,HIT SHOOTING INCIDENT,02/24/2016 05:14:00 PM,10900 ALONDRA BOULEVARD,NORWALK,CA,90650,2310,"10900 ALONDRA BOULEVARD
NORWALK, CA 90650
(33.887057, -118.100431)",26,HISPANIC,N,N,N,Y,,,,,1,B-2,"WEAPON - OTHER:  Suspect armed, Suspect used weapon to assault deputy",33.887057,-118.100431
1000527,HIT SHOOTING INCIDENT,02/13/2014 04:57:00 PM,19100 ELBERLAND STREET,West Covina,CA,91792,2910,"19100 ELBERLAND STREET
West Covina, CA 91792
(34.009463, -117.88471)",35,HISPANIC,N,Y,N,Y,Y,Y,Y,OTHER/UNKNOWN,5,A-4,"FIREARM:  Perception shooting, Suspect actions and/or other info suggest suspect was armed, Firearm not seen/not recovered",34.009463,-117.88471
1000327,NON-HIT SHOOTING INCIDENT,11/05/2010 02:30:00 AM,12300 SPROUL STREET,NORWALK,CA,90650,0459,"12300 SPROUL STREET
NORWALK, CA 90650
(33.907957, -118.070772)",27,HISPANIC,N,N,N,N,N,N,N,,1,A-1,"FIREARM:  Suspect armed,  Firearm recovered",33.907957,-118.070772
1000454,HIT SHOOTING INCIDENT,08/28/2013 05:49:00 PM,2000 PIRU STREET,COMPTON,CA,90220,2137,"2000 PIRU STREET
COMPTON, CA 90220
(33.908389, -118.236121)",18,HISPANIC,N,N,N,Y,N,N,Y,CNS STIMULANT,1,A-1,"FIREARM:  Suspect armed,  Firearm recovered",33.908389,-118.236121
1000384,HIT SHOOTING INCIDENT,02/22/2012 09:38:00 PM,6500 ROSEMEAD BLVD,PICO RIVERA,CA,90660,1515,"6500 ROSEMEAD BLVD
PICO RIVERA, CA 90660
(33.986923, -118.094032)",29,HISPANIC,N,Y,Y,N,N,Y,N,,5,A-2,"FIREARM:  Suspect armed,  Suspect fired at deputy",33.986923,-118.094032
1000320,NON-HIT SHOOTING INCIDENT,10/19/2010 11:34:00 PM,2900 60TH PLACE,HUNTINGTON PARK,CA,90255,0250,"2900 60TH PLACE
HUNTINGTON PARK, CA 90255
(33.986252, -118.217394)",27,HISPANIC,N,N,N,N,N,N,N,,1,A-4,"FIREARM:  Perception shooting, Suspect actions and/or other info suggest suspect was armed, Firearm not seen/not recovered",33.986252,-118.217394
1000491,NON-HIT SHOOTING INCIDENT,07/10/2014 03:08:00 AM,JAMISON AVENUE AND TORRANCE BLVD,CARSON,CA,90745,2851,"JAMISON AVENUE AND TORRANCE BLVD
CARSON, CA 90745
(33.84217015962950306621, -118.27726154190630587571)",24,HISPANIC,N,Y,N,N,Y,N,Y,MARIJUANA,1,A-4,"FIREARM:  Perception shooting, Suspect actions and/or other info suggest suspect was armed, Firearm not seen/not recovered",33.842170159629503,-118.277261541906306
1000305,HIT SHOOTING INCIDENT,06/15/2010 10:41:00 AM,100 SANDALWOOD AVENUE,EAST VALINDA,CA,91744,1442,"100 SANDALWOOD AVENUE
EAST VALINDA, CA 91744
(34.017734, -117.916877)",29,HISPANIC,N,N,Y,N,Y,N,Y,STIMULANT,1,C-1,STRUGGLE OVER DEPUTY WEAPON:  Suspect attempted to disarm deputy,34.017734,-117.916877
1000396,HIT SHOOTING INCIDENT,03/08/2012 03:30:00 PM,215TH STREET AND ELAINE AVENUE,HAWAIIAN GARDENS,CA,90716,3674,"215TH STREET AND ELAINE AVENUE
HAWAIIAN GARDENS, CA 90716
(33.83404302223222658427, -118.07651800736792045932)",22,HISPANIC,N,N,Y,N,Y,N,N,,2,B-2,"WEAPON - OTHER:  Suspect armed, Suspect used weapon to assault deputy",33.834043022232227,-118.07651800736792
1000475,HIT SHOOTING INCIDENT,01/30/2014 08:22:00 PM,SOLEDAD CANYON ROAD AND SHANGRI LA DRIVE,SANTA CLARITA,CA,91351,0613,"SOLEDAD CANYON ROAD AND SHANGRI LA DRIVE
SANTA CLARITA, CA 91351
(34.41602698620244753981, -118.45865697431231854919)",47,WHITE,N,N,N,Y,N,N,Y,CNS STIMULANT,2,B-1,"WEAPON - OTHER:  Suspect armed, Weapon recovered",34.416026986202448,-118.458656974312319
1000441,HIT SHOOTING INCIDENT,05/18/2013 09:12:00 PM,6100 MIRAMONTE BLVD,LOS ANGELES,CA,90001,2171,"6100 MIRAMONTE BLVD
LOS ANGELES, CA 90001
(33.984765, -118.245342)",50,BLACK,N,Y,N,Y,Y,Y,Y,MARIJUANA,2,A-1,"FIREARM:  Suspect armed,  Firearm recovered",33.984765,-118.245342
1000410,NON-HIT SHOOTING INCIDENT,08/16/2012 01:40:00 AM,W. 127TH STREET AND NORMANDIE AVENUE,LOS ANGELES,CA,90047,0377,"W. 127TH STREET AND NORMANDIE AVENUE
LOS ANGELES, CA 90047
(33.917363, -118.300408)",25,BLACK,N,N,N,N,N,N,N,,1,A-1,"FIREARM:  Suspect armed,  Firearm recovered",33.917363,-118.300408
1000453,NON-HIT SHOOTING INCIDENT,08/26/2013 03:30:00 AM,1200 123RD STREET,LOS ANGELES,CA,90044,0378,"1200 123RD STREET
LOS ANGELES, CA 90044
(33.921184, -118.296362)",31,BLACK,N,Y,N,N,Y,N,N,,2,B-2,"WEAPON - OTHER:  Suspect armed, Suspect used weapon to assault deputy",33.921184,-118.296362
1000308,HIT SHOOTING INCIDENT,06/24/2010 09:35:00 PM,12100 VENTURA BOULEVARD,STUDIO CITY,CA,91604,3199,"12100 VENTURA BOULEVARD
STUDIO CITY, CA 91604
(34.143549, -118.395437)",18,WHITE,N,N,N,Y,N,N,N,,1,B-2,"WEAPON - OTHER:  Suspect armed, Suspect used weapon to assault deputy",34.143549,-118.395437
1000510,HIT SHOOTING INCIDENT,12/31/2014 05:00:00 PM,100 WEST COMPTON BLVD,COMPTON,CA,90220,2814,"100 WEST COMPTON BLVD
COMPTON, CA 90220
(33.895891, -118.224837)",34,HISPANIC,N,N,N,Y,N,N,N,,3,A-1,"FIREARM:  Suspect armed,  Firearm recovered",33.895891,-118.224837
1000326,NON-HIT SHOOTING INCIDENT,10/28/2010 09:15:00 AM,500 W. TERRACE STREET,ALTADENA,CA,91001,0862,"500 W. TERRACE STREET
ALTADENA, CA 91001
(34.196814, -118.157069)",21,WHITE,N,Y,N,N,Y,N,N,,1,A-4,"FIREARM:  Perception shooting, Suspect actions and/or other info suggest suspect was armed, Firearm not seen/not recovered",34.196814,-118.157069
1000297,HIT SHOOTING INCIDENT,05/06/2010 04:00:00 AM,21900 DEVLIN AVENUE,HAWAIIAN GARDENS,CA,90716,1351,"21900 DEVLIN AVENUE
HAWAIIAN GARDENS, CA 90716
(33.829523, -118.077365)",26,HISPANIC,N,Y,Y,N,N,N,N,,1,A-1,"FIREARM:  Suspect armed,  Firearm recovered",33.829523,-118.077365
1000335,HIT SHOOTING INCIDENT,01/11/2011 07:17:00 PM,600 N. BRANNICK AVENUE,LOS ANGELES,CA,90063,0275,"600 N. BRANNICK AVENUE
LOS ANGELES, CA 90063
(34.04343, -118.177967)",37,HISPANIC,N,Y,N,Y,Y,Y,Y,PCP,1,A-2,"FIREARM:  Suspect armed,  Suspect fired at deputy",34.04343,-118.177967
1000406,HIT SHOOTING INCIDENT,06/21/2012 12:00:00 PM,11500 ATLANTIC BLVD,LYNWOOD,CA,90262,2114,"11500 ATLANTIC BLVD
LYNWOOD, CA 90262
(33.920226, -118.187786)",27,HISPANIC,N,Y,N,Y,Y,N,Y,HALLUCINOGEN,1,D-1,NO SUSPECT FIREAM/OTHER WEAPON involved in the Incident,33.920226,-118.187786
1000382,HIT SHOOTING INCIDENT,02/08/2012 08:14:00 AM,1400 NORTH PEARL STREET,COMPTON,CA,90221,2824,"1400 NORTH PEARL STREET
COMPTON, CA 90221
(33.905226, -118.214631)",29,HISPANIC,N,Y,Y,N,Y,Y,N,,2,A-1,"FIREARM:  Suspect armed,  Firearm recovered",33.905226,-118.214631
1000517,HIT SHOOTING INCIDENT,03/12/2015 06:36:00 PM,2400 FLOWER STREET,WALNUT PARK,CA,90255,2178,"2400 FLOWER STREET
WALNUT PARK, CA 90255
(33.971357, -118.230225)",30,HISPANIC,N,N,N,Y,,,N,,1,A-4,"FIREARM:  Perception shooting, Suspect actions and/or other info suggest suspect was armed, Firearm not seen/not recovered",33.971357,-118.230225
1000525,HIT SHOOTING INCIDENT,05/13/2015 05:41:00 PM,100 NORTH LONG BEACH BOULEVARD,COMPTON,CA,90221,2824,"100 NORTH LONG BEACH BOULEVARD
COMPTON, CA 90221
(33.896088, -118.207962)",17,BLACK,N,N,Y,N,N,N,N,,1,A-1,"FIREARM:  Suspect armed,  Firearm recovered",33.896088,-118.207962
1000397,NON-HIT SHOOTING INCIDENT,03/16/2012 08:49:00 AM,8600 GRAHAM AVENUE,LOS ANGELES,CA,90001,2174,"8600 GRAHAM AVENUE
LOS ANGELES, CA 90001
(33.960158, -118.243073)",15,BLACK,N,N,N,N,N,N,N,,1,D-1,NO SUSPECT FIREAM/OTHER WEAPON involved in the Incident,33.960158,-118.243073
1000344,HIT SHOOTING INCIDENT,03/01/2011 03:29:00 PM,500 EAST AVENUE P-14,PALMDALE,CA,93550,2614,"500 EAST AVENUE P-14
PALMDALE, CA 93550
(34.601786, -118.120609)",17,BLACK,N,N,N,Y,N,N,N,,3,B-1,"WEAPON - OTHER:  Suspect armed, Weapon recovered",34.601786,-118.120609
1000476,HIT SHOOTING INCIDENT,02/04/2014 05:50:00 AM,4800 IVY STREET,PICO RIVERA,CA,90660,1510,"4800 IVY STREET
PICO RIVERA, CA 90660
(34.007462, -118.095392)",56,HISPANIC,N,N,Y,N,N,N,N,,2,B-2,"WEAPON - OTHER:  Suspect armed, Suspect used weapon to assault deputy",34.007462,-118.095392
1000493,HIT SHOOTING INCIDENT,08/01/2014 04:49:00 AM,9000 ROSEHEDGE DRIVE,PICO RIVERA,CA,90660,1514,"9000 ROSEHEDGE DRIVE
PICO RIVERA, CA 90660
(33.993633, -118.087458)",24,HISPANIC,N,Y,N,Y,Y,Y,N,,5,A-2,"FIREARM:  Suspect armed,  Suspect fired at deputy",33.993633,-118.087458
1000462,HIT SHOOTING INCIDENT,10/06/2013 03:30:00 PM,6000 BLOCK OF WEST VENICE BLVD,LOS ANGELES,CA,90034,6893,"6000 BLOCK OF WEST VENICE BLVD
LOS ANGELES, CA 90034
(34.006282, -118.428977)",49,BLACK,N,N,N,Y,N,N,N,,1,B-1,"WEAPON - OTHER:  Suspect armed, Weapon recovered",34.006282,-118.428977
1000424,HIT SHOOTING INCIDENT,11/16/2012 09:30:00 PM,81ST AND PARMALEE AVENUE,LOS ANGELES,CA,90001,2174,"81ST AND PARMALEE AVENUE
LOS ANGELES, CA 90001
(33.96580897884491831496, -118.24990302594981168384)",36,BLACK,N,Y,Y,N,Y,N,N,,3,A-2,"FIREARM:  Suspect armed,  Suspect fired at deputy",33.965808978844918,-118.249903025949812
1000461,HIT SHOOTING INCIDENT,10/06/2013 05:47:00 PM,28600 CLOVERLEAF PLACE,CASTAIC,CA,91384,0675,"28600 CLOVERLEAF PLACE
CASTAIC, CA 91384
(34.485702, -118.636172)",53,WHITE,Y,N,N,Y,N,N,N,,3,A-1,"FIREARM:  Suspect armed,  Firearm recovered",34.485702,-118.636172
1000333,HIT SHOOTING INCIDENT,12/01/2010 03:07:00 PM,4700 HAMMEL STREET,EAST LOS ANGELES,CA,90022,0281,"4700 HAMMEL STREET
EAST LOS ANGELES, CA 90022
(34.042411, -118.164841)",20,HISPANIC,N,Y,Y,N,Y,N,N,,1,A-4,"FIREARM:  Perception shooting, Suspect actions and/or other info suggest suspect was armed, Firearm not seen/not recovered",34.042411,-118.164841
1000526,HIT SHOOTING INCIDENT,06/04/2015 05:54:00 PM,ALOSTA AVENUE AND CITRUS AVENUE,ASUZA,CA,91702,0899,"ALOSTA AVENUE AND CITRUS AVENUE
ASUZA, CA 91702
(34.12873299795924419958, -117.89008502427078765451)",31,HISPANIC,N,N,Y,N,N,Y,N,,1,A-1,"FIREARM:  Suspect armed,  Firearm recovered",34.128732997959244,-117.890085024270788
1000416,NON-HIT SHOOTING INCIDENT,08/31/2012 11:33:00 PM,800 WEST MAPLE STREET,COMPTON,CA,90220,2811,"800 WEST MAPLE STREET
COMPTON, CA 90220
(33.901986, -118.238676)",27,BLACK,N,N,N,N,Y,N,N,,1,A-1,"FIREARM:  Suspect armed,  Firearm recovered",33.901986,-118.238676
1000421,HIT SHOOTING INCIDENT,10/24/2012 06:18:00 PM,1600 E SAN LUIS STREET,COMPTON,CA,90221,2826,"1600 E SAN LUIS STREET
COMPTON, CA 90221
(33.896898, -118.205425)",27,BLACK,N,Y,Y,N,Y,Y,N,,2,A-1,"FIREARM:  Suspect armed,  Firearm recovered",33.896898,-118.205425
1000483,HIT SHOOTING INCIDENT,04/07/2014 09:29:00 PM,900 PALM AVENUE,WEST HOLLYWOOD,CA,90069,0977,"900 PALM AVENUE
WEST HOLLYWOOD, CA 90069
(34.087659, -118.382901)",30,WHITE,N,N,N,Y,N,N,N,,3,B-4,"WEAPON - OTHER:  Perception shooting, Suspect actions and/or info suggest suspect was armed, Weapon not seen/not recovered",34.087659,-118.382901
1000349,HIT SHOOTING INCIDENT,04/05/2011 08:59:00 PM,800 E. 76TH PLACE,LOS ANGELES,CA,90001,2172,"800 E. 76TH PLACE
LOS ANGELES, CA 90001
(33.970271, -118.260616)",23,HISPANIC,N,Y,Y,N,Y,Y,N,,1,A-1,"FIREARM:  Suspect armed,  Firearm recovered",33.970271,-118.260616
1000514,NON-HIT SHOOTING INCIDENT,02/12/2015 12:23:00 AM,2000 EL MOLINO AVENUE,ALTADENA,CA,91001,0774,"2000 EL MOLINO AVENUE
ALTADENA, CA 91001
(34.180031, -118.13645)",18,BLACK,N,Y,N,N,N,N,N,,1,A-4,"FIREARM:  Perception shooting, Suspect actions and/or other info suggest suspect was armed, Firearm not seen/not recovered",34.180031,-118.13645
1000504,HIT SHOOTING INCIDENT,11/16/2014 02:39:00 AM,5300 EAST VERONA STREET,EAST LOS ANGELES,CA,90022,0286,"5300 EAST VERONA STREET
EAST LOS ANGELES, CA 90022
(34.018034, -118.156987)",57,HISPANIC,N,N,N,Y,N,N,Y,ALCOHOL,4,A-1,"FIREARM:  Suspect armed,  Firearm recovered",34.018034,-118.156987
1000339,HIT SHOOTING INCIDENT,02/11/2011 02:35:00 PM,EAST 60 FREEWAY AND SANTA ANITA AVENUE,SOUTH EL MONTE,CA,91773,0562,"EAST 60 FREEWAY AND SANTA ANITA AVENUE
SOUTH EL MONTE, CA 91773
(34.03984599003456984008, -118.05171500598513576515)",25,HISPANIC,N,N,Y,N,N,N,N,,1,A-2,"FIREARM:  Suspect armed,  Suspect fired at deputy",34.03984599003457,-118.051715005985136
1000434,HIT SHOOTING INCIDENT,04/10/2013 11:58:00 PM,3500 58TH STREET,LOS ANGELES,CA,90270,0250,"3500 58TH STREET
LOS ANGELES, CA 90270
(33.989961, -118.203349)",31,HISPANIC,N,Y,Y,N,Y,Y,N,,1,A-4,"FIREARM:  Perception shooting, Suspect actions and/or other info suggest suspect was armed, Firearm not seen/not recovered",33.989961,-118.203349
1000374,HIT SHOOTING INCIDENT,01/05/2012 02:47:00 PM,8100 CENTURY BLVD,PARAMOUNT,CA,90723,1365,"8100 CENTURY BLVD
PARAMOUNT, CA 90723
(33.909396, -118.158242)",28,HISPANIC,N,Y,Y,N,Y,Y,N,,1,A-1,"FIREARM:  Suspect armed,  Firearm recovered",33.909396,-118.158242
1000293,HIT SHOOTING INCIDENT,03/24/2010 12:14:00 AM,3900 DOBINSON STREET,LOS ANGELES,CA,90063,0272,"3900 DOBINSON STREET
LOS ANGELES, CA 90063
(34.048984, -118.18256)",31,HISPANIC,Y,N,Y,N,Y,N,Y,ALCOHOL,1,A-4,"FIREARM:  Perception shooting, Suspect actions and/or other info suggest suspect was armed, Firearm not seen/not recovered",34.048984,-118.18256
1000451,HIT SHOOTING INCIDENT,07/24/2013 11:38:00 PM,1300 SOUTH LONG BEACH BLVD,COMPTON,CA,90221,2844,"1300 SOUTH LONG BEACH BLVD
COMPTON, CA 90221
(33.884753, -118.20588)",42,HISPANIC,N,Y,N,Y,Y,N,Y,ALCOHOL,1,C-1,STRUGGLE OVER DEPUTY WEAPON:  Suspect attempted to disarm deputy,33.884753,-118.20588
1000386,HIT SHOOTING INCIDENT,02/26/2012 07:34:00 PM,16900 CEDARWOOD COURT,CERRITOS,CA,90703,1348,"16900 CEDARWOOD COURT
CERRITOS, CA 90703
(33.877673, -118.067065)",45,HISPANIC,N,Y,Y,N,Y,Y,Y,ALCOHOL,3,A-4,"FIREARM:  Perception shooting, Suspect actions and/or other info suggest suspect was armed, Firearm not seen/not recovered",33.877673,-118.067065
1000314,HIT SHOOTING INCIDENT,10/01/2010 12:45:00 PM,43200 18TH STREET WEST,LANCASTER,CA,93534,1126,"43200 18TH STREET WEST
LANCASTER, CA 93534
(34.66809, -118.163453)",27,HISPANIC,N,N,Y,N,N,N,,,2,A-1,"FIREARM:  Suspect armed,  Firearm recovered",34.66809,-118.163453
1000507,HIT SHOOTING INCIDENT,11/30/2014 01:00:00 AM,23900 MARBELLA AVE.,CARSON,CA,90745,1624,"23900 MARBELLA AVE.
CARSON, CA 90745
(33.808013, -118.270683)",19,HISPANIC,Y,Y,N,Y,N,N,Y,CNS STIMULANT,1,B-1,"WEAPON - OTHER:  Suspect armed, Weapon recovered",33.808013,-118.270683
1000431,HIT SHOOTING INCIDENT,01/10/2013 04:08:00 PM,HOLBROOK STREET AND  MORRILL AVENUE,WHITTIER,CA,90606,1575,"HOLBROOK STREET AND MORRILL AVENUE
WHITTIER, CA 90606
(33.98877699757225988157, -118.0665290074180462064)",16,HISPANIC,N,Y,N,Y,Y,N,Y,CNS STIMULANT,7,B-1,"WEAPON - OTHER:  Suspect armed, Weapon recovered",33.98877699757226,-118.066529007418046
1000347,HIT SHOOTING INCIDENT,03/26/2011 01:55:00 AM,200 SOUTH ROSEMEAD BOULEVARD,PASADENA,CA,91107,0590,"200 SOUTH ROSEMEAD BOULEVARD
PASADENA, CA 91107
(34.142774, -118.073242)",27,WHITE,N,Y,Y,N,Y,N,N,,1,D-1,NO SUSPECT FIREAM/OTHER WEAPON involved in the Incident,34.142774,-118.073242
1000353,HIT SHOOTING INCIDENT,05/25/2011 08:33:00 PM,11600 SOUTH CENTRAL AVENUE,LOS ANGELES,CA,90059,2131,"11600 SOUTH CENTRAL AVENUE
LOS ANGELES, CA 90059
(33.929468, -118.25428)",19,HISPANIC,N,Y,N,Y,Y,N,N,,1,A-3,"FIREARM:  Suspect may have been armed,  Deputy saw firearm but not recovered",33.929468,-118.25428
1000469,HIT SHOOTING INCIDENT,11/05/2013 10:10:00 AM,200 EAST SUNSET STREET,LONG BEACH,CA,90805,5199,"200 EAST SUNSET STREET
LONG BEACH, CA 90805
(33.849207, -118.191563)",38,HISPANIC,N,Y,Y,N,Y,N,N,,2,A-2,"FIREARM:  Suspect armed,  Suspect fired at deputy",33.849207,-118.191563
1000653,HIT SHOOTING INCIDENT,10/16/2015 01:18:00 AM,800 ASHCOMB DRIVE,LA PUENTE,CA,91744,1441,"800 ASHCOMB DRIVE
LA PUENTE, CA 91744
(34.032124, -117.916579)",25,HISPANIC,N,,N,Y,,,,,1,C-1,STRUGGLE OVER DEPUTY WEAPON:  Suspect attempted to disarm deputy,34.032124,-117.916579
1000315,NON-HIT SHOOTING INCIDENT,10/03/2010 01:13:00 AM,8200 SANTA MONICA BOULEVARD,WEST HOLLYWOOD,CA,90046,0975,"8200 SANTA MONICA BOULEVARD
WEST HOLLYWOOD, CA 90046
(34.09075, -118.367162)",21,BLACK,N,N,N,N,N,N,N,,1,A-4,"FIREARM:  Perception shooting, Suspect actions and/or other info suggest suspect was armed, Firearm not seen/not recovered",34.09075,-118.367162
1000412,HIT SHOOTING INCIDENT,08/16/2012 12:18:00 PM,1300 PALMER STREET,COMPTON,CA,90221,2824,"1300 PALMER STREET
COMPTON, CA 90221
(33.898364, -118.209512)",31,BLACK,N,N,Y,N,Y,N,N,,2,A-1,"FIREARM:  Suspect armed,  Firearm recovered",33.898364,-118.209512
1000685,NON-HIT SHOOTING INCIDENT,02/10/2016 11:53:00 AM,3600 EAST ELIZABETH STREET,COMPTON,CA,90221,2853,"3600 EAST ELIZABETH STREET
COMPTON, CA 90221
(33.888076, -118.20436)",35,BLACK,N,Y,,,,,,,1,A-1,"FIREARM:  Suspect armed,  Firearm recovered",33.888076,-118.20436
1000691,NON-HIT SHOOTING INCIDENT,02/19/2015 02:10:00 PM,15700 FOOTHILL BOULEVARD,AZUSA,CA,91702,8332,"15700 FOOTHILL BOULEVARD
AZUSA, CA 91702
(34.133448, -117.891295)",50,WHITE,N,Y,,,N,N,,,1,B-2,"WEAPON - OTHER:  Suspect armed, Suspect used weapon to assault deputy",34.133448,-117.891295
1000420,HIT SHOOTING INCIDENT,10/18/2012 01:04:00 AM,500 E. HARDY STREET,INGLEWOOD,CA,90301,0399,"500 E. HARDY STREET
INGLEWOOD, CA 90301
(33.949088, -118.349176)",27,HISPANIC,N,Y,N,Y,Y,N,N,,1,C-1,STRUGGLE OVER DEPUTY WEAPON:  Suspect attempted to disarm deputy,33.949088,-118.349176
1000417,HIT SHOOTING INCIDENT,09/08/2012 07:17:00 PM,2200 LONG BEACH BOULEVARD,COMPTON,CA,90221,2824,"2200 LONG BEACH BOULEVARD
COMPTON, CA 90221
(33.911105, -118.208963)",25,HISPANIC,N,Y,Y,N,Y,N,N,,1,D-1,NO SUSPECT FIREAM/OTHER WEAPON involved in the Incident,33.911105,-118.208963
1000404,HIT SHOOTING INCIDENT,01/21/2013 04:59:00 AM,98TH STREET AND HARVARD BL,LOS ANGELES,CA,90047,0374,"98TH STREET AND HARVARD BL
LOS ANGELES, CA 90047
(33.94679698972650721613, -118.30679698825920141203)",26,BLACK,N,Y,Y,N,Y,Y,N,,1,A-2,"FIREARM:  Suspect armed,  Suspect fired at deputy",33.946796989726507,-118.306796988259201
1000474,NON-HIT SHOOTING INCIDENT,01/21/2014 02:40:00 PM,300 MARGNOLIA STREET,COMPTON,CA,90220,2814,"300 MARGNOLIA STREET
COMPTON, CA 90220
(33.896936, -118.226488)",19,HISPANIC,N,N,N,N,N,N,N,,1,A-1,"FIREARM:  Suspect armed,  Firearm recovered",33.896936,-118.226488
1000316,NON-HIT SHOOTING INCIDENT,08/20/2010 10:30:00 PM,25300 CHIQUELLA LANE,STEVENSON RANCH,CA,91381,0623,"25300 CHIQUELLA LANE
STEVENSON RANCH, CA 91381
(34.378042, -118.566563)",49,WHITE,N,N,N,N,N,N,N,,1,D-1,NO SUSPECT FIREAM/OTHER WEAPON involved in the Incident,34.378042,-118.566563
1000421,HIT SHOOTING INCIDENT,10/24/2012 06:18:00 PM,1600 E SAN LUIS STREET,COMPTON,CA,90221,2826,"1600 E SAN LUIS STREET
COMPTON, CA 90221
(33.896898, -118.205425)",24,BLACK,N,Y,Y,N,N,Y,N,,2,A-1,"FIREARM:  Suspect armed,  Firearm recovered",33.896898,-118.205425
1000468,HIT SHOOTING INCIDENT,11/01/2013 03:03:00 AM,7400 JACKSON STREET,PARAMOUNT,CA,90723,1368,"7400 JACKSON STREET
PARAMOUNT, CA 90723
(33.885488, -118.169069)",27,HISPANIC,N,Y,N,Y,Y,Y,N,,3,A-1,"FIREARM:  Suspect armed,  Firearm recovered",33.885488,-118.169069
1000409,NON-HIT SHOOTING INCIDENT,07/22/2012 09:54:00 PM,BARING CROSS STREET AND CENTURY BLVD,LOS ANGELES,CA,90047,0370,"BARING CROSS STREET AND CENTURY BLVD
LOS ANGELES, CA 90047
(33.94550098277081505594, -118.2893480040335591002)",22,BLACK,N,N,N,N,,,N,,1,A-1,"FIREARM:  Suspect armed,  Firearm recovered",33.945500982770815,-118.289348004033559
1000354,HIT SHOOTING INCIDENT,06/22/2011 04:30:00 AM,1300 MATEO STREET,LOS ANGELES,CA,90021,2199,"1300 MATEO STREET
LOS ANGELES, CA 90021
(34.028682, -118.232214)",43,UNKNOWN,N,N,Y,N,N,N,N,,1,D-1,NO SUSPECT FIREAM/OTHER WEAPON involved in the Incident,34.028682,-118.232214
1000677,HIT SHOOTING INCIDENT,01/04/2016 09:00:00 PM,15800 S. TARRANT AVENUE,COMPTON,CA,90220,2873,"15800 S. TARRANT AVENUE
COMPTON, CA 90220
(33.887127, -118.262318)",31,BLACK,N,N,Y,N,,,,,1,A-3,"FIREARM:  Suspect may have been armed,  Deputy saw firearm but not recovered",33.887127,-118.262318
1000531,HIT SHOOTING INCIDENT,07/06/2015 10:45:00 AM,5500 ADENMOOR AVENUE,LAKEWOOD,CA,90713,1321,"5500 ADENMOOR AVENUE
LAKEWOOD, CA 90713
(33.856293, -118.124029)",29,WHITE,Y,N,N,Y,N,N,N,,4,B-2,"WEAPON - OTHER:  Suspect armed, Suspect used weapon to assault deputy",33.856293,-118.124029
1000416,NON-HIT SHOOTING INCIDENT,08/31/2012 11:33:00 PM,800 WEST MAPLE STREET,COMPTON,CA,90220,2811,"800 WEST MAPLE STREET
COMPTON, CA 90220
(33.901986, -118.238676)",35,BLACK,N,N,N,N,,,N,,1,A-1,"FIREARM:  Suspect armed,  Firearm recovered",33.901986,-118.238676
1000659,HIT SHOOTING INCIDENT,12/12/2015 10:59:00 AM,12100 LONG BEACH BOULEVARD,LYNWOOD,CA,90262,2116,"12100 LONG BEACH BOULEVARD
LYNWOOD, CA 90262
(33.917008, -118.209419)",28,BLACK,N,Y,N,Y,,,,,2,A-1,"FIREARM:  Suspect armed,  Firearm recovered",33.917008,-118.209419
1000385,HIT SHOOTING INCIDENT,02/21/2012 12:25:00 AM,16600 PARAMOUNT BLVD,PARAMOUNT,CA,90723,1367,"16600 PARAMOUNT BLVD
PARAMOUNT, CA 90723
(33.883274, -118.159964)",22,WHITE,N,N,N,Y,Y,N,N,,1,C-1,STRUGGLE OVER DEPUTY WEAPON:  Suspect attempted to disarm deputy,33.883274,-118.159964
1000511,NON-HIT SHOOTING INCIDENT,01/18/2015 02:07:00 AM,PENNSYLVANIA AVENUE AND 246TH PLACE,LOMITA,CA,90717,1711,"PENNSYLVANIA AVENUE AND 246TH PLACE
LOMITA, CA 90717
(33.80162718333325718541, -118.32536386197713615702)",31,HISPANIC,Y,Y,N,N,N,N,Y,CNS DEPRESSANT,2,B-2,"WEAPON - OTHER:  Suspect armed, Suspect used weapon to assault deputy",33.801627183333257,-118.325363861977136
1000376,HIT SHOOTING INCIDENT,12/27/2011 06:43:00 PM,29300 GOLDEN MEADOW DR,RANCHO PALOS VERDES,CA,90275,1735,"29300 GOLDEN MEADOW DR
RANCHO PALOS VERDES, CA 90275
(33.76871, -118.403184)",48,WHITE,Y,Y,N,Y,Y,N,N,,2,A-4,"FIREARM:  Perception shooting, Suspect actions and/or other info suggest suspect was armed, Firearm not seen/not recovered",33.76871,-118.403184
1000315,NON-HIT SHOOTING INCIDENT,10/03/2010 01:13:00 AM,8200 SANTA MONICA BOULEVARD,WEST HOLLYWOOD,CA,90046,0975,"8200 SANTA MONICA BOULEVARD
WEST HOLLYWOOD, CA 90046
(34.09075, -118.367162)",17,BLACK,N,N,N,N,N,N,N,,1,A-4,"FIREARM:  Perception shooting, Suspect actions and/or other info suggest suspect was armed, Firearm not seen/not recovered",34.09075,-118.367162
1000298,NON-HIT SHOOTING INCIDENT,05/10/2010 04:42:00 AM,5800 LAKEWOOD BOULEVARD,LAKEWOOD,CA,90712,1322,"5800 LAKEWOOD BOULEVARD
LAKEWOOD, CA 90712
(33.860311, -118.142409)",,HISPANIC,N,N,N,N,,,N,,1,A-3,"FIREARM:  Suspect may have been armed,  Deputy saw firearm but not recovered",33.860311,-118.142409
1000362,HIT SHOOTING INCIDENT,10/05/2011 10:50:00 PM,12900 GLENDA STREET,CERRITOS,CA,90703,2316,"12900 GLENDA STREET
CERRITOS, CA 90703
(33.872686, -118.057597)",26,BLACK,N,Y,Y,N,N,N,N,,1,C-1,STRUGGLE OVER DEPUTY WEAPON:  Suspect attempted to disarm deputy,33.872686,-118.057597
1000294,NON-HIT SHOOTING INCIDENT,04/02/2010 09:50:00 PM,800 S. MAYO STREET,COMPTON,CA,90221,2843,"800 S. MAYO STREET
COMPTON, CA 90221
(33.889609, -118.212193)",23,HISPANIC,N,N,N,N,,,Y,ALCOHOL,1,A-3,"FIREARM:  Suspect may have been armed,  Deputy saw firearm but not recovered",33.889609,-118.212193
1000518,HIT SHOOTING INCIDENT,03/13/2015 05:25:00 PM,900 WEST 43RD STREET,LOS ANGELES,CA,90037,0371,"900 WEST 43RD STREET
LOS ANGELES, CA 90037
(34.00549, -118.289087)",26,HISPANIC,N,Y,Y,N,Y,N,Y,OTHER/UNKNOWN,3,A-2,"FIREARM:  Suspect armed,  Suspect fired at deputy",34.00549,-118.289087
1000503,NON-HIT SHOOTING INCIDENT,02/02/2015 08:46:00 AM,OAKRIVER LANE AND  OAKHURST DRIVE,NEWHALL,CA,91321,0664,"OAKRIVER LANE AND OAKHURST DRIVE
NEWHALL, CA 91321
(34.37005299460936267905, -118.5081559767911472409)",30,WHITE,N,Y,N,N,Y,Y,N,,1,B-2,"WEAPON - OTHER:  Suspect armed, Suspect used weapon to assault deputy",34.370052994609363,-118.508155976791147
1000425,HIT SHOOTING INCIDENT,11/09/2012 10:12:00 AM,45900 DESERT SPRINGS ROAD,LANCASTER,CA,93534,0641,"45900 DESERT SPRINGS ROAD
LANCASTER, CA 93534
(34.716759, -118.147769)",60,WHITE,N,N,N,Y,N,N,N,,11,A-2,"FIREARM:  Suspect armed,  Suspect fired at deputy",34.716759,-118.147769
1000301,NON-HIT SHOOTING INCIDENT,06/05/2010 02:41:00 AM,4200 E. UNION PACIFIC AVE.,EAST LOS ANGELES,CA,90023,0278,"4200 E. UNION PACIFIC AVE.
EAST LOS ANGELES, CA 90023
(34.016546, -118.183704)",25,HISPANIC,N,N,N,N,N,Y,Y,ALCOHOL,1,B-2,"WEAPON - OTHER:  Suspect armed, Suspect used weapon to assault deputy",34.016546,-118.183704
